creator,Module Name,Type of Module,License,schematic?,layout,components,link,notes,prototype,Panel,photo,build guide
,,,,x | n/a,kicad | eagle,THT | SMD,,,X | ?,NHP · kicad | eagle | easyeda | gerbers | svg | dxf | ai | pdf | fpd | 3D,links,links
Rene Schmitz,YASH,S&H,,x,n/a,n/a,https://www.schmitzbits.de/sah.html,See alt. versions from Divergent Waves or Eddy Bergman,,,,
Rene Schmitz + Divergent Waves,YASH (modified),S&H,CC BY-NC-SA 4.0,,kicad ,THT,https://github.com/tpcarlson/synth-diy/tree/main/yash,,,HP ? · kicad,https://github.com/tpcarlson/synth-diy/blob/main/yash/images/yash-board.png,
Rene Schmitz + Eddy Bergman,YASH (modified),S&H,,x,stipboard,THT,https://www.eddybergman.com/2023/03/revisedsampleandhold.html,,,,,
m0xpd,Sample and Hold,S&H,,x,eagle,THT,https://github.com/m0xpd/sample-and-hold/tree/main/PCB,,,,,
YuSynth,,S&H,,x,,,https://yusynth.net/Modular/EN/NOISE/index.html,,,,,
YuSynth + thismatters,SampleHold,S&H,,x,kidcad,SMD,https://github.com/thismatters/EurorackSampleHold,based on YuSynth design,,,,
Mutable Instruments,Kinks,S&H / Noise / Rectifier / Logic,,x,eagle,SMD,,,,,,
Mutable Instruments + Karltron ,Crimps,S&H / Noise / Rectifier / Logic,,x,kicad,SMD,https://github.com/kstammits/crimps,,,,,
Voxmachina,Cha Cha,VC LFO,,x,easyEDA + gerbers,THT,https://github.com/musicdevghost/eurorack/tree/main/Cha%20Cha%20-%20VCLFO,,,6HP · gerbers,,
Voxmachina,Kra Pao,Resonant low pass gate,,x,easyEDA + gerbers,THT,https://github.com/musicdevghost/eurorack/tree/main/KRA%20PAO%20-%20RESONANT%20LOW%20PASS%20GATE,,,12HP · gerbers,https://github.com/musicdevghost/eurorack/blob/main/KRA%20PAO%20-%20RESONANT%20LOW%20PASS%20GATE/Images/IMG_4884.png https://github.com/musicdevghost/eurorack/blob/main/KRA%20PAO%20-%20RESONANT%20LOW%20PASS%20GATE/Images/IMG_4885.png https://github.com/musicdevghost/eurorack/blob/main/KRA%20PAO%20-%20RESONANT%20LOW%20PASS%20GATE/Images/IMG_4886.png https://github.com/musicdevghost/eurorack/blob/main/KRA%20PAO%20-%20RESONANT%20LOW%20PASS%20GATE/Images/IMG_4887.png https://github.com/musicdevghost/eurorack/blob/main/KRA%20PAO%20-%20RESONANT%20LOW%20PASS%20GATE/Images/IMG_4888.png,
Voxmachina,Leo Leo,sequencer,,x,easyEDA + gerbers,THT,https://github.com/musicdevghost/eurorack/tree/main/LEO%20LEO%20-%20MATRIX%20STAGE%20PROGRAMMER,,,42HP · gerbers,https://github.com/musicdevghost/eurorack/blob/main/LEO%20LEO%20-%20MATRIX%20STAGE%20PROGRAMMER/Images/leo_leo_profile.jpg,https://github.com/musicdevghost/eurorack/blob/main/LEO%20LEO%20-%20MATRIX%20STAGE%20PROGRAMMER/Build%20Instructions.pdf
Voxmachina,Mak Mak,VCA (quad),,x,easyEDA + gerbers,THT,https://github.com/musicdevghost/eurorack/tree/main/Mak%20Mak%20-%20QUAD%20VCA-ATT-MIXER,,,12HP · gerbers,,
Voxmachina,Sigma,function generaor,,x,easyEDA + gerbers,THT,https://github.com/musicdevghost/eurorack/tree/main/Sigma%20-%20Function%20Generator,,,8HP · gerbers,,
Voxmachina,Tom Yum,VCO,,x,easyEDA + gerbers,THT,https://github.com/musicdevghost/eurorack/tree/main/TOM%20YUM%20-%20VCO,,,12HP · gerbers,https://github.com/musicdevghost/eurorack/blob/main/TOM%20YUM%20-%20VCO/Images/IMG_4873.png https://github.com/musicdevghost/eurorack/blob/main/TOM%20YUM%20-%20VCO/Images/IMG_4874.png https://github.com/musicdevghost/eurorack/blob/main/TOM%20YUM%20-%20VCO/Images/IMG_4875.png https://github.com/musicdevghost/eurorack/blob/main/TOM%20YUM%20-%20VCO/Images/IMG_4876.png https://github.com/musicdevghost/eurorack/blob/main/TOM%20YUM%20-%20VCO/Images/IMG_4877.png https://github.com/musicdevghost/eurorack/blob/main/TOM%20YUM%20-%20VCO/Images/IMG_4878.png,
Skull & Circuits,VCF-1,VCF (vactrol),,x,n/a,THT,https://www.skullandcircuits.com/shop/sc-vcf1-p-vcf-1-diy-135,See alt. versions from suessspeise or Eddy Bergman,,,,
"Skull & Circuits + suessspeise
",VCF-1 (modified),VCF (vactrol),,x,protoboard,THT,https://github.com/suessspeise/sdiy/blob/main/pdf/skull_vcf-1.pdf,,,,,
Skull & Circuits + Eddy Bergman,VCF-1 (modified),VCF (vactrol),,x,stripboard,THT,https://www.eddybergman.com/2021/07/synthesizer-build-part-43-vactrol-vcf-1.html,,,,,
York Modular,Vac LPG,LPG (vactrol/passive),,x,n/a,THT,https://github.com/yorkmodular/vaclpg-rev2/tree/main,,,,,
York Modular,Opto3.5,LPG (vactrol/passive),,x,n/a,THT,https://github.com/yorkmodular/opto3.5,,,,,
m0xpd,Flip,Bernoulli Gate,Creative Commons CC BY-SA 4.0,x,kicad + stripboard ,THT,https://github.com/m0xpd/FLIP,,,6HP · kicad,https://github.com/m0xpd/FLIP/blob/main/Eurorack/Front%20Panel/Files/Flip%20Front%20Panel.jpg https://github.com/m0xpd/FLIP/blob/main/Eurorack/Main%20Board/Files/Flip%20Main%20Board%20Unpopulated.jpg https://github.com/m0xpd/FLIP/blob/main/Eurorack/Main%20Board/Files/Flip%20Main%20Board.jpg,
m0xpd,Encore!, PT2399 delay,Creative Commons BY-SA 4.0,x,eagle,THT,https://github.com/m0xpd/encore,,,12HP · kicad,,
thismatters,GateDelay,gate delay,,x,kicad,SMD,https://github.com/thismatters/EurorackGateDelay,based on Yusynth Gate Delay ,,,,
j. haible,ASR,Analog Shift Register,,x,n/a,n/a,http://jhaible.com/legacy/tonline_stuff/jhasr.gif,,,,,
NLC,Squid Axon,Analog Shift Register,,x,commercially available,SMD,https://www.nonlinearcircuits.com/modules/p/squid-axon,,,,,
Voxmachina,Su Su,power supply,MIT,https://github.com/musicdevghost/eurorack/blob/main/SU%20SU%20-%20POWER%20SUPPLY/Schematics/schematic.pdf,easyEDA + gerbers,,https://github.com/musicdevghost/eurorack/tree/main/SU%20SU%20-%20POWER%20SUPPLY,,,,,
Mutable Instruments + Karltron,Jinx,S&H / Noise / Rectifier / Logic,CC BY-SA,x,kicad,SMD,https://github.com/kstammits/crimps/tree/main/Jinx,Kinks clone rebuilt in KiCad at 0805; see also Crimps in same repo,,,,
dchwebb,Addatone,Additive Oscillator,,https://github.com/dchwebb/Addatone/blob/master/Hardware/Components_v2.pdf,kicad,SMD,https://github.com/dchwebb/Addatone,,,12HP · kicad + gerbers + pdf,https://github.com/dchwebb/Addatone/blob/master/pictures/addatone_back.png https://github.com/dchwebb/Addatone/blob/master/pictures/addatone_front.png,
Polykit,VCA-8,VCA (8-channel),,https://github.com/polykit/vca-8/blob/master/polykit-vca-8.pdf,kicad,THT,https://github.com/polykit/vca-8,based on YuSynth VCA and Kassutronics VCA designs,,,https://github.com/polykit/vca-8/blob/master/polykit-vca-8-pcb.png,
Fihdi,MiniDrumkit,drum (kick / hi-hat / sample player),MIT,x,kicad,SMD,https://github.com/Fihdi/MiniDrumkit/tree/main/MiniDrumkit2,,,,,
poetaster,Noodle,sequencer (CMOS),GPL,https://github.com/poetaster/noodle/blob/main/noodle_schem.jpg,fritzing + gerbers + breadboard,THT,https://github.com/poetaster/noodle,,,,https://github.com/poetaster/noodle/blob/main/noodle-top_pcb.jpg https://github.com/poetaster/noodle/blob/main/noodle_bb.jpg https://github.com/poetaster/noodle/blob/main/noodle_pcb.jpg,
Rob Hordijk + KittenVillage,Benjolin (modified),Benjolin,CC BY-NC 4.0,https://github.com/KittenVillage/Benjolin/blob/master/benjolin_1.6.pdf,eagle,SMD,https://github.com/KittenVillage/Benjolin,,,HP ? · eagle + gerbers,https://github.com/KittenVillage/Benjolin/blob/master/568-modular_benjolin.jpg https://github.com/KittenVillage/Benjolin/blob/master/569-modular_benjolin.jpg,
Mutable Instruments + kweiwen,Links (modified),buffered multiple / precision adder,,https://github.com/kweiwen/thinks/blob/master/hardware/schematic/001.png,eagle,THT,https://github.com/kweiwen/thinks,,,,,
508-loop-detected,Precision Adder,precision adder,CC BY-NC-SA 4.0,https://github.com/508-loop-detected/precision-adder/blob/main/Schematic_precision-adder-final-v2.2.pdf,gerbers,both,https://github.com/508-loop-detected/precision-adder,,,4HP · gerbers,https://github.com/508-loop-detected/precision-adder/blob/main/adder-front.JPG https://github.com/508-loop-detected/precision-adder/blob/main/adder-side.JPG,
Testbild-synth,Krach HP,headphone output (passive),,https://github.com/Testbild-synth/headphone/blob/main/schematic.pdf,kicad + easyEDA,THT,https://github.com/Testbild-synth/headphone,"Commissioned for ""Krach der Roboter""",,3HP · kicad + gerbers + svg,,
Winterbloom,Castor & Pollux,"VCO (dual, Juno-inspired)",CERN-OHL-P v2 (hardware) / CC BY-SA 4.0 (panel) / MIT (firmware),https://github.com/wntrblm/Castor_and_Pollux/blob/main/hardware/mainboard/mainboard.pdf,kicad,SMD,https://github.com/wntrblm/Castor_and_Pollux,"expander board: hardware/expander (+ hardware/expander-faceplate) - part of this module (d, 2026-09-26)",,,,https://github.com/wntrblm/Castor_and_Pollux/blob/main/user_guide/docs/build.md https://github.com/wntrblm/Castor_and_Pollux/tree/main/user_guide/docs/images/kit
Music Thing Modular,Workshop Computer,programmable CV / audio platform,MIT,https://github.com/TomWhitwell/Workshop_Computer/blob/main/documentation/computer_Rev_1_0_0_Schematic.pdf,,,https://github.com/TomWhitwell/Workshop_Computer,,,HP ? · svg,,https://github.com/TomWhitwell/Workshop_Computer/blob/main/releases/43_Castle_Process/instructions.txt https://github.com/TomWhitwell/Workshop_Computer/blob/main/releases/74_Wild_Pebble/instructions.txt
monome,Ansible,sequencer / CV interface (grid-controlled),CC BY-SA 3.0,x,eagle,SMD,https://github.com/monome/ansible-hardware,includes the runes board (runes.brd),,,https://github.com/monome/ansible-hardware/blob/main/ansible.jpg,
Erica Synths,BBD Delay/Flanger,BBD delay / flanger (V3205),CC BY-SA 3.0,x,gerbers,THT,https://github.com/erica-synths/diy-eurorack/blob/master/BBD%20DIY.zip,,,,,
Erica Synths,Bassline,synth voice (acid bassline),CC BY-SA 3.0,x,gerbers,THT,https://github.com/erica-synths/diy-eurorack/blob/master/Bassline%20DIY.zip,,,,,
Erica Synths,Delay,"delay (tape / digital, tap tempo)","CC BY-SA 3.0 (PCBs, panel) / proprietary (DSP MCU board)",x,gerbers,THT,https://github.com/erica-synths/diy-eurorack/blob/master/Delay%20DIY.zip,requires the proprietary Erica Synths DIY Delay MCU board: https://www.ericasynths.lv/diy-delay-mcu-board-355/,,,,
Erica Synths,Dual VCA,VCA (dual),CC BY-SA 3.0,x,gerbers,THT,https://github.com/erica-synths/diy-eurorack/blob/master/Dual%20VCA%20DIY.zip,based on Polivoks design,,,,
Erica Synths,Envelope,EG (looping),CC BY-SA 3.0,x,gerbers,THT,https://github.com/erica-synths/diy-eurorack/blob/master/Envelope%20DIY.zip,based on Polivoks design,,,,
Erica Synths,MIDI-CV,MIDI-CV (dual),CC BY-SA 3.0,x,gerbers,THT,https://github.com/erica-synths/diy-eurorack/blob/master/Midi-CV%20DIY.zip,based on Polivoks design,,,,
Erica Synths,Mixer,mixer (3-ch audio),CC BY-SA 3.0,x,gerbers,THT,https://github.com/erica-synths/diy-eurorack/blob/master/Mixer%20DIY.zip,,,,,
Erica Synths,Modulator,LFO / Noise / S&H,CC BY-SA 3.0,x,gerbers,THT,https://github.com/erica-synths/diy-eurorack/blob/master/Modulator%20DIY.zip,based on Polivoks design,,,,
Erica Synths,Output,output / headphone amp,CC BY-SA 3.0,x,gerbers,both,https://github.com/erica-synths/diy-eurorack/blob/master/Output%20DIY.zip,,,,,
Erica Synths,Polivoks VCF,VCF,CC BY-SA 3.0,x,gerbers,THT,https://github.com/erica-synths/diy-eurorack/blob/master/Polivoks%20VCF%20DIY.zip,based on Polivoks design,,,,
Erica Synths,Swamp,random voltage (Wogglebug-style),CC BY-SA 3.0,x,gerbers,,https://github.com/erica-synths/diy-eurorack/blob/master/Swamp%20DIY.zip,based on Wogglebug design,,,,
Erica Synths,VCO3,VCO,CC BY-SA 3.0,x,gerbers,THT,https://github.com/erica-synths/diy-eurorack/blob/master/VCO3%20DIY.zip,based on Polivoks design,,,,
bpcmusic,TXb (TELEXb),"i2c bus board (powered, Teletype)",CC BY-SA 4.0,x,eagle + gerbers,SMD,https://github.com/bpcmusic/TXb,,,2HP · gerbers + svg + ai + pdf,https://github.com/bpcmusic/TXb/blob/master/board/images/TELEXb.v1.2.png,https://github.com/bpcmusic/TXb/blob/master/extras/instructions.docx
Nic Newdigate,teensy eurorack audio shield,audio platform (Teensy 4.1),MIT,https://github.com/newdigate/teensy-eurorack/blob/master/hardware/docs/teensy-eurorack.pdf,kicad + gerbers,both,https://github.com/newdigate/teensy-eurorack/tree/master/hardware,firmware: https://github.com/newdigate/teensy-eurorack-software,,24HP · svg + fpd + 3D,https://github.com/newdigate/teensy-eurorack/blob/master/hardware/images/boards/breakout-bottom.png https://github.com/newdigate/teensy-eurorack/blob/master/hardware/images/boards/breakout-top.png https://github.com/newdigate/teensy-eurorack/blob/master/hardware/images/boards/mainboard-bottom.png https://github.com/newdigate/teensy-eurorack/blob/master/hardware/images/st7735.jpg,
spherical-sound-society,Vortex Generator,"function generator (dual, shift register)","open source, no licence named (firmware) / closed source (hardware, per README)",https://github.com/spherical-sound-society/vortex-generator/blob/master/Schematics_VortexGen_Rev2.02.pdf,commercially available,THT,https://github.com/spherical-sound-society/vortex-generator,"See alt. version Rev 3.0 SMD (build guide only, no schematic)",,,,https://github.com/spherical-sound-society/vortex-generator/blob/master/Rev%203.0-SMD-Build_Guide.pdf
Sam Kent,Modular Mixer,"mixer (stereo DJ, isolator + main channels)",MIT,x,kicad,SMD,https://github.com/samjkent/modular-mixer,,,,https://github.com/samjkent/modular-mixer/blob/main/images/0402-soldered.jpg https://github.com/samjkent/modular-mixer/blob/main/images/0402.jpg https://github.com/samjkent/modular-mixer/blob/main/images/additional-resistors.png https://github.com/samjkent/modular-mixer/blob/main/images/blown-transistor.jpg https://github.com/samjkent/modular-mixer/blob/main/images/bodge-vdd.jpg https://github.com/samjkent/modular-mixer/blob/main/images/mixer.jpg https://github.com/samjkent/modular-mixer/blob/main/images/mixer.png https://github.com/samjkent/modular-mixer/blob/main/images/plcc.jpg https://github.com/samjkent/modular-mixer/blob/main/images/psu.jpg https://github.com/samjkent/modular-mixer/blob/main/images/short-pcb.jpg,
WiggisModular,PSU 1A,power supply (1A),,https://github.com/WiggisModular/mmc/blob/master/psu/eurorack1A/psu.pdf,kicad,THT,https://github.com/WiggisModular/mmc/tree/master/psu/eurorack1A,,,,,
WiggisModular,PSU 1A (SMD),power supply (1A),,https://github.com/WiggisModular/mmc/blob/master/psu/eurorack1A_SMD/psu1A_smd.pdf,kicad,SMD,https://github.com/WiggisModular/mmc/tree/master/psu/eurorack1A_SMD,,,,,
Rebel Technology,Mix 01,"mixer (4 in / 2 out matrix, headphone out)",GPL v2,https://github.com/pingdynasty/Mix/blob/master/hardware/LinearMixerRev04-schematic.pdf,,SMD,https://github.com/pingdynasty/Mix#mix-01,,,,,
Rebel Technology,Mix 02,"mixer (4 in / 2 out panning, headphone out)",GPL v2,https://github.com/pingdynasty/Mix/blob/master/hardware/DualPanningMixerRev02-schematic.pdf,,SMD,https://github.com/pingdynasty/Mix#mix-02,,,,,
Rebel Technology,Mix 03,"mixer (4 in mono, audio / CV)",GPL v2,https://github.com/pingdynasty/Mix/blob/master/hardware/MonoMixerRev02-schematic.pdf,,SMD,https://github.com/pingdynasty/Mix#mix-03,,,,,
Rebel Technology,Mix 04,"VCA (4 x 4 matrix, 16 VCAs)",GPL v2,https://github.com/pingdynasty/Mix/blob/master/hardware/VCAMatrixRev04-schematic-p1.pdf,,SMD,https://github.com/pingdynasty/Mix#mix-04,,,,,
Joranalogue Audio Design,Test 3,utility (V / mA meter),"CC BY-SA 4.0 (BOM, schematic) / GPL v3 (firmware)",https://github.com/joranvg/test-3/blob/master/hardware/test-3-pcb.pdf,,SMD,https://github.com/joranvg/test-3,,,,https://github.com/joranvg/test-3/blob/master/images/programmer1.jpg https://github.com/joranvg/test-3/blob/master/images/programmer2.jpg https://github.com/joranvg/test-3/blob/master/images/test-3-pcb-small.png,
BruteClaw,ADSR Envelope (SMD),EG (ADSR),GPL v3,https://github.com/BruteClaw/Analog-Synth/blob/main/Surface%20Mount%20Designes/ADSR_Envelope/Schematic.pdf,kicad + gerbers,SMD,https://github.com/BruteClaw/Analog-Synth/tree/main/Surface%20Mount%20Designes/ADSR_Envelope,See alt. version: Through Hole Designs/ADSR_Envelope_THT,X,,,
BruteClaw,LFO (SMD),LFO,GPL v3,https://github.com/BruteClaw/Analog-Synth/blob/main/Surface%20Mount%20Designes/LFO/Schematic.pdf,kicad + gerbers,SMD,https://github.com/BruteClaw/Analog-Synth/tree/main/Surface%20Mount%20Designes/LFO,See alt. version: Through Hole Designs/LFO_THT,X,,,
BruteClaw,Noise Generator (SMD),noise,GPL v3,https://github.com/BruteClaw/Analog-Synth/blob/main/Surface%20Mount%20Designes/Noise_Gen/Schematic.pdf,kicad + gerbers,SMD,https://github.com/BruteClaw/Analog-Synth/tree/main/Surface%20Mount%20Designes/Noise_Gen,See alt. version: Through Hole Designs/Noise_Gen_THT,X,,,
BruteClaw,Notch Filter (SMD),filter (notch),GPL v3,https://github.com/BruteClaw/Analog-Synth/blob/main/Surface%20Mount%20Designes/Notch_Filter/Schematic.pdf,kicad + gerbers,SMD,https://github.com/BruteClaw/Analog-Synth/tree/main/Surface%20Mount%20Designes/Notch_Filter,See alt. version: Through Hole Designs/Notch_Filter_THT,X,,,
BruteClaw,VCF (SMD),VCF,GPL v3,https://github.com/BruteClaw/Analog-Synth/blob/main/Surface%20Mount%20Designes/VCF/Schematic.pdf,kicad + gerbers,SMD,https://github.com/BruteClaw/Analog-Synth/tree/main/Surface%20Mount%20Designes/VCF,See alt. version: Through Hole Designs/VCF_THT,X,,,
BruteClaw,ADSR Envelope (THT),EG (ADSR),GPL v3,https://github.com/BruteClaw/Analog-Synth/blob/main/Through%20Hole%20Designs/ADSR_Envelope_THT/Schematic.pdf,kicad + gerbers,THT,https://github.com/BruteClaw/Analog-Synth/tree/main/Through%20Hole%20Designs/ADSR_Envelope_THT,See alt. version: Surface Mount Designes/ADSR_Envelope,X,,,
BruteClaw,LFO (THT),LFO,GPL v3,https://github.com/BruteClaw/Analog-Synth/blob/main/Through%20Hole%20Designs/LFO_THT/Schematic.pdf,kicad + gerbers,THT,https://github.com/BruteClaw/Analog-Synth/tree/main/Through%20Hole%20Designs/LFO_THT,See alt. version: Surface Mount Designes/LFO,X,,,
BruteClaw,Noise Generator (THT),noise,GPL v3,https://github.com/BruteClaw/Analog-Synth/blob/main/Through%20Hole%20Designs/Noise_Gen_THT/Schematic.pdf,kicad + gerbers,THT,https://github.com/BruteClaw/Analog-Synth/tree/main/Through%20Hole%20Designs/Noise_Gen_THT,See alt. version: Surface Mount Designes/Noise_Gen,X,,,
BruteClaw,Notch Filter (THT),filter (notch),GPL v3,https://github.com/BruteClaw/Analog-Synth/blob/main/Through%20Hole%20Designs/Notch_Filter_THT/Schematic.pdf,kicad + gerbers,THT,https://github.com/BruteClaw/Analog-Synth/tree/main/Through%20Hole%20Designs/Notch_Filter_THT,See alt. version: Surface Mount Designes/Notch_Filter,X,,,
BruteClaw,VCF (THT),VCF,GPL v3,https://github.com/BruteClaw/Analog-Synth/blob/main/Through%20Hole%20Designs/VCF_THT/Schematic.pdf,kicad + gerbers,THT,https://github.com/BruteClaw/Analog-Synth/tree/main/Through%20Hole%20Designs/VCF_THT,See alt. version: Surface Mount Designes/VCF,X,,,
Thomas Henry + spielhuus,4046 (modified),"VCO (CMOS, CD4046)",,x,kicad,THT,https://github.com/spielhuus/elektrophon/tree/master/src/4046,,,HP ? · kicad,,
Serge + spielhuus,VCS (modified),function generator (Serge VCS),,x,kicad,THT,https://github.com/spielhuus/elektrophon/tree/master/src/VCS,based on Ken Stone CGS75 design,,HP ? · kicad,,
René Schmitz + spielhuus,ADSR (modified),EG (ADSR),,x,kicad,THT,https://github.com/spielhuus/elektrophon/tree/master/src/adsr,,,8HP · kicad,,
Thomas Henry + spielhuus,Bass++ (modified),drum (bass),,x,kicad,THT,https://github.com/spielhuus/elektrophon/tree/master/src/basspp,,,HP ? · kicad,,
Moog + spielhuus,CP3 (modified),mixer (Moog CP3-style),,x,kicad,SMD,https://github.com/spielhuus/elektrophon/tree/master/src/cp3,,?,8HP · kicad,,
spielhuus,Digital,DCO,,x,kicad,,https://github.com/spielhuus/elektrophon/tree/master/src/digital,,,12HP · kicad,,
spielhuus,Echo,PT2399 delay,,x,kicad,THT,https://github.com/spielhuus/elektrophon/tree/master/src/echo,,?,HP ? · kicad,,
Serge + spielhuus,Resonant Equalizer (modified),resonant equalizer (Serge),,x,kicad,both,https://github.com/spielhuus/elektrophon/tree/master/src/equalizer,based on Ken Stone (CGS) design,,12HP · kicad,,
spielhuus,Funktion,EG,,x,kicad,,https://github.com/spielhuus/elektrophon/tree/master/src/funktion,,?,8HP · kicad,,
spielhuus,Hall,spring reverb,,x,kicad,both,https://github.com/spielhuus/elektrophon/tree/master/src/hall,,,8HP · kicad,,
Avalon Harmonics,AxB,"multiplier (4-quadrant, AD633)",CC BY-SA 4.0,https://github.com/Thorinair/Avalon-Harmonics/blob/master/Modules/AxB/AxB_Schematic.pdf,kicad,both,https://github.com/Thorinair/Avalon-Harmonics/tree/master/Modules/AxB,,,3HP · kicad,https://github.com/Thorinair/Avalon-Harmonics/blob/master/Modules/AxB/assembled/AxB_Assembled_Front_B.jpg https://github.com/Thorinair/Avalon-Harmonics/blob/master/Modules/AxB/assembled/AxB_Assembled_Front_F.jpg https://github.com/Thorinair/Avalon-Harmonics/blob/master/Modules/AxB/assembled/AxB_Assembled_Main_B.jpg https://github.com/Thorinair/Avalon-Harmonics/blob/master/Modules/AxB/assembled/AxB_Assembled_Main_F.jpg,
Avalon Harmonics,CVMod4,attenuverter / offset / mixer (4-ch),CC BY-SA 4.0,https://github.com/Thorinair/Avalon-Harmonics/blob/master/Modules/CVMod4/CVMod4_Schematic.pdf,kicad,SMD,https://github.com/Thorinair/Avalon-Harmonics/tree/master/Modules/CVMod4,,,10HP · kicad,https://github.com/Thorinair/Avalon-Harmonics/blob/master/Modules/CVMod4/assembled/CVMod4_Assembled_Main_B.jpg https://github.com/Thorinair/Avalon-Harmonics/blob/master/Modules/CVMod4/assembled/CVMod4_Assembled_Main_Detail_1.jpg https://github.com/Thorinair/Avalon-Harmonics/blob/master/Modules/CVMod4/assembled/CVMod4_Assembled_Main_F.jpg,
Avalon Harmonics,CVMod8,attenuator / offset (8-ch),CC BY-SA 4.0,https://github.com/Thorinair/Avalon-Harmonics/blob/master/Modules/CVMod8/CVMod8_Schematic.pdf,kicad,THT,https://github.com/Thorinair/Avalon-Harmonics/tree/master/Modules/CVMod8,,,20HP · kicad,https://github.com/Thorinair/Avalon-Harmonics/blob/master/Modules/CVMod8/assembled/CVMod8_Assembled_Main_B.jpg https://github.com/Thorinair/Avalon-Harmonics/blob/master/Modules/CVMod8/assembled/CVMod8_Assembled_Main_F.jpg,
Avalon Harmonics,CVMod8 V2 (SMD),attenuverter / offset / mixer (8-ch),CC BY-SA 4.0,https://github.com/Thorinair/Avalon-Harmonics/blob/master/Modules/CVMod8_V2/CVMod8_V2_Schematic.pdf,kicad,SMD,https://github.com/Thorinair/Avalon-Harmonics/tree/master/Modules/CVMod8_V2,See alt. version: CVMod8 V2 (THT),,20HP · kicad,https://github.com/Thorinair/Avalon-Harmonics/blob/master/Modules/CVMod8_V2/assembled/CVMod8_V2_Assembled_Main_B.jpg https://github.com/Thorinair/Avalon-Harmonics/blob/master/Modules/CVMod8_V2/assembled/CVMod8_V2_Assembled_Main_Detail_1.jpg https://github.com/Thorinair/Avalon-Harmonics/blob/master/Modules/CVMod8_V2/assembled/CVMod8_V2_Assembled_Main_F.jpg https://github.com/Thorinair/Avalon-Harmonics/blob/master/Modules/CVMod8_V2/assembled/CVMod8_V2_THT_Assembled_Front_B.jpg https://github.com/Thorinair/Avalon-Harmonics/blob/master/Modules/CVMod8_V2/assembled/CVMod8_V2_THT_Assembled_Front_Detail_1.jpg https://github.com/Thorinair/Avalon-Harmonics/blob/master/Modules/CVMod8_V2/assembled/CVMod8_V2_THT_Assembled_Front_Detail_2.jpg https://github.com/Thorinair/Avalon-Harmonics/blob/master/Modules/CVMod8_V2/assembled/CVMod8_V2_THT_Assembled_Front_F.jpg https://github.com/Thorinair/Avalon-Harmonics/blob/master/Modules/CVMod8_V2/assembled/CVMod8_V2_THT_Assembled_Main_B.jpg https://github.com/Thorinair/Avalon-Harmonics/blob/master/Modules/CVMod8_V2/assembled/CVMod8_V2_THT_Assembled_Main_F.jpg https://github.com/Thorinair/Avalon-Harmonics/blob/master/Modules/CVMod8_V2/assembled/CVMod8_V2_THT_Assembled_Panel_Detail_1.jpg,
Avalon Harmonics,CVMod8 V2 (THT),attenuverter / offset / mixer (8-ch),CC BY-SA 4.0,https://github.com/Thorinair/Avalon-Harmonics/blob/master/Modules/CVMod8_V2/CVMod8_V2_Schematic_THT.pdf,kicad,THT,https://github.com/Thorinair/Avalon-Harmonics/tree/master/Modules/CVMod8_V2,See alt. version: CVMod8 V2 (SMD),,20HP · kicad,https://github.com/Thorinair/Avalon-Harmonics/blob/master/Modules/CVMod8_V2/assembled/CVMod8_V2_THT_Assembled_Front_B.jpg https://github.com/Thorinair/Avalon-Harmonics/blob/master/Modules/CVMod8_V2/assembled/CVMod8_V2_THT_Assembled_Front_Detail_1.jpg https://github.com/Thorinair/Avalon-Harmonics/blob/master/Modules/CVMod8_V2/assembled/CVMod8_V2_THT_Assembled_Front_Detail_2.jpg https://github.com/Thorinair/Avalon-Harmonics/blob/master/Modules/CVMod8_V2/assembled/CVMod8_V2_THT_Assembled_Front_F.jpg https://github.com/Thorinair/Avalon-Harmonics/blob/master/Modules/CVMod8_V2/assembled/CVMod8_V2_THT_Assembled_Main_B.jpg https://github.com/Thorinair/Avalon-Harmonics/blob/master/Modules/CVMod8_V2/assembled/CVMod8_V2_THT_Assembled_Main_F.jpg https://github.com/Thorinair/Avalon-Harmonics/blob/master/Modules/CVMod8_V2/assembled/CVMod8_V2_THT_Assembled_Panel_Detail_1.jpg,
Avalon Harmonics,CVModH,attenuverter / offset / mixer (2-ch),CC BY-SA 4.0,https://github.com/Thorinair/Avalon-Harmonics/blob/master/Modules/CVModH/CVModH_Schematic.pdf,kicad,SMD,https://github.com/Thorinair/Avalon-Harmonics/tree/master/Modules/CVModH,1U,,1U 22HP · kicad,https://github.com/Thorinair/Avalon-Harmonics/blob/master/Modules/CVModH/assembled/CVModH_Assembled_Main_B.jpg https://github.com/Thorinair/Avalon-Harmonics/blob/master/Modules/CVModH/assembled/CVModH_Assembled_Main_Detail_1.jpg https://github.com/Thorinair/Avalon-Harmonics/blob/master/Modules/CVModH/assembled/CVModH_Assembled_Main_F.jpg,
Avalon Harmonics,KickAid,kick processor (ducking / EQ / mix),CC BY-SA 4.0,https://github.com/Thorinair/Avalon-Harmonics/blob/master/Modules/KickAid/KickAid_Schematic.pdf,kicad,both,https://github.com/Thorinair/Avalon-Harmonics/tree/master/Modules/KickAid,,,8HP · kicad,https://github.com/Thorinair/Avalon-Harmonics/blob/master/Modules/KickAid/assembled/KickAid_Assembled_FIX_01.jpg https://github.com/Thorinair/Avalon-Harmonics/blob/master/Modules/KickAid/assembled/KickAid_Assembled_Front_B.jpg https://github.com/Thorinair/Avalon-Harmonics/blob/master/Modules/KickAid/assembled/KickAid_Assembled_Front_F.jpg https://github.com/Thorinair/Avalon-Harmonics/blob/master/Modules/KickAid/assembled/KickAid_Assembled_Main_B.jpg https://github.com/Thorinair/Avalon-Harmonics/blob/master/Modules/KickAid/assembled/KickAid_Assembled_Main_F.jpg,
Avalon Harmonics,LOGx,"logic (dual, swappable 4000-series IC)",CC BY-SA 4.0,https://github.com/Thorinair/Avalon-Harmonics/blob/master/Modules/LOGx/LOGx_Schematic.pdf,kicad,THT,https://github.com/Thorinair/Avalon-Harmonics/tree/master/Modules/LOGx,,,3HP · kicad,https://github.com/Thorinair/Avalon-Harmonics/blob/master/Modules/LOGx/assembled/LOGx_Assembled_Front_B.jpg https://github.com/Thorinair/Avalon-Harmonics/blob/master/Modules/LOGx/assembled/LOGx_Assembled_Front_F.jpg https://github.com/Thorinair/Avalon-Harmonics/blob/master/Modules/LOGx/assembled/LOGx_Assembled_Main_B.jpg,
Avalon Harmonics,MiX,mixer (3-ch mono),CC BY-SA 4.0,https://github.com/Thorinair/Avalon-Harmonics/blob/master/Modules/MiX/MiX_Schematic.pdf,kicad,THT,https://github.com/Thorinair/Avalon-Harmonics/tree/master/Modules/MiX,,,2HP · kicad,https://github.com/Thorinair/Avalon-Harmonics/blob/master/Modules/MiX/assembled/MiX_Assembled_Front_F.jpg https://github.com/Thorinair/Avalon-Harmonics/blob/master/Modules/MiX/assembled/MiX_Assembled_Main_F.jpg,
Avalon Harmonics,MiniDJ,crossfader / DJ filter (stereo),CC BY-SA 4.0,https://github.com/Thorinair/Avalon-Harmonics/blob/master/Modules/MiniDJ/MiniDJ_Schematic.pdf,kicad,SMD,https://github.com/Thorinair/Avalon-Harmonics/tree/master/Modules/MiniDJ,,,6HP · kicad,https://github.com/Thorinair/Avalon-Harmonics/blob/master/Modules/MiniDJ/assembled/MiniDJ_Assembled_Back_B.jpg https://github.com/Thorinair/Avalon-Harmonics/blob/master/Modules/MiniDJ/assembled/MiniDJ_Assembled_Back_F.jpg https://github.com/Thorinair/Avalon-Harmonics/blob/master/Modules/MiniDJ/assembled/MiniDJ_Assembled_Main_B.jpg https://github.com/Thorinair/Avalon-Harmonics/blob/master/Modules/MiniDJ/assembled/MiniDJ_Assembled_Main_F.jpg,
Avalon Harmonics,Nucleus,random trigger / gate (Geiger counter),CC BY-SA 4.0,https://github.com/Thorinair/Avalon-Harmonics/blob/master/Modules/Nucleus/Nucleus_Schematic.pdf,kicad,THT,https://github.com/Thorinair/Avalon-Harmonics/tree/master/Modules/Nucleus,,,8HP · kicad,https://github.com/Thorinair/Avalon-Harmonics/blob/master/Modules/Nucleus/assembled/Nucleus_Assembled_Front_B.jpg https://github.com/Thorinair/Avalon-Harmonics/blob/master/Modules/Nucleus/assembled/Nucleus_Assembled_Front_F.jpg https://github.com/Thorinair/Avalon-Harmonics/blob/master/Modules/Nucleus/assembled/Nucleus_Assembled_Main_B.jpg https://github.com/Thorinair/Avalon-Harmonics/blob/master/Modules/Nucleus/assembled/Nucleus_Assembled_Tube.jpg,
ltrooney,MIDI to CV Converter,MIDI-CV,,x,kicad,,https://github.com/ltrooney/diy-synth/tree/master/midi-to-cv-converter,See alt. version: circuit_board_v1,,,,
ltrooney,Passive Multiple,multiple (passive),,x,kicad + gerbers,,https://github.com/ltrooney/diy-synth/tree/master/passive-multiple,,,4HP · kicad + gerbers + svg + dxf,,
ltrooney,Sequencer,sequencer,,x,kicad + gerbers,SMD,https://github.com/ltrooney/diy-synth/tree/master/sequencer,,,16HP · kicad + gerbers + svg + dxf,,
kevinkewang,tiny_rack PSU v1,"power supply (DC-DC, ±12V)",,x,eagle + gerbers,SMD,https://github.com/kevinkewang/tiny_rack/tree/main/v1/power%20pcb,,,,https://github.com/kevinkewang/tiny_rack/blob/main/v1/power%20pcb/tiny-psu-main/smt.jpg,
kevinkewang,tiny_rack PSU v2,"power supply (DC-DC, ±12V)",,x,eagle + gerbers,SMD,https://github.com/kevinkewang/tiny_rack/tree/main/v2,,,,https://github.com/kevinkewang/tiny_rack/blob/main/v2/images/7RC00922_2048.jpg https://github.com/kevinkewang/tiny_rack/blob/main/v2/images/7RC00923_2048.jpg https://github.com/kevinkewang/tiny_rack/blob/main/v2/images/7RC00925_2048.jpg https://github.com/kevinkewang/tiny_rack/blob/main/v2/images/7RC00926_2048.jpg https://github.com/kevinkewang/tiny_rack/blob/main/v2/images/7RC00928_2048.jpg https://github.com/kevinkewang/tiny_rack/blob/main/v2/images/7RC00929_2048.jpg https://github.com/kevinkewang/tiny_rack/blob/main/v2/images/7RC00930_2048.jpg https://github.com/kevinkewang/tiny_rack/blob/main/v2/images/7RC00932_2048.jpg https://github.com/kevinkewang/tiny_rack/blob/main/v2/images/7RC00932_4096.jpg https://github.com/kevinkewang/tiny_rack/blob/main/v2/images/7RC00934_2048.jpg https://github.com/kevinkewang/tiny_rack/blob/main/v2/images/7RC00934_4096.jpg https://github.com/kevinkewang/tiny_rack/blob/main/v2/images/7RC00972.JPG https://github.com/kevinkewang/tiny_rack/blob/main/v2/images/7RC00985_2048.jpg https://github.com/kevinkewang/tiny_rack/blob/main/v2/images/7RC00986_2048.jpg,
Mutable Instruments + Jim Mattheson + After Later Audio,Baker,,CC BY-SA,,,SMD,https://github.com/AfterLaterAudio/Eurorack/tree/master/Baker,"based on Mutable Instruments' original design and code (Emilie Gillet), and Jim Mattheson's Pique design",,,,
Mutable Instruments + After Later Audio,Popple,VCF (AS2164),,x,diptrace + gerbers,SMD,https://github.com/AfterLaterAudio/Eurorack/tree/master/Popple,,,,,
Mutable Instruments + Jim Mattheson + After Later Audio,Rainier,,CC BY-SA,,,SMD,https://github.com/AfterLaterAudio/Eurorack/tree/master/Rainier,"based on Mutable Instruments' original design and code (Emilie Gillet), and Jim Mattheson's Pique design",,,,
Neutron Sound,Orgone Accumulator (DIY 3.0),"VCO (digital, Teensy)",,https://github.com/jakplugg/Orgone-accumulator/blob/master/DIY3.0_SMD/DipTrace%20Schematic%20-%20orgone%20accumulatorDIY_3.pdf,commercially available,SMD,https://github.com/jakplugg/Orgone-accumulator/tree/master/DIY3.0_SMD,,,20HP · gerbers,,https://github.com/jakplugg/Orgone-accumulator/blob/master/DIY3.0_SMD/Neutron-Sound-Orgone-Accumulator-V3-Build-Guide-LQ.pdf
Avalon Harmonics,iVCA,VCA (stereo),CC BY-SA 4.0,https://github.com/Thorinair/Avalon-Harmonics/blob/master/Modules/iVCA/iVCA_Schematic.pdf,kicad,both,https://github.com/Thorinair/Avalon-Harmonics/tree/master/Modules/iVCA,,,4HP · kicad,https://github.com/Thorinair/Avalon-Harmonics/blob/master/Modules/iVCA/assembled/iVCA_Assembled_Front_B.jpg https://github.com/Thorinair/Avalon-Harmonics/blob/master/Modules/iVCA/assembled/iVCA_Assembled_Front_F.jpg https://github.com/Thorinair/Avalon-Harmonics/blob/master/Modules/iVCA/assembled/iVCA_Assembled_Main_B.jpg https://github.com/Thorinair/Avalon-Harmonics/blob/master/Modules/iVCA/assembled/iVCA_Assembled_Main_F.jpg,
Avalon Harmonics,kNOT,logic (triple NOT),CC BY-SA 4.0,https://github.com/Thorinair/Avalon-Harmonics/blob/master/Modules/kNOT/kNOT_Schematic.pdf,kicad,THT,https://github.com/Thorinair/Avalon-Harmonics/tree/master/Modules/kNOT,,,3HP · kicad,https://github.com/Thorinair/Avalon-Harmonics/blob/master/Modules/kNOT/assembled/kNOT_Assembled_Front_B.jpg https://github.com/Thorinair/Avalon-Harmonics/blob/master/Modules/kNOT/assembled/kNOT_Assembled_Front_F.jpg https://github.com/Thorinair/Avalon-Harmonics/blob/master/Modules/kNOT/assembled/kNOT_Assembled_Main_B.jpg,
Avalon Harmonics,PanVCA,VCA / panner (stereo),CC BY-SA 4.0,https://github.com/Thorinair/Avalon-Harmonics/blob/master/Modules/PanVCA/PanVCA_Schematic.pdf,kicad,SMD,https://github.com/Thorinair/Avalon-Harmonics/tree/master/Modules/PanVCA,,,4HP · kicad,https://github.com/Thorinair/Avalon-Harmonics/blob/master/Modules/PanVCA/assembled/PanVCA_Assembled_Main_B.jpg https://github.com/Thorinair/Avalon-Harmonics/blob/master/Modules/PanVCA/assembled/PanVCA_Assembled_Main_F.jpg,
Avalon Harmonics,Puff,VCF (stereo multimode),CC BY-SA 4.0,https://github.com/Thorinair/Avalon-Harmonics/blob/master/Modules/Puff/Puff_Schematic.pdf,kicad,SMD,https://github.com/Thorinair/Avalon-Harmonics/tree/master/Modules/Puff,,,8HP · kicad,https://github.com/Thorinair/Avalon-Harmonics/blob/master/Modules/Puff/assembled/Puff_Assembled_Main_B.jpg https://github.com/Thorinair/Avalon-Harmonics/blob/master/Modules/Puff/assembled/Puff_Assembled_Main_F.jpg,
Avalon Harmonics,Pulse,heartbeat to CV / gate / trigger,CC BY-SA 4.0,https://github.com/Thorinair/Avalon-Harmonics/blob/master/Modules/Pulse/Pulse_Schematic.pdf,kicad,THT,https://github.com/Thorinair/Avalon-Harmonics/tree/master/Modules/Pulse,,,4HP · kicad,https://github.com/Thorinair/Avalon-Harmonics/blob/master/Modules/Pulse/assembled/Pulse_Assembled_Front_B.jpg https://github.com/Thorinair/Avalon-Harmonics/blob/master/Modules/Pulse/assembled/Pulse_Assembled_Front_F.jpg https://github.com/Thorinair/Avalon-Harmonics/blob/master/Modules/Pulse/assembled/Pulse_Assembled_Main_B.jpg https://github.com/Thorinair/Avalon-Harmonics/blob/master/Modules/Pulse/assembled/Pulse_Assembled_Main_F.jpg,
Avalon Harmonics,R&F,"slew limiter (dual, rise / fall)",CC BY-SA 4.0,https://github.com/Thorinair/Avalon-Harmonics/blob/master/Modules/R%26F/R%26F_Schematic.pdf,kicad,THT,https://github.com/Thorinair/Avalon-Harmonics/tree/master/Modules/R%26F,,,3HP · kicad,https://github.com/Thorinair/Avalon-Harmonics/blob/master/Modules/R%26F/assembled/RnF_Assembled_Front_B.jpg https://github.com/Thorinair/Avalon-Harmonics/blob/master/Modules/R%26F/assembled/RnF_Assembled_Front_F.jpg https://github.com/Thorinair/Avalon-Harmonics/blob/master/Modules/R%26F/assembled/RnF_Assembled_Main_B.jpg,
Avalon Harmonics,S&S,S&H / Random / Slew / Noise,CC BY-SA 4.0,https://github.com/Thorinair/Avalon-Harmonics/blob/master/Modules/S%26S/S%26S_Schematic.pdf,kicad,THT,https://github.com/Thorinair/Avalon-Harmonics/tree/master/Modules/S%26S,,,3HP · kicad,https://github.com/Thorinair/Avalon-Harmonics/blob/master/Modules/S%26S/assembled/SnS_Assembled_Back_B.jpg https://github.com/Thorinair/Avalon-Harmonics/blob/master/Modules/S%26S/assembled/SnS_Assembled_Front_B.jpg https://github.com/Thorinair/Avalon-Harmonics/blob/master/Modules/S%26S/assembled/SnS_Assembled_Front_F.jpg https://github.com/Thorinair/Avalon-Harmonics/blob/master/Modules/S%26S/assembled/SnS_Assembled_Main_B.jpg,
Avalon Harmonics,VU (SMD),VU meter / envelope follower,CC BY-SA 4.0,https://github.com/Thorinair/Avalon-Harmonics/blob/master/Modules/VU/VU_Schematic.pdf,kicad,both,https://github.com/Thorinair/Avalon-Harmonics/tree/master/Modules/VU,See alt. version: VU (THT),,2HP · kicad,https://github.com/Thorinair/Avalon-Harmonics/blob/master/Modules/VU/assembled/VU_Assembled_FIX_01.jpg https://github.com/Thorinair/Avalon-Harmonics/blob/master/Modules/VU/assembled/VU_Assembled_Front_F.jpg https://github.com/Thorinair/Avalon-Harmonics/blob/master/Modules/VU/assembled/VU_Assembled_Main_F.jpg https://github.com/Thorinair/Avalon-Harmonics/blob/master/Modules/VU/assembled/VU_THT_Assembled_Front_F.jpg https://github.com/Thorinair/Avalon-Harmonics/blob/master/Modules/VU/assembled/VU_THT_Assembled_Main_F.jpg,
Avalon Harmonics,VU (THT),VU meter / envelope follower,CC BY-SA 4.0,https://github.com/Thorinair/Avalon-Harmonics/blob/master/Modules/VU/VU_Schematic_THT.pdf,kicad,THT,https://github.com/Thorinair/Avalon-Harmonics/tree/master/Modules/VU,See alt. version: VU (SMD),,,https://github.com/Thorinair/Avalon-Harmonics/blob/master/Modules/VU/assembled/VU_THT_Assembled_Front_F.jpg https://github.com/Thorinair/Avalon-Harmonics/blob/master/Modules/VU/assembled/VU_THT_Assembled_Main_F.jpg,
Avalon Harmonics,WF,wavefolder,CC BY-SA 4.0,https://github.com/Thorinair/Avalon-Harmonics/blob/master/Modules/WF/WF_Schematic.pdf,kicad,THT,https://github.com/Thorinair/Avalon-Harmonics/tree/master/Modules/WF,,,2HP · kicad,https://github.com/Thorinair/Avalon-Harmonics/blob/master/Modules/WF/assembled/WF_Assembled_Front_F.jpg https://github.com/Thorinair/Avalon-Harmonics/blob/master/Modules/WF/assembled/WF_Assembled_Main_F.jpg,
Avalon Harmonics,X2,voltage doubler (4-ch),CC BY-SA 4.0,https://github.com/Thorinair/Avalon-Harmonics/blob/master/Modules/X2/X2_Schematic.pdf,kicad,SMD,https://github.com/Thorinair/Avalon-Harmonics/tree/master/Modules/X2,,,2HP · kicad,https://github.com/Thorinair/Avalon-Harmonics/blob/master/Modules/X2/assembled/X2_Assembled_Main_B.jpg https://github.com/Thorinair/Avalon-Harmonics/blob/master/Modules/X2/assembled/X2_Assembled_Main_F.jpg,
BruteClaw,AND Gate (SMD),logic (AND),GPL v3,https://github.com/BruteClaw/Analog-Synth/blob/main/Surface%20Mount%20Designes/Logic_Gates/AND/Schematic.pdf,kicad + gerbers,SMD,https://github.com/BruteClaw/Analog-Synth/tree/main/Surface%20Mount%20Designes/Logic_Gates/AND,See alt. version: Through Hole Designs/Logic_Gates_THT/AND_THT,X,,,
BruteClaw,NAND Gate (SMD),logic (NAND),GPL v3,https://github.com/BruteClaw/Analog-Synth/blob/main/Surface%20Mount%20Designes/Logic_Gates/NAND/Schematic.pdf,kicad + gerbers,SMD,https://github.com/BruteClaw/Analog-Synth/tree/main/Surface%20Mount%20Designes/Logic_Gates/NAND,See alt. version: Through Hole Designs/Logic_Gates_THT/NAND_THT,X,,,
BruteClaw,NOR Gate (SMD),logic (NOR),GPL v3,https://github.com/BruteClaw/Analog-Synth/blob/main/Surface%20Mount%20Designes/Logic_Gates/NOR/Schematic.pdf,kicad + gerbers,SMD,https://github.com/BruteClaw/Analog-Synth/tree/main/Surface%20Mount%20Designes/Logic_Gates/NOR,See alt. version: Through Hole Designs/Logic_Gates_THT/NOR_THT,X,,,
BruteClaw,NOT Gate (SMD),logic (NOT),GPL v3,https://github.com/BruteClaw/Analog-Synth/blob/main/Surface%20Mount%20Designes/Logic_Gates/NOT/Schematic.pdf,kicad + gerbers,SMD,https://github.com/BruteClaw/Analog-Synth/tree/main/Surface%20Mount%20Designes/Logic_Gates/NOT,See alt. version: Through Hole Designs/Logic_Gates_THT/NOT_THT,X,,,
BruteClaw,OR Gate (SMD),logic (OR),GPL v3,https://github.com/BruteClaw/Analog-Synth/blob/main/Surface%20Mount%20Designes/Logic_Gates/OR/Schematic.pdf,kicad + gerbers,SMD,https://github.com/BruteClaw/Analog-Synth/tree/main/Surface%20Mount%20Designes/Logic_Gates/OR,See alt. version: Through Hole Designs/Logic_Gates_THT/OR_THT,X,,,
BruteClaw,XOR Gate (SMD),logic (XOR),GPL v3,https://github.com/BruteClaw/Analog-Synth/blob/main/Surface%20Mount%20Designes/Logic_Gates/XOR/Schematic.pdf,kicad + gerbers,SMD,https://github.com/BruteClaw/Analog-Synth/tree/main/Surface%20Mount%20Designes/Logic_Gates/XOR,See alt. version: Through Hole Designs/Logic_Gates_THT/XOR_THT,X,,,
BruteClaw,Patch Bay,patch bay (passive),GPL v3,https://github.com/BruteClaw/Analog-Synth/blob/main/Surface%20Mount%20Designes/Patch_Bay/Schematic.pdf,kicad + gerbers,THT,https://github.com/BruteClaw/Analog-Synth/tree/main/Surface%20Mount%20Designes/Patch_Bay,See alt. version: Through Hole Designs/Patch_Bay,X,,,
BruteClaw,Power Distribution (SMD),bus board,GPL v3,https://github.com/BruteClaw/Analog-Synth/blob/main/Surface%20Mount%20Designes/Power_Distribution/Schematic.pdf,kicad + gerbers,,https://github.com/BruteClaw/Analog-Synth/tree/main/Surface%20Mount%20Designes/Power_Distribution,See alt. version: Through Hole Designs/Power_Distribution_THT,X,,,
BruteClaw,Power Supply (SMD),power supply,GPL v3,https://github.com/BruteClaw/Analog-Synth/blob/main/Surface%20Mount%20Designes/Power_Supply/Schematic.pdf,kicad + gerbers,SMD,https://github.com/BruteClaw/Analog-Synth/tree/main/Surface%20Mount%20Designes/Power_Supply,See alt. version: Through Hole Designs/Power_Supply_THT,X,,,
BruteClaw,AND Gate (THT),logic (AND),GPL v3,https://github.com/BruteClaw/Analog-Synth/blob/main/Through%20Hole%20Designs/Logic_Gates_THT/AND_THT/Schematic.pdf,kicad + gerbers,THT,https://github.com/BruteClaw/Analog-Synth/tree/main/Through%20Hole%20Designs/Logic_Gates_THT/AND_THT,See alt. version: Surface Mount Designes/Logic_Gates/AND,X,,,
BruteClaw,NAND Gate (THT),logic (NAND),GPL v3,https://github.com/BruteClaw/Analog-Synth/blob/main/Through%20Hole%20Designs/Logic_Gates_THT/NAND_THT/Schematic.pdf,kicad + gerbers,THT,https://github.com/BruteClaw/Analog-Synth/tree/main/Through%20Hole%20Designs/Logic_Gates_THT/NAND_THT,See alt. version: Surface Mount Designes/Logic_Gates/NAND,X,,,
BruteClaw,NOR Gate (THT),logic (NOR),GPL v3,https://github.com/BruteClaw/Analog-Synth/blob/main/Through%20Hole%20Designs/Logic_Gates_THT/NOR_THT/Schematic.pdf,kicad + gerbers,THT,https://github.com/BruteClaw/Analog-Synth/tree/main/Through%20Hole%20Designs/Logic_Gates_THT/NOR_THT,See alt. version: Surface Mount Designes/Logic_Gates/NOR,X,,,
BruteClaw,NOT Gate (THT),logic (NOT),GPL v3,https://github.com/BruteClaw/Analog-Synth/blob/main/Through%20Hole%20Designs/Logic_Gates_THT/NOT_THT/Schematic.pdf,kicad + gerbers,THT,https://github.com/BruteClaw/Analog-Synth/tree/main/Through%20Hole%20Designs/Logic_Gates_THT/NOT_THT,See alt. version: Surface Mount Designes/Logic_Gates/NOT,X,,,
BruteClaw,OR Gate (THT),logic (OR),GPL v3,https://github.com/BruteClaw/Analog-Synth/blob/main/Through%20Hole%20Designs/Logic_Gates_THT/OR_THT/Schematic.pdf,kicad + gerbers,THT,https://github.com/BruteClaw/Analog-Synth/tree/main/Through%20Hole%20Designs/Logic_Gates_THT/OR_THT,See alt. version: Surface Mount Designes/Logic_Gates/OR,X,,,
BruteClaw,XOR Gate (THT),logic (XOR),GPL v3,https://github.com/BruteClaw/Analog-Synth/blob/main/Through%20Hole%20Designs/Logic_Gates_THT/XOR_THT/Schematic.pdf,kicad + gerbers,THT,https://github.com/BruteClaw/Analog-Synth/tree/main/Through%20Hole%20Designs/Logic_Gates_THT/XOR_THT,See alt. version: Surface Mount Designes/Logic_Gates/XOR,X,,,
BruteClaw,Power Distribution (THT),bus board,GPL v3,https://github.com/BruteClaw/Analog-Synth/blob/main/Through%20Hole%20Designs/Power_Distribution_THT/Schematic.pdf,kicad + gerbers,THT,https://github.com/BruteClaw/Analog-Synth/tree/main/Through%20Hole%20Designs/Power_Distribution_THT,See alt. version: Surface Mount Designes/Power_Distribution,X,,,
BruteClaw,Power Supply (THT),power supply,GPL v3,https://github.com/BruteClaw/Analog-Synth/blob/main/Through%20Hole%20Designs/Power_Supply_THT/Schematic.pdf,kicad + gerbers,THT,https://github.com/BruteClaw/Analog-Synth/tree/main/Through%20Hole%20Designs/Power_Supply_THT,See alt. version: Surface Mount Designes/Power_Supply,X,,,
spielhuus,Kaos,chaos generator,,x,kicad,,https://github.com/spielhuus/elektrophon/tree/master/src/kaos,,?,,,
MFOS + spielhuus,Kraft (modified),"power supply (bipolar, wall-wart)",,x,kicad,THT,https://github.com/spielhuus/elektrophon/tree/master/src/kraft,,,8HP · kicad,,
Ken Stone + spielhuus,Pentode VCA (modified),VCA (tube),,x,kicad,SMD,https://github.com/spielhuus/elektrophon/tree/master/src/pentode,based on L-1 tube VCA,,8HP · kicad,,
spielhuus,Polivoks VCF,VCF (Polivoks),,x,kicad,THT,https://github.com/spielhuus/elektrophon/tree/master/src/polivoks,based on Polivoks design; see Marc Bareille POLIVOKS Filter Clone,,8HP · kicad,,
spielhuus,Produkt,VCA / ring modulator,,x,kicad,both,https://github.com/spielhuus/elektrophon/tree/master/src/produkt,,,8HP · kicad,,
spielhuus,Resonanz,filter bank (band-pass),,x,kicad,THT,https://github.com/spielhuus/elektrophon/tree/master/src/resonanz,,,HP ? · kicad,,
Serge + spielhuus,SSG (modified),S&H / slew (Serge SSG),,x,kicad,THT,https://github.com/spielhuus/elektrophon/tree/master/src/ssg,based on Ken Stone CGS92 design,,HP ? · kicad,,
spielhuus,Steckfeld,breadboard interface (mixers),,x,kicad,THT,https://github.com/spielhuus/elektrophon/tree/master/src/steckfeld,,,,,
spielhuus,Summe,mixer / attenuverter,,x,kicad,SMD,https://github.com/spielhuus/elektrophon/tree/master/src/summe,,,8HP · kicad,,
Ian Fritz + spielhuus,Threeler (modified),VCF (3rd order),,x,kicad,both,https://github.com/spielhuus/elektrophon/tree/master/src/threeler,,?,12HP · kicad,,
spielhuus,Tiefpass,filter (low-pass),,x,kicad,both,https://github.com/spielhuus/elektrophon/tree/master/src/tiefpass,,,8HP · kicad,,
Larry McGovern + Mental Noise,Axon (modified),MIDI-CV,GPL v3,https://github.com/Mental-Noise/Axon/blob/master/schematics/schematics.png,,SMD,https://github.com/Mental-Noise/Axon,,,,https://github.com/Mental-Noise/Axon/blob/master/axon.jpg,
Mental Noise,Synapse,CV-MIDI,GPL v3,https://github.com/Mental-Noise/Synapse/blob/master/schematics/Analog_Inputs.png,easyEDA,SMD,https://github.com/Mental-Noise/Synapse,,,6HP · easyeda,https://github.com/Mental-Noise/Synapse/blob/master/synapse.jpg,
Mental Noise,Thal,"mixer / output (3-ch stereo, headphone)",GPL v3,https://github.com/Mental-Noise/Thal/blob/main/schematics/thal.png,,both,https://github.com/Mental-Noise/Thal,"based on Befaco STMix, Befaco Out and Intellijel Audio I/O",,,,
GMSN + pixiemars,Pure ADSR,EG (ADSR),,x,eagle,SMD,https://github.com/pixiemars/GMSNPure/blob/master/GMSN-Pure-ADSR-master-eaf83545d02f7394b666da257b304eec5bba277b.zip,,,,,
GMSN + pixiemars,Pure LFO,LFO,,x,eagle,SMD,https://github.com/pixiemars/GMSNPure/blob/master/GMSN-Pure-LFO-master-d089ac08efe0c56395dc4200de4310bcf5ddf024.zip,,,,,
GMSN + pixiemars,Pure Power Strip,"bus board (powered, DC-DC)",,x,eagle,,https://github.com/pixiemars/GMSNPure/blob/master/GMSN-Pure-Power-Strip-master-6e347499ce3b8ca78649abc5de14b53f901818cc.zip,,,,,
GMSN + pixiemars,Pure S&H,S&H,,x,eagle,SMD,https://github.com/pixiemars/GMSNPure/blob/master/GMSN-Pure-Sample-Hold-master-1b4fa1281f2136ba8bf5baa732c5a04d5bd2fdc4.zip,,,,,
GMSN + pixiemars,Pure VCA,VCA,,x,eagle,SMD,https://github.com/pixiemars/GMSNPure/blob/master/GMSN-Pure-VCA-master-c4bc9d760854f981a824b311be3883cc9f4fd236.zip,,,,,
GMSN + pixiemars,Pure VCF,VCF,,x,eagle,SMD,https://github.com/pixiemars/GMSNPure/blob/master/GMSN-Pure-VCF-master-b78bbad56e109ea96959d2dcbfb914878465657e.zip,,,,,
GMSN + pixiemars,Pure VCO,VCO,,x,eagle,SMD,https://github.com/pixiemars/GMSNPure/blob/master/GMSN-Pure-VCO_1-master-256581345c0d2d3f55c2f87f8527bc7e126a2038.zip,,,,,
odeliy,Dub Delay,delay (dub),"open source, no licence named",https://github.com/odeliy/schema-cave/blob/main/Effect_Dub-Delay.pdf,,,https://github.com/odeliy/schema-cave/blob/main/Effect_Dub-Delay.pdf,,,,,
odeliy,Fuzz,fuzz,"open source, no licence named",https://github.com/odeliy/schema-cave/blob/main/Effect_Fuzz.pdf,,,https://github.com/odeliy/schema-cave/blob/main/Effect_Fuzz.pdf,,,,,
odeliy,Reverb Belton,reverb (Belton brick),"open source, no licence named",https://github.com/odeliy/schema-cave/blob/main/Effect_Reverb_Belton.pdf,,,https://github.com/odeliy/schema-cave/blob/main/Effect_Reverb_Belton.pdf,,,,,
odeliy,Dopes,EG,"open source, no licence named",https://github.com/odeliy/schema-cave/blob/main/Envelope_Dopes.pdf,,,https://github.com/odeliy/schema-cave/blob/main/Envelope_Dopes.pdf,,,,,
odeliy,Electric Druid EnvGen8,EG (Electric Druid EnvGen8),"open source, no licence named",https://github.com/odeliy/schema-cave/blob/main/Envelope_Electric-Druid-EnvGen8.pdf,,,https://github.com/odeliy/schema-cave/blob/main/Envelope_Electric-Druid-EnvGen8.pdf,,,,,
odeliy,Quadlopes,EG,"open source, no licence named",https://github.com/odeliy/schema-cave/blob/main/Envelope_Quadlopes.pdf,,,https://github.com/odeliy/schema-cave/blob/main/Envelope_Quadlopes.pdf,,,,,
odeliy,Slopes,EG,"open source, no licence named",https://github.com/odeliy/schema-cave/blob/main/Envelope_Slopes.pdf,,,https://github.com/odeliy/schema-cave/blob/main/Envelope_Slopes.pdf,,,,,
odeliy,Unreleased,drum (kick),"open source, no licence named",https://github.com/odeliy/schema-cave/blob/main/Kick_Unreleased.pdf,,,https://github.com/odeliy/schema-cave/blob/main/Kick_Unreleased.pdf,,?,,,
odeliy,VCD+ V1 THT,drum (kick),"open source, no licence named",https://github.com/odeliy/schema-cave/blob/main/Kick_VCD%2B_V1_THT.pdf,,THT,https://github.com/odeliy/schema-cave/blob/main/Kick_VCD%2B_V1_THT.pdf,See alt. version: Kick_VCD+_V2_SMD.pdf,,,,
odeliy,VCD+ V2 SMD,drum (kick),"open source, no licence named",https://github.com/odeliy/schema-cave/blob/main/Kick_VCD%2B_V2_SMD.pdf,,SMD,https://github.com/odeliy/schema-cave/blob/main/Kick_VCD%2B_V2_SMD.pdf,See alt. version: Kick_VCD+_V1_THT.pdf,,,,
odeliy,LFO,LFO,"open source, no licence named",https://github.com/odeliy/schema-cave/blob/main/LFO_LFO.pdf,,,https://github.com/odeliy/schema-cave/blob/main/LFO_LFO.pdf,,,,,
odeliy,Loafers,LFO,"open source, no licence named",https://github.com/odeliy/schema-cave/blob/main/LFO_Loafers.pdf,,SMD,https://github.com/odeliy/schema-cave/blob/main/LFO_Loafers.pdf,,,,,
odeliy,uLoaf,LFO,"open source, no licence named",https://github.com/odeliy/schema-cave/blob/main/LFO_uLoaf.pdf,,,https://github.com/odeliy/schema-cave/blob/main/LFO_uLoaf.pdf,,,,,
odeliy,Patterns,logic,"open source, no licence named",https://github.com/odeliy/schema-cave/blob/main/Logic_Patterns.pdf,,,https://github.com/odeliy/schema-cave/blob/main/Logic_Patterns.pdf,,,,,
odeliy,RPG,logic,"open source, no licence named",https://github.com/odeliy/schema-cave/blob/main/Logic_RPG.pdf,,,https://github.com/odeliy/schema-cave/blob/main/Logic_RPG.pdf,,,,,
odeliy,ISD Sampler,sampler (ISD chip),"open source, no licence named",https://github.com/odeliy/schema-cave/blob/main/Misc_ISD-Sampler.pdf,,,https://github.com/odeliy/schema-cave/blob/main/Misc_ISD-Sampler.pdf,,,,,
odeliy,Juno 106 Voicechip NR80017A,voice chip replacement (Juno-106 80017A),"open source, no licence named",https://github.com/odeliy/schema-cave/blob/main/Misc_Juno-106-Voicechip-NR80017A.pdf,,,https://github.com/odeliy/schema-cave/blob/main/Misc_Juno-106-Voicechip-NR80017A.pdf,,,,,
odeliy,Octave Glide,pitch utility (octave / glide),"open source, no licence named",https://github.com/odeliy/schema-cave/blob/main/Misc_Octave-Glide.pdf,,,https://github.com/odeliy/schema-cave/blob/main/Misc_Octave-Glide.pdf,,,,,
odeliy,Output,output,"open source, no licence named",https://github.com/odeliy/schema-cave/blob/main/Misc_Output.pdf,,,https://github.com/odeliy/schema-cave/blob/main/Misc_Output.pdf,,,,,
odeliy,S&H,S&H,"open source, no licence named",https://github.com/odeliy/schema-cave/blob/main/Misc_S%26H.pdf,,,https://github.com/odeliy/schema-cave/blob/main/Misc_S%26H.pdf,,,,,
odeliy,Audio Mixer,mixer,"open source, no licence named",https://github.com/odeliy/schema-cave/blob/main/Mixer_Audio-Mixer.pdf,,,https://github.com/odeliy/schema-cave/blob/main/Mixer_Audio-Mixer.pdf,,,,,
odeliy,Onboard Mixer,mixer,"open source, no licence named",https://github.com/odeliy/schema-cave/blob/main/Mixer_Onboard-Mixer.pdf,,,https://github.com/odeliy/schema-cave/blob/main/Mixer_Onboard-Mixer.pdf,,,,,
odeliy,Swiss Army Mixer,mixer,"open source, no licence named",https://github.com/odeliy/schema-cave/blob/main/Mixer_Swiss-Army-Mixer.pdf,,,https://github.com/odeliy/schema-cave/blob/main/Mixer_Swiss-Army-Mixer.pdf,,,,,
odeliy,Swisso,mixer,"open source, no licence named",https://github.com/odeliy/schema-cave/blob/main/Mixer_Swisso.pdf,,,https://github.com/odeliy/schema-cave/blob/main/Mixer_Swisso.pdf,,,,,
odeliy,Flux V1 4hp,noise,"open source, no licence named",https://github.com/odeliy/schema-cave/blob/main/Noise_Flux-V1-4hp.pdf,,,https://github.com/odeliy/schema-cave/blob/main/Noise_Flux-V1-4hp.pdf,See alt. version: Noise_Flux-V2-6hp.pdf,,,,
odeliy,Flux V2 6hp,noise,"open source, no licence named",https://github.com/odeliy/schema-cave/blob/main/Noise_Flux-V2-6hp.pdf,,,https://github.com/odeliy/schema-cave/blob/main/Noise_Flux-V2-6hp.pdf,See alt. version: Noise_Flux-V1-4hp.pdf,,,,
odeliy,Wtf,noise,"open source, no licence named",https://github.com/odeliy/schema-cave/blob/main/Noise_Wtf.pdf,,,https://github.com/odeliy/schema-cave/blob/main/Noise_Wtf.pdf,,,,,
odeliy,Steps,sequencer,"open source, no licence named",https://github.com/odeliy/schema-cave/blob/main/Seqn_Steps.pdf,,,https://github.com/odeliy/schema-cave/blob/main/Seqn_Steps.pdf,,,,,
odeliy,Voltage Sequencer,sequencer,"open source, no licence named",https://github.com/odeliy/schema-cave/blob/main/Seqn_Voltage-Sequencer.pdf,,,https://github.com/odeliy/schema-cave/blob/main/Seqn_Voltage-Sequencer.pdf,,,,,
odeliy,XOX CMOS,"sequencer (XOX, CMOS)","open source, no licence named",https://github.com/odeliy/schema-cave/blob/main/Seqn_XOX_CMOS.pdf,,,https://github.com/odeliy/schema-cave/blob/main/Seqn_XOX_CMOS.pdf,,,,,
odeliy,2xVCA,VCA,"open source, no licence named",https://github.com/odeliy/schema-cave/blob/main/VCA_2xVCA.pdf,,,https://github.com/odeliy/schema-cave/blob/main/VCA_2xVCA.pdf,,,,,
odeliy,Crossfade,crossfader (VCA),"open source, no licence named",https://github.com/odeliy/schema-cave/blob/main/VCA_Crossfade.pdf,,,https://github.com/odeliy/schema-cave/blob/main/VCA_Crossfade.pdf,,,,,
odeliy,Xim,VCA,"open source, no licence named",https://github.com/odeliy/schema-cave/blob/main/VCA_Xim.pdf,,,https://github.com/odeliy/schema-cave/blob/main/VCA_Xim.pdf,,,,,
odeliy,12db V1,VCF,"open source, no licence named",https://github.com/odeliy/schema-cave/blob/main/VCF_12db-V1.pdf,,,https://github.com/odeliy/schema-cave/blob/main/VCF_12db-V1.pdf,See alt. version: VCF_12db-V2.pdf,,,,
odeliy,12db V2,VCF,"open source, no licence named",https://github.com/odeliy/schema-cave/blob/main/VCF_12db-V2.pdf,,,https://github.com/odeliy/schema-cave/blob/main/VCF_12db-V2.pdf,See alt. version: VCF_12db-V1.pdf,,,,
odeliy,Acidix,VCF,"open source, no licence named",https://github.com/odeliy/schema-cave/blob/main/VCF_Acidix.pdf,,,https://github.com/odeliy/schema-cave/blob/main/VCF_Acidix.pdf,,,,,
odeliy,Creep,VCF,"open source, no licence named",https://github.com/odeliy/schema-cave/blob/main/VCF_Creep.pdf,,,https://github.com/odeliy/schema-cave/blob/main/VCF_Creep.pdf,,,,,
odeliy,Lola,VCF,"open source, no licence named",https://github.com/odeliy/schema-cave/blob/main/VCF_Lola.pdf,,,https://github.com/odeliy/schema-cave/blob/main/VCF_Lola.pdf,,,,,
odeliy,Bermuda,VCO,"open source, no licence named",https://github.com/odeliy/schema-cave/blob/main/VCO_Bermuda.pdf,,,https://github.com/odeliy/schema-cave/blob/main/VCO_Bermuda.pdf,,,,,
odeliy,Complex,VCO,"open source, no licence named",https://github.com/odeliy/schema-cave/blob/main/VCO_Complex.pdf,,,https://github.com/odeliy/schema-cave/blob/main/VCO_Complex.pdf,,,,,
odeliy,Mino,VCO,"open source, no licence named",https://github.com/odeliy/schema-cave/blob/main/VCO_Mino.pdf,,,https://github.com/odeliy/schema-cave/blob/main/VCO_Mino.pdf,,,,,
odeliy,Sawcore,VCO,"open source, no licence named",https://github.com/odeliy/schema-cave/blob/main/VCO_Sawcore.pdf,,,https://github.com/odeliy/schema-cave/blob/main/VCO_Sawcore.pdf,,,,,
odeliy,Utility VCO,VCO,"open source, no licence named",https://github.com/odeliy/schema-cave/blob/main/VCO_Utility-VCO.pdf,,,https://github.com/odeliy/schema-cave/blob/main/VCO_Utility-VCO.pdf,,,,,
odeliy,Wavepool,VCO,"open source, no licence named",https://github.com/odeliy/schema-cave/blob/main/VCO_Wavepool.pdf,,,https://github.com/odeliy/schema-cave/blob/main/VCO_Wavepool.pdf,,,,,
odeliy,uBermuda,VCO,"open source, no licence named",https://github.com/odeliy/schema-cave/blob/main/VCO_uBermuda.pdf,,,https://github.com/odeliy/schema-cave/blob/main/VCO_uBermuda.pdf,,,,,
16n-faderbank,16nx,"fader controller (16-ch, MIDI / CV / I2C)",CC BY-SA 4.0,https://github.com/16n-faderbank/16nx/blob/main/16nx.pdf,kicad,SMD,https://github.com/16n-faderbank/16nx,,,HP ? · dxf + pdf,https://github.com/16n-faderbank/16nx/blob/main/16nx.png,
4ms Company,Dual Looping Delay,looping delay (dual),MIT,https://github.com/4ms/DLD/blob/master/hardware/DLD-v1-schematic.pdf,,,https://github.com/4ms/DLD,,,,,
4ms Company,Spectral Multiband Resonator,resonator (6-band),MIT,https://github.com/4ms/SMR/blob/master/hardware/smr-1.0.1-schematic.pdf,eagle,both,https://github.com/4ms/SMR,,,,,
508-loop-detected,Bounce Sequencer,sequencer (8-step),CC BY-NC-SA 4.0,https://github.com/508-loop-detected/bounce-sequencer/blob/main/Schematic_bounce-sequencer-v2-mainboard.pdf,gerbers,both,https://github.com/508-loop-detected/bounce-sequencer,See alt. version: Minibounce Sequencer,,14HP · gerbers,https://github.com/508-loop-detected/bounce-sequencer/blob/main/bounce-alone.jpg https://github.com/508-loop-detected/bounce-sequencer/blob/main/bounce-plus-triggers.JPG https://github.com/508-loop-detected/bounce-sequencer/blob/main/bounce-sequencer.JPG https://github.com/508-loop-detected/bounce-sequencer/blob/main/buttons-complete.jpg https://github.com/508-loop-detected/bounce-sequencer/blob/main/buttons-frontboard.jpg https://github.com/508-loop-detected/bounce-sequencer/blob/main/buttons-panel.jpg https://github.com/508-loop-detected/bounce-sequencer/blob/main/mainboard.jpg https://github.com/508-loop-detected/bounce-sequencer/blob/main/toggles-complete.jpg https://github.com/508-loop-detected/bounce-sequencer/blob/main/toggles-frontboard.jpg https://github.com/508-loop-detected/bounce-sequencer/blob/main/toggles-panel.jpg https://github.com/508-loop-detected/bounce-sequencer/blob/main/toggles.jpg,
508-loop-detected,burst,burst generator (triggers),CC BY-NC-SA 4.0,https://github.com/508-loop-detected/burst/blob/main/Schematic_burst-back-v1.0_2023-08-13.pdf,gerbers,SMD,https://github.com/508-loop-detected/burst,based on Ken Stone's Catgirl Burst,,4HP · gerbers,https://github.com/508-loop-detected/burst/blob/main/burst-v1.0.jpg,
508-loop-detected,Minibounce Sequencer,sequencer (8-step),CC BY-NC-SA 4.0,https://github.com/508-loop-detected/minibounce/blob/main/Schematic_bounce-mini-back-v-5.0_2023-08-19.pdf,gerbers,SMD,https://github.com/508-loop-detected/minibounce,See alt. version: Bounce Sequencer,,10HP · gerbers,https://github.com/508-loop-detected/minibounce/blob/main/minibounce.jpg,
508-loop-detected,nverb,reverb / delay (NemFX),CC BY-NC-SA 4.0,https://github.com/508-loop-detected/nverb/blob/main/Schematic_nemesis-reverb-eurorack-main_2021-05-06.pdf,gerbers,both,https://github.com/508-loop-detected/nverb,,,8HP · gerbers,https://github.com/508-loop-detected/nverb/blob/main/nverb.jpg,
508-loop-detected,quant,quantizer,CC BY-NC-SA 4.0,https://github.com/508-loop-detected/quant/blob/main/Schematic_circuitpython-quantizer-main-w-rp2040-v1-as-ordered_2024-01-01.pdf,gerbers,SMD,https://github.com/508-loop-detected/quant,,,5HP · gerbers,https://github.com/508-loop-detected/quant/blob/main/quant.jpeg,
Allen-Synthesis,Kompari,comparator,,x,kicad + gerbers,THT,https://github.com/Allen-Synthesis/Kompari,,,6HP · kicad + gerbers + svg + ai + pdf,,
AudioMorphology,Europi,sequencer (Raspberry Pi),,https://github.com/AudioMorphology/Europi/blob/master/kicad/europi_main_v2/europi_main_v2_schematic.pdf,kicad + gerbers,SMD,https://github.com/AudioMorphology/Europi/tree/master/kicad/europi_main_v2,"See expanders: Minion, MIDI Minion",,16HP · kicad + gerbers,,
AudioMorphology,Minion,expander (Europi),,x,kicad + gerbers,SMD,https://github.com/AudioMorphology/Europi/tree/master/kicad/minion,expander for Europi,,6HP · kicad,,
AudioMorphology,MIDI Minion,MIDI expander (Europi),,x,kicad + gerbers,both,https://github.com/AudioMorphology/Europi/tree/master/kicad/midi_minion,expander for Europi,,6HP · kicad,,
AudioMorphology,waft,gesture controller (LIDAR),"open source, no licence named (hardware, OSHWA UK000005) / Creative Commons or MIT (software)",x,kicad + gerbers,SMD,https://github.com/AudioMorphology/waft,,,6HP · kicad,,
Music Thing Modular + BastianSPCTRL,COEUR,"MIDI-to-CV / utility (Startup, 1U)",CC BY-SA,https://github.com/BastianSPCTRL/COEUR/blob/main/COEUR_MAIN.pdf,,,https://github.com/BastianSPCTRL/COEUR,1U; based on Music Thing Modular Startup,,,,
DIYSynthMNL,Eurorack PT2399 Delay,PT2399 delay,,https://github.com/DIYSynthMNL/Eurorack-PT2399-Delay/blob/main/schematic%20pdfs/Eurorack-PT2399-Delay-Rev0.1.1.pdf,,,https://github.com/DIYSynthMNL/Eurorack-PT2399-Delay,,,HP ? · 3D,https://github.com/DIYSynthMNL/Eurorack-PT2399-Delay/blob/main/photos/front.jpg https://github.com/DIYSynthMNL/Eurorack-PT2399-Delay/blob/main/photos/prototype-board.jpg,
DatanoiseTV,USB-C Eurorack PSU,power supply (USB-C PD),,x,easyEDA + gerbers,SMD,https://github.com/DatanoiseTV/USB-C-Eurorack-PSU,,,,https://github.com/DatanoiseTV/USB-C-Eurorack-PSU/blob/main/PSU_2D_new.jpg,
Electric Druid + DenBelmans,Eurorack Dual VCA,VCA (dual),,https://github.com/DenBelmans/Eurorack-Dual-VCA/blob/main/VCAbottom.pdf,kicad + gerbers,THT,https://github.com/DenBelmans/Eurorack-Dual-VCA,,X,8HP · kicad + gerbers,https://github.com/DenBelmans/Eurorack-Dual-VCA/blob/main/VCA%20Picture.jpg,
Fihdi,BIPO,"VCA (dual, bipolar) / ring modulator",CC BY-NC 4.0,https://github.com/Fihdi/BIPO/blob/main/BIPO-Schematic.pdf,kicad + gerbers,SMD,https://github.com/Fihdi/BIPO,,,,https://github.com/Fihdi/BIPO/blob/main/BIPO.png,
Fihdi,DICE,S&H / noise / random voltage / comparator,CC BY-NC 4.0,https://github.com/Fihdi/DICE/blob/main/DICE-Schematic.pdf,kicad + gerbers,SMD,https://github.com/Fihdi/DICE,,,,,
Fihdi,SCULPT,ADSR,CC BY-NC 4.0,https://github.com/Fihdi/SCULPT/blob/main/ADSR-Schematic.pdf,kicad,SMD,https://github.com/Fihdi/SCULPT,,,,https://github.com/Fihdi/SCULPT/blob/main/SCULPT.jpeg,
Fihdi,SVF12,VCF (12dB state-variable),CC BY-NC 4.0,https://github.com/Fihdi/SVF12/blob/main/SVF12-Schematic.pdf,kicad + gerbers,SMD,https://github.com/Fihdi/SVF12,,,,https://github.com/Fihdi/SVF12/blob/main/SVF12-Front.png,
Fihdi,UNO,VCO / LFO,CC BY-NC 4.0,https://github.com/Fihdi/UNO/blob/main/UNOSchematic.pdf,kicad + gerbers,SMD,https://github.com/Fihdi/UNO,,,,,
Serge + Fihdi,VCAR,slope generator (AR envelope / slew),CC BY-NC 4.0,https://github.com/Fihdi/VCAR/blob/main/VCARSMD.pdf,kicad + gerbers,SMD,https://github.com/Fihdi/VCAR,,,,,
Floating-Knobs,Cuisine,sequencer / controller platform (ATmega4809),,https://github.com/Floating-Knobs/Cuisine_Hardware/blob/main/Cuisine_schematic.pdf,,,https://github.com/Floating-Knobs/Cuisine_Hardware,,,,,
L71,VCLFO,LFO / VCO,CC BY-SA,x,eagle,both,https://github.com/L71/VCLFO,,,8HP · eagle + svg,,
LjungrennAudio,X(N)OR-NOT,logic (XNOR / NOT),,https://github.com/LjungrennAudio/ryomodular-com-xnor-not/blob/main/docs/RYO_X%28N%29OR-NOT_Schematics.pdf,,,https://github.com/LjungrennAudio/ryomodular-com-xnor-not,,,,,https://github.com/LjungrennAudio/ryomodular-com-xnor-not/blob/main/docs/RYO_X%28N%29OR-NOT_Assembly_Guide.pdf https://github.com/LjungrennAudio/ryomodular-com-xnor-not/blob/main/docs/X%28N%29OR/downloads/xnor%20assembly%20guide.pdf
Tesseract Modular,Sweet Sixteen,fader controller (16-ch),MIT (firmware),x,eagle,both,https://github.com/M4ngu/Sweet-Sixteen,based on 16n faderbank,,,https://github.com/M4ngu/Sweet-Sixteen/blob/master/20191105_181811.jpg https://github.com/M4ngu/Sweet-Sixteen/blob/master/SweetSixteen_.jpg https://github.com/M4ngu/Sweet-Sixteen/blob/master/sweet_pcb.jpg,
Mutable Instruments + MichiganSynthWorks,2HP2CV,USB-MIDI to CV,MIT,x,eagle,SMD,https://github.com/MichiganSynthWorks/Euro-Modules/tree/master/2HP2CV,,,,,
Midiverse Modular,MVM006 LFO,LFO,,https://github.com/MidiverseModular/MVM006_LFO/blob/main/MVM006%20LFO%20Schematic.pdf,,,https://github.com/MidiverseModular/MVM006_LFO,,,,,https://github.com/MidiverseModular/MVM006_LFO/blob/main/MVM006%20LFO_Build%20Guide.pdf
Midiverse Modular,MVM025 Diode Filter,VCF (diode),,https://github.com/MidiverseModular/MVM025_DiodeFilter/blob/main/MVM025%20Diode%20Filter_Schematic.pdf,,,https://github.com/MidiverseModular/MVM025_DiodeFilter,,,,,https://github.com/MidiverseModular/MVM025_DiodeFilter/blob/main/MVM025%20Diode%20Filter_Build%20Guide.pdf
Rebel Technology,Chronos,tap tempo / clock,GPL v2,https://github.com/RebelTechnology/Chronos/blob/master/hardware/TapTempo-schematic.pdf,,,https://github.com/RebelTechnology/Chronos,,,,,
SourceryOne,S|T&H (SITH),S&H / T&H (Arduino),,https://github.com/SourceryOne/Arduino-Sample-and-Hold/blob/main/Schematic_Arduino-S-H_2024-05-07.pdf,,,https://github.com/SourceryOne/Arduino-Sample-and-Hold,,,,,
Mutable Instruments + SourceryOne,Beaks,function generator (dual; envelope / LFO / drum),CC BY-SA 3.0,https://github.com/SourceryOne/Beaks/blob/main/Schematic_MiaW-Beaks-MI-peaks-clone-v1_1.pdf,gerbers,THT,https://github.com/SourceryOne/Beaks,Mutable Instruments Peaks clone running Mathias Levy's $peaks firmware,,8HP · gerbers,https://github.com/SourceryOne/Beaks/blob/main/BeaksFP.jpg,
Mutable Instruments + SourceryOne,Grenar,Bernoulli Gate,,https://github.com/SourceryOne/Grenar/blob/main/Schematic_MiaW-Grenar-a-MI-branches-clone-th_2025-07-22.pdf,gerbers,THT,https://github.com/SourceryOne/Grenar,THT variant of Mutable Instruments Branches,,6HP · gerbers,,
StudioKAT,Passive LPG 1U,LPG (passive),CC BY-SA 4.0,https://github.com/StudioKAT/PassiveLPG1U/blob/main/v1.0/Schematics/Passive%20LPG%201U_schematics_v1.0.pdf,kicad + gerbers,SMD,https://github.com/StudioKAT/PassiveLPG1U/tree/main/v1.0,1U,,1U 6HP · gerbers,,
StudioKAT,Vintage Dual VCA,"VCA (dual, LM13700)",CC BY-SA 4.0,https://github.com/StudioKAT/VintageDualVCA/blob/main/v1.0/Schematics/VintageDualVCA_schematics_v1.0.pdf,kicad + gerbers,SMD,https://github.com/StudioKAT/VintageDualVCA/tree/main/v1.0,,,8HP · gerbers,,
Synthrotek,ADSR,ADSR,CC BY-SA,https://github.com/Synthrotek/ADSR/blob/master/Hardware/Schematics/ADSR%20Main%20Board%20v1.1.pdf,gerbers,,https://github.com/Synthrotek/ADSR,,,4HP · gerbers + pdf,,
YuSynth + TOILmodular,EurorackVCPanner,"panner (VC, 2-ch)",,https://github.com/TOILmodular/EurorackVCPanner/blob/main/Schematic/VCPanner_Schematic.pdf,gerbers,,https://github.com/TOILmodular/EurorackVCPanner,,,,,
Mutable Instruments + TOILmodular,Plaits,macro oscillator,,https://github.com/TOILmodular/Plaits/blob/main/Schematic/Schematic_Plaits.pdf,gerbers,SMD,https://github.com/TOILmodular/Plaits,,,12HP · gerbers,,
Pro Co + TOILmodular,RAT,"distortion (dual, RAT)",,https://github.com/TOILmodular/RAT/blob/main/Schematic/Schematic.pdf,gerbers,SMD,https://github.com/TOILmodular/RAT,,,8HP · gerbers,,
Mutable Instruments + TOILmodular,Tides v2018,function generator (tidal modulator),,https://github.com/TOILmodular/TidesV2/blob/main/Schematic/Schematic.pdf,gerbers,SMD,https://github.com/TOILmodular/TidesV2,,,18HP · gerbers,,
HAGIWO + Testbild-synth,HAGIWO 005 Generative Sequencer,sequencer (generative CV / gate),,https://github.com/Testbild-synth/HAGIWO-005-Eurorack-sequencer/blob/main/schematic.pdf,kicad + gerbers,THT,https://github.com/Testbild-synth/HAGIWO-005-Eurorack-sequencer,,,6HP · kicad + gerbers + svg,https://github.com/Testbild-synth/HAGIWO-005-Eurorack-sequencer/blob/main/images/005_front.jpg https://github.com/Testbild-synth/HAGIWO-005-Eurorack-sequencer/blob/main/images/005_side.jpg https://github.com/Testbild-synth/HAGIWO-005-Eurorack-sequencer/blob/main/images/v_sel.jpeg,
HAGIWO + Testbild-synth,HAGIWO 033 Dual Quantizer,quantizer (dual),MIT,https://github.com/Testbild-synth/HAGIWO-029-033-Eurorack-quantizer/blob/main/schematic.pdf,kicad + gerbers,THT,https://github.com/Testbild-synth/HAGIWO-029-033-Eurorack-quantizer,same hardware as HAGIWO 029 SH-101 Sequencer (other firmware),,,,
HAGIWO + Testbild-synth,HAGIWO 029 SH-101 Sequencer,sequencer (SH-101 style),MIT,https://github.com/Testbild-synth/HAGIWO-029-033-Eurorack-quantizer/blob/main/schematic.pdf,kicad + gerbers,THT,https://github.com/Testbild-synth/HAGIWO-029-033-Eurorack-quantizer,same hardware as HAGIWO 033 Dual Quantizer (other firmware),,,,
HAGIWO + Testbild-synth,HAGIWO 009 6-Channel Gate Sequencer,gate sequencer (6-ch),MIT,https://github.com/Testbild-synth/Hagiwo_009_030_sequencer/blob/main/schematic.pdf,kicad + gerbers,THT,https://github.com/Testbild-synth/Hagiwo_009_030_sequencer,same hardware as HAGIWO 030 Euclidean Rhythm Sequencer (other firmware),,HP ? · kicad,,
HAGIWO + Testbild-synth,HAGIWO 030 Euclidean Rhythm Sequencer,Euclidean rhythm sequencer,MIT,https://github.com/Testbild-synth/Hagiwo_009_030_sequencer/blob/main/schematic.pdf,kicad + gerbers,THT,https://github.com/Testbild-synth/Hagiwo_009_030_sequencer,same hardware as HAGIWO 009 6-Channel Gate Sequencer (other firmware),,HP ? · kicad,,
Voxmachina + Testbild-synth,Sigma²,function generator (dual; Maths-style),MIT,https://github.com/Testbild-synth/sigma-squared/blob/main/sigma_control_schemactic.pdf,easyEDA + gerbers,,https://github.com/Testbild-synth/sigma-squared,reimagining of Make Noise Maths,,HP ? · gerbers,https://github.com/Testbild-synth/sigma-squared/blob/main/images/sigma2_panel.JPG https://github.com/Testbild-synth/sigma-squared/blob/main/images/sigma_main.JPG,
Olivia Artz Modular + TimoRozendal,Time Machine (slim) + expander,multi-tap delay,CC BY-NC-SA 4.0,https://github.com/TimoRozendal/time-machine/blob/main/Hardware/Expander%20Schematic.pdf,gerbers,SMD,https://github.com/TimoRozendal/time-machine,,,13HP · gerbers,,
VikingCube,VikingCube Midi,MIDI interface,,x,kicad,SMD,https://github.com/VikingCube/VC-PCB-Midi,,,,,
Kassutronics + WimOliphant,Kassutronics Precision ADSR (Eddy Bergman version),ADSR,,https://github.com/WimOliphant/bergman-kassutronics-adsr-kicad-gerber/blob/main/Kassutronics%20Precision%20ADSR%20schematic%20EB%20version.jpg,kicad,THT,https://github.com/WimOliphant/bergman-kassutronics-adsr-kicad-gerber,Eddy Bergman's version of the Kassutronics Precision ADSR,X,,,
Roland + WimOliphant,TB-303 VCF,VCF (TB-303 diode ladder),,x,kicad,THT,https://github.com/WimOliphant/tb303_vcf_kicad_project_gerbers,schematic via Eddy Bergman,X,,,
Look Mum No Computer + Yorams,Performance VCO,VCO (AS3340),,x,eagle,both,https://github.com/Yorams/performancevco,,,HP ? · pdf,https://github.com/Yorams/performancevco/blob/master/Board.png https://github.com/Yorams/performancevco/blob/master/Images/Build1.jpeg https://github.com/Yorams/performancevco/blob/master/Images/Build2.jpeg https://github.com/Yorams/performancevco/blob/master/Images/Build3.JPG https://github.com/Yorams/performancevco/blob/master/Images/VCO1.jpg https://github.com/Yorams/performancevco/blob/master/Images/VCO2.jpg https://github.com/Yorams/performancevco/blob/master/Images/VCO3.jpg https://github.com/Yorams/performancevco/blob/master/Images/VCO4.jpg,
Olivia Artz Modular + abluenautilus,Tap-O-Matic DDV,multi-tap delay,CC BY-NC-SA 4.0,x,kicad + gerbers,THT,https://github.com/abluenautilus/Tap-O-Matic-DDV,based on Tap-O-Matic by Harry Richardson (https://github.com/cormallen/tap-o-matic),,24HP · kicad + gerbers + svg + ai + pdf + fpd,https://github.com/abluenautilus/Tap-O-Matic-DDV/blob/main/images/Back-side.jpg https://github.com/abluenautilus/Tap-O-Matic-DDV/blob/main/images/Insulate.jpg,https://github.com/abluenautilus/Tap-O-Matic-DDV/blob/main/docs/Tap%20o%20Matic%20DDV%20Build%20Guide.docx
Thomas Henry + atoav,TH-VCO1,VCO,"none granted (all rights Thomas Henry, per README)",https://github.com/atoav/TH-VCO1/blob/master/vco1_components.pdf,eagle,THT,https://github.com/atoav/TH-VCO1,based on Tom Whitwell's Eurorack layout of the Thomas Henry VCO-1,,HP ? · eagle + ai,https://github.com/atoav/TH-VCO1/blob/master/Board_Images/vco1-board-components.jpg https://github.com/atoav/TH-VCO1/blob/master/Board_Images/vco1-board-components.png https://github.com/atoav/TH-VCO1/blob/master/Board_Images/vco1-board-pots.jpg https://github.com/atoav/TH-VCO1/blob/master/Collateral/340-3094-3906.jpg https://github.com/atoav/TH-VCO1/blob/master/Panel_Renders/VCO1-render2.jpg https://github.com/atoav/TH-VCO1/blob/master/Panel_Renders/VCO1-render3.jpg,
backtail,6hp psu,power supply,,x,kicad,SMD,https://github.com/backtail/6hp-psu/tree/master/KiCad_Project,,,HP ? · svg,,
backtail,mHz oscillator,"LFO (VC, retrigger)",,x,kicad + gerbers,SMD,https://github.com/backtail/mHz-oscillator/tree/master/KiCad_Project,,,6HP · gerbers + svg,,
backtail,ctrl+m,attenuator / clipper / offset (CV),,x,kicad,SMD,https://github.com/backtail/strg-m/tree/master/KiCad_Project,,,HP ? · svg,,
Bastl Instruments + barnabywalters,Schräg,VCF (multimode),CC BY-SA 4.0,https://github.com/barnabywalters/Schraeg/blob/master/Schraeg/Schraeg.pdf,kicad + gerbers,SMD,https://github.com/barnabywalters/Schraeg/tree/master/Schraeg,,,,,https://github.com/barnabywalters/Schraeg/blob/master/Schraeg/output/Archive/2019%20Edition%20Board%20%28v0.1%29/Schraeg-2019-Build-Guide.md
Bastl Instruments,Citadel,digital synth platform (Kastle 2),CC BY-SA 4.0,https://github.com/bastl-instruments/citadel/blob/main/schematics/Citadel_1.0_schematic.pdf,eagle,,https://github.com/bastl-instruments/citadel,,,16HP · eagle + 3D,https://github.com/bastl-instruments/citadel/blob/main/images/readme/bastl-citadel-debug-1.jpg https://github.com/bastl-instruments/citadel/blob/main/images/readme/bastl-citadel-debug-2.jpg https://github.com/bastl-instruments/citadel/blob/main/images/readme/bastl-citadel-wavebard.png,
beLow-Industries,mod-mosfet,"wave shaper (triple, MOSFET)",,https://github.com/beLow-Industries/mod-mosfet/blob/main/Schematic_Mosfet_V1.pdf,,,https://github.com/beLow-Industries/mod-mosfet,,,,,
Mcshafty + belllabsynth,Slew Limiter,slew limiter,,https://github.com/belllabsynth/Slew-Limiter/blob/main/Slew%20Limiter%20Schematic.pdf,kicad + gerbers,THT,https://github.com/belllabsynth/Slew-Limiter,,?,4HP · kicad + gerbers + dxf + ai,,
bmoren,Attenuated nearness,"mixer / panner (7-in stereo, attenuated)",CC BY-SA 4.0,x,kicad + gerbers,SMD,https://github.com/bmoren/attenuated-nearness,variation of the nearness module,,6HP · kicad + gerbers + ai,https://github.com/bmoren/attenuated-nearness/blob/master/nearnessatt.jpg,
breakfastelectroacoustics,Basic Bipolar Input Eurorack Power Supply,power supply (bipolar AC input),CC BY-NC-SA 4.0,https://github.com/breakfastelectroacoustics/basic-bipolar-input-eurorack-power-supply/blob/main/Schematic/basic-bipolar-input-eurorack-power-supply.png,kicad + gerbers,THT,https://github.com/breakfastelectroacoustics/basic-bipolar-input-eurorack-power-supply,,,,https://github.com/breakfastelectroacoustics/basic-bipolar-input-eurorack-power-supply/blob/main/Photos/basic-bipolar-input-eurorack-power-supply.jpg,
breakfastelectroacoustics,Basic Eurorack Power Supply,power supply (AC input),CC BY-NC-SA 4.0,https://github.com/breakfastelectroacoustics/basic-eurorack-power-supply/blob/main/Schematic/basic-eurorack-power-supply.png,kicad + gerbers,THT,https://github.com/breakfastelectroacoustics/basic-eurorack-power-supply,,,,https://github.com/breakfastelectroacoustics/basic-eurorack-power-supply/blob/main/Photos/basic-eurorack-power-supply.jpg,
butchwarns,Eurorack Bus Board,bus board,,https://github.com/butchwarns/Eurorack_Bus_Board/blob/main/Schematic_Eurorack_Bus_Board.pdf,kicad + gerbers,THT,https://github.com/butchwarns/Eurorack_Bus_Board,,,,https://github.com/butchwarns/Eurorack_Bus_Board/blob/main/pictures/eurorack_bus_board_v010_assembled.jpg https://github.com/butchwarns/Eurorack_Bus_Board/blob/main/pictures/eurorack_bus_board_v010_pcb_top.jpg,
Rene Schmitz + caseyjholmes,ADSR,ADSR (2HP),,x,kicad + gerbers,SMD,https://github.com/caseyjholmes/ADSR,,,2HP · kicad + gerbers,,
caseyjholmes,ATMX,attenumixer / multiple,GPL v3,x,eagle + gerbers,THT,https://github.com/caseyjholmes/ATMX,,,4HP · eagle + gerbers,,
Niklas Rohnnberg + Holmes Modular,HMLFO,"LFO (analog, 2HP)",,x,eagle + gerbers,SMD,https://github.com/caseyjholmes/HMLFO,,,2HP · eagle + gerbers + dxf + 3D,,
Holmes Modular,HMPLPGVCA,LPG / VCA (passive vactrol),GPL v3,x,eagle + gerbers,SMD,https://github.com/caseyjholmes/HMPLPGVCA,,,2HP · eagle + gerbers,,
Holmes Modular,MMPV3,"mixer (5-ch, mute / pan, stereo)",,x,eagle + gerbers,SMD,https://github.com/caseyjholmes/MMPV3,,,14HP · eagle + gerbers,,
cctvfm,Cascadence,Arduino platform (programmable),,https://github.com/cctvfm/cascadence/blob/master/hardware/Cascadence-Schematic.pdf,eagle + gerbers,SMD,https://github.com/cctvfm/cascadence,,,4HP · eagle + gerbers + ai,,
cctvfm,quadtec 101,"oscillator (quad, panning)",,https://github.com/cctvfm/quadtec101/blob/master/PCB/schematic.pdf,eagle + gerbers,THT,https://github.com/cctvfm/quadtec101,,,14HP · eagle + gerbers + dxf,,https://github.com/cctvfm/quadtec101/blob/master/BUILD%20GUIDE.pdf
Syntherjack + chairaudio,ILSE,"synth voice (analog, monophonic)","custom (open source, no commercial copies)",https://github.com/chairaudio/ILSE/blob/main/ilse.pdf,kicad + gerbers,THT,https://github.com/chairaudio/ILSE,,,HP ? · kicad + gerbers + 3D,https://github.com/chairaudio/ILSE/blob/main/3d_viewer.jpg https://github.com/chairaudio/ILSE/blob/main/ilse2.png https://github.com/chairaudio/ILSE/blob/main/ilse3.png https://github.com/chairaudio/ILSE/blob/main/ilse4.png,
YuSynth + charonme,heptaphasis,LFO (7-phase quadrature sine),,https://github.com/charonme/heptaphasis/blob/master/circuit_core.png,eagle + gerbers,SMD,https://github.com/charonme/heptaphasis,,,,https://github.com/charonme/heptaphasis/blob/master/heptaphasis_panel.jpg,
cob333,Eurorack PD USB Power Supply,power supply (USB-C PD),MIT,https://github.com/cob333/Eurorack_PD_USB/blob/main/SCH_PD-USB_V5.pdf,gerbers,SMD,https://github.com/cob333/Eurorack_PD_USB,inspired by Powerline,,,https://github.com/cob333/Eurorack_PD_USB/blob/main/images/Eurorack_PD_USB_Back.jpg https://github.com/cob333/Eurorack_PD_USB/blob/main/images/Eurorack_PD_USB_Front.jpg https://github.com/cob333/Eurorack_PD_USB/blob/main/images/Test.jpg,
Benjamin Bonnal + coredon17,Octofex,FV-1 multi-effect,,x,kicad + gerbers,both,https://github.com/coredon17/Octofex/tree/main/GIT,,,10HP · kicad + gerbers,,
ramphands + crowselectromusic,HEAR,"output mixer (4-ch, line / headphone)",CC BY-SA 4.0,https://github.com/crowselectromusic/HEAR/blob/main/HEAR-schematic.pdf,kicad + gerbers,SMD,https://github.com/crowselectromusic/HEAR,"derived from Exits, which combines Nearness and a headphone stage",?,8HP · easyeda + svg + dxf,https://github.com/crowselectromusic/HEAR/blob/main/img/HEAR-3d.jpg https://github.com/crowselectromusic/HEAR/blob/main/img/HEAR-proto.jpg,
CTAG + Antumbra,Strämpler (Antumbra hardware),sample streamer / digital synth,CC BY-NC-SA 4.0 (hardware),x,eagle,SMD,https://github.com/ctag-fh-kiel/ctag-straempler/tree/master/hardware/antumbra,,,HP ? · eagle,,
dchwebb,Ampelope,envelope / VCA,,https://github.com/dchwebb/Ampelope/blob/main/Hardware/Ampelope_Components.pdf,kicad + gerbers,SMD,https://github.com/dchwebb/Ampelope,,,12HP · kicad + gerbers + pdf + 3D,https://github.com/dchwebb/Ampelope/blob/main/pictures/ampelope_back.jpg https://github.com/dchwebb/Ampelope/blob/main/pictures/ampelope_front.jpg,
Thomas Henry + drahosj,VCO-1,VCO,,https://github.com/drahosj/VCO-1/blob/master/VCO-1.pdf,kicad,both,https://github.com/drahosj/VCO-1,,,,,
AionFX + fablabnk,EuroTubeScreamer,overdrive (Tube Screamer style),,x,kicad,,https://github.com/fablabnk/EuroTubeScreamer/tree/main/EuroTubeScreamer,,,,,
ramphands + fablabnk,HeadPho,headphone amp,,x,kicad + gerbers,THT,https://github.com/fablabnk/HeadPho,,,4HP · kicad + svg,,https://github.com/fablabnk/HeadPho/blob/main/BuildNotes.md
fancyyyyy,kid,VCO (triangle-core),,x,eagle,SMD,https://github.com/fancyyyyy/kid,,,,,
Roland + gerb-ster,Vulcan DCO,DCO (Juno-106 core),,https://github.com/gerb-ster/Vulcan-DCO/blob/main/schematics/Vulcan-DCO-ioboard.pdf,eagle + gerbers,THT,https://github.com/gerb-ster/Vulcan-DCO,,,10HP · dxf + ai + pdf,https://github.com/gerb-ster/Vulcan-DCO/blob/main/images/IMG_1315.jpeg https://github.com/gerb-ster/Vulcan-DCO/blob/main/images/IMG_1316.jpeg https://github.com/gerb-ster/Vulcan-DCO/blob/main/images/IMG_1317.jpeg https://github.com/gerb-ster/Vulcan-DCO/blob/main/images/IMG_1318.jpeg https://github.com/gerb-ster/Vulcan-DCO/blob/main/images/IMG_1319.jpeg https://github.com/gerb-ster/Vulcan-DCO/blob/main/images/IMG_1320.jpeg https://github.com/gerb-ster/Vulcan-DCO/blob/main/images/IMG_1321.jpeg https://github.com/gerb-ster/Vulcan-DCO/blob/main/images/IMG_1322.jpeg https://github.com/gerb-ster/Vulcan-DCO/blob/main/images/attiny%20programmer.jpeg,
ishkabbible,TAM v3,attenuverter / mixer (triple),CC BY-SA,https://github.com/ishkabbible/TAM_V3/blob/master/PCB/active_3attMix_v3_schematic.pdf,kicad + gerbers,SMD,https://github.com/ishkabbible/TAM_V3,,,HP ? · kicad + gerbers + pdf,https://github.com/ishkabbible/TAM_V3/blob/master/active_3attMix%20V3%201u%203D.jpg https://github.com/ishkabbible/TAM_V3/blob/master/active_3attMix_v3%203D%20front%20perspective.jpg https://github.com/ishkabbible/TAM_V3/blob/master/active_3attMix_v3%203D%20front.jpg https://github.com/ishkabbible/TAM_V3/blob/master/active_3attMix_v3%20PCB%203D%20back.jpg https://github.com/ishkabbible/TAM_V3/blob/master/active_3attMix_v3%20PCB%203D%20front%20perspective.jpg https://github.com/ishkabbible/TAM_V3/blob/master/active_3attMix_v3%20PCB%203D%20front.jpg,https://github.com/ishkabbible/TAM_V3/blob/master/PCB/active_3attMix%20v3%20back%20assembly%20drawing.pdf https://github.com/ishkabbible/TAM_V3/blob/master/PCB/active_3attMix%20v3%20front%20assembly%20drawing.pdf
jacobbarssbailey,Active Multiples,buffered multiple (dual 1-to-3),MIT,https://github.com/jacobbarssbailey/active-multiples/blob/master/hardware/active-multiples.sch.pdf,eagle,SMD,https://github.com/jacobbarssbailey/active-multiples,,,4HP · eagle + svg,https://github.com/jacobbarssbailey/active-multiples/blob/master/media/2-boards-front-back.jpg,
Neutron Sound,Dust of Time,"oscillator (dual stereo, digital)","not open source (board files, firmware - per README)",https://github.com/jakplugg/Neutron-Sound-Dust-of-Time/blob/master/schematic.pdf,,,https://github.com/jakplugg/Neutron-Sound-Dust-of-Time,,,HP ? · pdf,https://github.com/jakplugg/Neutron-Sound-Dust-of-Time/blob/master/dot1.jpg,
jeanpri,303 interface,TB-303 voice interface (x0x-heart),,https://github.com/jeanpri/303/blob/main/source%20files/interface%20303/schematic.pdf,kicad + gerbers,SMD,https://github.com/jeanpri/303,,,18HP · kicad + gerbers + pdf,https://github.com/jeanpri/303/blob/main/pictures/01%20-%20303%20interface%20with%20SMD%20and%20TH%20assembled/IMG_6317_result.jpg https://github.com/jeanpri/303/blob/main/pictures/01%20-%20303%20interface%20with%20SMD%20and%20TH%20assembled/IMG_6318_result.jpg https://github.com/jeanpri/303/blob/main/pictures/01%20-%20303%20interface%20with%20SMD%20and%20TH%20assembled/IMG_6319_result.jpg https://github.com/jeanpri/303/blob/main/pictures/01%20-%20303%20interface%20with%20SMD%20and%20TH%20assembled/IMG_6320_result.jpg https://github.com/jeanpri/303/blob/main/pictures/01%20-%20303%20interface%20with%20SMD%20and%20TH%20assembled/IMG_6324_result.jpg https://github.com/jeanpri/303/blob/main/pictures/02%20-%20303%20interface%20front%20panel/IMG_6315_result.jpg https://github.com/jeanpri/303/blob/main/pictures/02%20-%20303%20interface%20front%20panel/IMG_6316_result.jpg https://github.com/jeanpri/303/blob/main/pictures/03%20-%20x0x-hearth/IMG_6322_result.jpg https://github.com/jeanpri/303/blob/main/pictures/03%20-%20x0x-hearth/IMG_6323_result.jpg https://github.com/jeanpri/303/blob/main/pictures/04%20-%20final%20assembly/IMG_6310_result.jpg https://github.com/jeanpri/303/blob/main/pictures/04%20-%20final%20assembly/IMG_6311_result.jpg https://github.com/jeanpri/303/blob/main/pictures/04%20-%20final%20assembly/IMG_6312_result.jpg https://github.com/jeanpri/303/blob/main/pictures/04%20-%20final%20assembly/IMG_6313_result.jpg https://github.com/jeanpri/303/blob/main/pictures/04%20-%20final%20assembly/IMG_6314_result.jpg https://github.com/jeanpri/303/blob/main/pictures/FRONT.jpg https://github.com/jeanpri/303/blob/main/pictures/SIDE.jpg,https://github.com/jeanpri/303/blob/main/assembly%20guide.pdf
jortigoso,output_1,"output module (stereo, headphone)",,,gerbers,,https://github.com/jortigoso/output_1,,,,https://github.com/jortigoso/output_1/blob/main/imgs/output.png https://github.com/jortigoso/output_1/blob/main/imgs/pots.png,
josbouten,Fold-O-Matic,wave folder,,https://github.com/josbouten/Fold-O-Matic/blob/master/Fold-O-Matic_schematic_v0.6.png,,,https://github.com/josbouten/Fold-O-Matic,after Dan A's wavefolder publication,,HP ? · 3D,https://github.com/josbouten/Fold-O-Matic/blob/master/3D/20200806_161902.jpg,
josbouten,Ratchet-O-Matic,clock multiplier / divider (ratchet),,https://github.com/josbouten/Ratchet-O-Matic/blob/main/schematics/Schematic_Ratchet-O-Matic-single-IO-board-v0.2.png,gerbers,,https://github.com/josbouten/Ratchet-O-Matic,,,8HP · svg,https://github.com/josbouten/Ratchet-O-Matic/blob/main/fotos/20240711_151741.jpg,
Ken Stone + josbouten,Stomp-Box-Adapt-O-Matic,effects pedal interface,,https://github.com/josbouten/Stomp-Box-Adapt-O-Matic/blob/main/schematic/Schematic_Stomp-Box-Adapt-O-Matic_CGS60_main%20circuit%20V0.2_tested_working.png,gerbers,,https://github.com/josbouten/Stomp-Box-Adapt-O-Matic,,,11HP · svg,https://github.com/josbouten/Stomp-Box-Adapt-O-Matic/blob/main/pictures/20230509_171236.jpg https://github.com/josbouten/Stomp-Box-Adapt-O-Matic/blob/main/pictures/20230606_152035.jpg,
Rene Schmitz + kraakenstuff,ADSR,ADSR (2HP),,x,kicad + gerbers,SMD,https://github.com/kraakenstuff/ADSR,,,2HP · kicad + gerbers,,
kraakenstuff,PSU,power supply (linear),,x,kicad + gerbers,THT,https://github.com/kraakenstuff/PSU,,,,,
kraakenstuff,PSU-1.5A,power supply + bus board,MIT,x,kicad + gerbers,THT,https://github.com/kraakenstuff/PSU-1.5A,,,,,
Bastl Instruments + kraakenstuff,Skis (SMD),envelope (dual decay) / VCA,,x,kicad + gerbers,SMD,https://github.com/kraakenstuff/Skis,,,6HP · kicad + gerbers,,
Mutable Instruments + kstammits,Shady,attenuverter / mixer (triple),GPL v3,https://github.com/kstammits/Shady/blob/main/Shady.pdf,kicad,THT,https://github.com/kstammits/Shady,,,,,
Rob Hordijk + kweiwen,Benjolin,Benjolin (chaotic oscillators / filter / rungler),,https://github.com/kweiwen/benjolin/blob/master/schematic/pcb_b.pdf,,,https://github.com/kweiwen/benjolin,,,HP ? · pdf,,
lipsumar,Just Between Us,clock generator,,https://github.com/lipsumar/just-between-us/blob/master/docs/schematic.pdf,,,https://github.com/lipsumar/just-between-us,,X,,,
Mutable Instruments + loglow,µBraids SE,macro oscillator (digital),CC BY-SA 4.0,x,eagle,SMD,https://github.com/loglow/uBraids_SE,,,8HP · eagle + ai,,https://github.com/loglow/uBraids_SE/blob/master/uBraids_SE_Display_Module_Assembly.pdf https://github.com/loglow/uBraids_SE/blob/master/uBraids_SE_Main_Board_Assembly.pdf
Mutable Instruments + loglow,µClouds SE,granular processor,CC BY-SA 4.0,x,eagle,both,https://github.com/loglow/uClouds_SE,,,8HP · eagle + ai,,https://github.com/loglow/uClouds_SE/blob/master/uClouds_SE_Control_Board_Assembly.pdf https://github.com/loglow/uClouds_SE/blob/master/uClouds_SE_Main_Board_Assembly.pdf
Mutable Instruments + loglow,µPlaits SE,macro oscillator,CC BY-SA 4.0,x,eagle,both,https://github.com/loglow/uPlaits_SE,,,8HP · eagle,,https://github.com/loglow/uPlaits_SE/blob/master/uPlaits_SE_Control_Board_Assembly.pdf https://github.com/loglow/uPlaits_SE/blob/master/uPlaits_SE_Main_Board_Assembly.pdf
Mutable Instruments + loglow,µRings SE,resonator (physical modelling),CC BY-SA 4.0,https://github.com/loglow/uRings_SE/blob/master/uRings_SE_Control_Board_Schematic.pdf,eagle,SMD,https://github.com/loglow/uRings_SE,,,8HP · eagle,,https://github.com/loglow/uRings_SE/blob/master/uRings_SE_Control_Board_Assembly.pdf https://github.com/loglow/uRings_SE/blob/master/uRings_SE_Main_Board_Assembly.pdf
Patrick Dowling + mxmxmx + Tim Churches + loglow,µo_C SE,multi-function CV utility (quantizer / sequencer / envelopes),CC BY-NC-SA 4.0,x,eagle,SMD,https://github.com/loglow/uo_C_SE,o_C: several apps reuse Mutable Instruments code (ornament-and-cri.me),,8HP · eagle + ai,,https://github.com/loglow/uo_C_SE/blob/master/uo_C_SE_Main_Board_Assembly.pdf
m0xpd,STRACHEY,sequencer (random looping),CC BY-SA 4.0,https://github.com/m0xpd/STRACHEY/blob/main/Hardware/Control/control%20board%20schematic.pdf,kicad,THT,https://github.com/m0xpd/STRACHEY,inspired by Music Thing Modular Turing Machine,,18HP · kicad,https://github.com/m0xpd/STRACHEY/blob/main/Hardware/Panel/STRACHEY%20Panel.jpg,
Ken Stone + martinheterjag,V8 Engine,engine sound simulator (CGS08),,x,eagle,both,https://github.com/martinheterjag/v8_engine,,,,,
mattb,teensy-cv,CV interface (Teensy scaling),,https://github.com/mattb/teensy-cv/blob/master/teensy-cv-schematic.png,eagle,THT,https://github.com/mattb/teensy-cv,,,,,
mesotokyo,Cheap Power Board,power supply / bus board,CC BY 4.0,https://github.com/mesotokyo/cheap-power-board/blob/master/figs/schematic.png,kicad,SMD,https://github.com/mesotokyo/cheap-power-board,,,,https://github.com/mesotokyo/cheap-power-board/blob/master/figs/example.jpg https://github.com/mesotokyo/cheap-power-board/blob/master/figs/pcb.png,
microresearch,gamma,random voltage source,,https://github.com/microresearch/gamma/blob/master/gamma001_revised.pdf,kicad,,https://github.com/microresearch/gamma,,,HP ? · eagle,,
SYSTEM80,JOVE,"VCF (multimode, Jupiter-6 style)",CC BY-NC-SA 4.0,https://github.com/minisystem/JOVE/blob/master/Jove.pdf,kicad + gerbers,SMD,https://github.com/minisystem/JOVE,,,14HP · svg + dxf + ai,,
minisystem,VXO-PSU,power supply / bus board,,x,kicad + gerbers,SMD,https://github.com/minisystem/VXO-PSU,,,,,
moPsy-project,DIV,clock divider / counter,CC BY-SA 4.0,x,kicad,both,https://github.com/moPsy-project/div,,,4HP · kicad + svg + dxf + 3D,https://github.com/moPsy-project/div/blob/main/Doc/2023-05-04_DIV_Case_Shot_Small.jpg https://github.com/moPsy-project/div/blob/main/Doc/2023-06-05_DIV_Case_Shot_both_Small.jpg,https://github.com/moPsy-project/div/tree/main/Doc/Assembly
mohoyt,AS3340 VCO,VCO (AS3340),,https://github.com/mohoyt/as3340_vco/blob/main/img/schematic.png,kicad + gerbers,THT,https://github.com/mohoyt/as3340_vco,,,HP ? · 3D,https://github.com/mohoyt/as3340_vco/blob/main/img/3340_back.jpeg https://github.com/mohoyt/as3340_vco/blob/main/img/3340_front.jpeg https://github.com/mohoyt/as3340_vco/blob/main/img/pcb_back.png https://github.com/mohoyt/as3340_vco/blob/main/img/pcb_front.png,
monome,Teletype,scriptable CV / trigger processor,CC BY-SA 3.0,https://github.com/monome/teletype-hardware/blob/main/teletype-schem.pdf,eagle,SMD,https://github.com/monome/teletype-hardware,,,HP ? · pdf,https://github.com/monome/teletype-hardware/blob/main/teletype.jpg,
mxmxmx,3HP dual OA,offset / attenuator (dual),,https://github.com/mxmxmx/3HP_dual_OA/blob/master/2xOA_schematic.pdf,gerbers,SMD,https://github.com/mxmxmx/3HP_dual_OA,,,3HP · gerbers,,
mxmxmx,CV2Midi,CV to MIDI (5-ch),,,,SMD,https://github.com/mxmxmx/CV2Midi,,,,,
mxmxmx,terminal tedium,Raspberry Pi audio / CV interface (Pd),,x,fritzing + gerbers,SMD,https://github.com/mxmxmx/terminal_tedium,,,,,
mysticcircuits,ANA2,analog logic,CC BY-SA 4.0,https://github.com/mysticcircuits/ANA2/blob/main/ANA2%20Open%20Hardware%20-%20SCHEMATIC%20-%20CC.by.SA%204.0%20licence%20-%20REV%20010825.pdf,diptrace,,https://github.com/mysticcircuits/ANA2,,,,,
mysticcircuits,TREE,sequential switch,CC BY-SA 4.0,x,diptrace,,https://github.com/mysticcircuits/TREE,,,,,
mzourack,QUAAD,sequencer (quad 4-step CV),CC BY 4.0,https://github.com/mzourack/QUAAD/blob/main/PCB/QUAAD_V1_1.pdf,kicad + gerbers,SMD,https://github.com/mzourack/QUAAD,,,22HP · kicad + gerbers,,
oamodular,Time Machine,multi-tap delay,CC BY-NC-SA 4.0,https://github.com/oamodular/time-machine/blob/main/OAM%20Time%20Machine%20Schematic.pdf,,,https://github.com/oamodular/time-machine,,,,,
Rebel Technology,Logoi (Clock Delay),clock divider / counter / delay,GPL v2,https://github.com/pingdynasty/ClockDelay/blob/master/ClockDelaySchematic.png,,,https://github.com/pingdynasty/ClockDelay,,,,,
Rebel Technology,Tonic,sequencer (additive interval),GPL v2,https://github.com/pingdynasty/Tonic/blob/master/hardware/TonicRev03-schematic.pdf,,,https://github.com/pingdynasty/Tonic,,,,,
HAGIWO + poetaster,HAGIWO 019/022/023 Triple Oscillator,"oscillator (FM / chord / additive, Arduino)",MIT,https://github.com/poetaster/HAGIWO_arduino_oscillator/blob/main/schematic.pdf,kicad + gerbers,THT,https://github.com/poetaster/HAGIWO_arduino_oscillator,inspired by luis lutz version (https://github.com/luislutz/Arduino-VDCO),,4HP · kicad + gerbers + svg,https://github.com/poetaster/HAGIWO_arduino_oscillator/blob/main/images/both_parts.jpg https://github.com/poetaster/HAGIWO_arduino_oscillator/blob/main/images/front_pcb.JPG https://github.com/poetaster/HAGIWO_arduino_oscillator/blob/main/images/in_rack.jpg https://github.com/poetaster/HAGIWO_arduino_oscillator/blob/main/images/main_pcb.JPG https://github.com/poetaster/HAGIWO_arduino_oscillator/blob/main/images/panel.JPG https://github.com/poetaster/HAGIWO_arduino_oscillator/blob/main/images/side.jpg,
poetaster,Candelabra,chaos CV generator,GPL v3,https://github.com/poetaster/candelabra/blob/main/candelabra_schem.jpg,fritzing + gerbers,,https://github.com/poetaster/candelabra,,,,https://github.com/poetaster/candelabra/blob/main/candelabra-top_pcb.jpg https://github.com/poetaster/candelabra/blob/main/candelabra_bb.jpg https://github.com/poetaster/candelabra/blob/main/candelabra_pcb.jpg https://github.com/poetaster/candelabra/blob/main/jlc-pcbway-sidebyside.jpg,
poetaster,Portcullis,"VCA (dual, vactrol) / AR envelope",GPL v3,https://github.com/poetaster/portcullis/blob/main/portcullis_schem.jpg,fritzing + gerbers,,https://github.com/poetaster/portcullis,,,,https://github.com/poetaster/portcullis/blob/main/portcullis-top_pcb.jpg https://github.com/poetaster/portcullis/blob/main/portcullis_bb.jpg https://github.com/poetaster/portcullis/blob/main/portcullis_pcb.jpg,
Polykit,Eurorack Power Supply,power supply (AC input),,x,kicad + gerbers,THT,https://github.com/polykit/eurorack-psu,,,,,
Polykit,Raspberry Pi Pico Polyphonic DCO,"DCO (polyphonic, Pico)",,https://github.com/polykit/pico-dco/blob/master/pico-dco.pdf,kicad + gerbers,both,https://github.com/polykit/pico-dco,,,,https://github.com/polykit/pico-dco/blob/master/pico-dco-soldered.jpg,
Roland + Polykit,Polykit VCO-1,"VCO (Jupiter-8 style, with sub-osc)",,x,eagle + gerbers,both,https://github.com/polykit/vco-1,,,,,
ramphands,Exits,output module (line / headphone),CC BY-SA 4.0,https://github.com/ramphands/Exits/blob/main/exits%20schematic.pdf,kicad + gerbers,SMD,https://github.com/ramphands/Exits,based on Nearness (https://github.com/sarnesjo/nearness) and the Forestcaver headphone amp,,4HP · svg + pdf,https://github.com/ramphands/Exits/blob/main/img/exits%203d.jpg https://github.com/ramphands/Exits/blob/main/img/exits%20btm%203d.jpg https://github.com/ramphands/Exits/blob/main/img/exits%20proto.jpg https://github.com/ramphands/Exits/blob/main/img/exits%20top%203d.jpg,
ramphands,Linear Power Board,"power supply (linear, from two SMPS)",,https://github.com/ramphands/LinearPowerBoard/blob/master/linearpowerboard%20schematic.pdf,gerbers,,https://github.com/ramphands/LinearPowerBoard,,,,https://github.com/ramphands/LinearPowerBoard/blob/master/images/example.jpg https://github.com/ramphands/LinearPowerBoard/blob/master/images/linearpowerboard.jpg,
Circuit Abbey + raphschwarz,G8 (DIY edit),clock divider,,x,eagle,both,https://github.com/raphschwarz/Circuit-Abbey-G8-DIY-EDIT,,,,,
reidevries,optofilter,"VCF (Sallen-Key, optocoupler)",GPL v3,https://github.com/reidevries/optofilter/blob/master/audio.pdf,eagle,both,https://github.com/reidevries/optofilter,,,,https://github.com/reidevries/optofilter/blob/master/audiobrd.png,
reidevries,shiitakevm,multiplexer / waveshaper / crossfader (CV-addressed),,x,eagle,both,https://github.com/reidevries/shiitakevm,,X,,https://github.com/reidevries/shiitakevm/blob/master/shiitakevmctlbrdtop.png,
seismicindustries,IPS2,"power supply (USB-C, interruptible)",,x,kicad,both,https://github.com/seismicindustries/IPS2,,,HP ? · 3D,https://github.com/seismicindustries/IPS2/blob/master/render/IPS2_usb_c_front_render_wide_psd.jpg https://github.com/seismicindustries/IPS2/blob/master/render/IPS2_usb_c_perspective_render_wide.png,
shaduzlabs,pink-0,Ableton Link to clock / reset,CC BY-NC-SA 3.0 (hardware),x,eagle,SMD,https://github.com/shaduzlabs/pink-0,,,,https://github.com/shaduzlabs/pink-0/blob/master/hardware/pink-0.jpg,
shannon-greenlight,The Melper,power supply (Moog case to Eurorack),GPL v3,https://github.com/shannon-greenlight/Melper/blob/master/Melper.pdf,kicad + gerbers,both,https://github.com/shannon-greenlight/Melper,,,,,https://github.com/shannon-greenlight/Melper/blob/master/assembly.docx https://github.com/shannon-greenlight/Melper/blob/master/assembly.pdf
Mannequins + sonocircuit,EXI[S]T,output module (transformer),,x,eagle,THT,https://github.com/sonocircuit/EXIST-RIP/tree/master/EXIST-EAGLE%20FILES,adaptation of Mannequins RIP (https://github.com/whimsicalraps/RIP_DIY),,HP ? · eagle,,
soundslikefrank,GROW,sequencer (genetic),GPL v3,x,kicad,SMD,https://github.com/soundslikefrank/grow,,,,https://github.com/soundslikefrank/grow/blob/main/doc/grow.png,
terrabite3,BB8 Sequencer,"sequencer (Baby 8, 8-step)",,https://github.com/terrabite3/BB8/blob/main/BB8_schematic.pdf,easyEDA + gerbers,,https://github.com/terrabite3/BB8,,,11HP · gerbers,https://github.com/terrabite3/BB8/blob/main/BB8.jpg,
YuSynth + thismatters,Clock Divider (type 2),clock divider,,https://github.com/thismatters/EurorackClockDiv2/blob/main/clkdiv2.pdf,kicad,SMD,https://github.com/thismatters/EurorackClockDiv2,,,,,
Music Thing Modular + thismatters,Turing Machine,random looping sequencer (Turing Machine),CC BY-SA 3.0,https://github.com/thismatters/EurorackTuringMachine/blob/main/turing-machine.pdf,kicad,both,https://github.com/thismatters/EurorackTuringMachine,,,,,
Buchla + triglav-modular,208 Timbre Workshop,wave folder (Buchla 208 timbre section),,https://github.com/triglav-modular/208_Timbre_Workshop/blob/main/Schematics/208_Timbre_Workshop_Schematic.pdf,kicad,THT,https://github.com/triglav-modular/208_Timbre_Workshop,,,8HP · kicad + dxf + ai,https://github.com/triglav-modular/208_Timbre_Workshop/blob/main/Images/208_Timbre_Workshop.png,
westlicht,PER|FORMER,"sequencer (performance, multi-track)",CC BY-NC-SA 4.0,https://github.com/westlicht/performer-hardware/blob/master/sequencer.pdf,kicad + gerbers,SMD,https://github.com/westlicht/performer-hardware,firmware: https://github.com/westlicht/performer,,34HP · kicad + gerbers + ai + pdf,https://github.com/westlicht/performer-hardware/blob/master/images/sequencer.jpg,
whimsicalraps,RIP,output module (transformer),,x,eagle,SMD,https://github.com/whimsicalraps/RIP_DIY,Mannequins RIP (Whimsical Raps),,,https://github.com/whimsicalraps/RIP_DIY/blob/main/images/01.jpg https://github.com/whimsicalraps/RIP_DIY/blob/main/images/02.jpg https://github.com/whimsicalraps/RIP_DIY/blob/main/images/03.jpg https://github.com/whimsicalraps/RIP_DIY/blob/main/images/04.jpg https://github.com/whimsicalraps/RIP_DIY/blob/main/images/05.jpg https://github.com/whimsicalraps/RIP_DIY/blob/main/images/06.jpg https://github.com/whimsicalraps/RIP_DIY/blob/main/images/parts.jpg,
yorkmodular,C7H5NO3S,harmonic enhancer,,,,THT,https://github.com/yorkmodular/C7H5NO3S,,,,,
Korg + yorkmodular,YaVCF,VCF (MS-20 style),,https://github.com/yorkmodular/yavcf/blob/main/yavcf-schematic.png,,both,https://github.com/yorkmodular/yavcf,,,,,
4ms Company,QPLFO,"LFO (quad, pingable)",,https://github.com/4ms/QPLFO-v22/blob/master/hardware/qplfo_v22_schematic.pdf,kicad,SMD,https://github.com/4ms/QPLFO-v22/tree/master/hardware/kicad%20v5,,,,,
4ms Company,Stereo Triggered Sampler,"sampler (stereo, triggered)",MIT,https://github.com/4ms/STS/blob/master/hardware/STS-v1.2b-schematic.pdf,,,https://github.com/4ms/STS,,,,,
4ms Company,Spherical Wavetable Navigator,wavetable oscillator (spherical),MIT,https://github.com/4ms/SWN/blob/master/hardware/SWN-schematic-v1.1.pdf,kicad,SMD,https://github.com/4ms/SWN/tree/master/hardware/Kicad%20project/SWN%20v1.1,,,,,
4ms Company,Rotating Clock Divider (RCD),clock divider (rotating),CC BY-NC-SA 4.0,https://github.com/4ms/pcb-RCD-SCM-clocker/blob/master/pcb-v1.2/clocker-schematic-1.png,kicad,SMD,https://github.com/4ms/pcb-RCD-SCM-clocker/tree/master/pcb-v1.2,same PCB as Shuffling Clock Multiplier (SCM),,,,
4ms Company,Shuffling Clock Multiplier (SCM),clock multiplier (shuffling),CC BY-NC-SA 4.0,https://github.com/4ms/pcb-RCD-SCM-clocker/blob/master/pcb-v1.2/clocker-schematic-1.png,kicad,SMD,https://github.com/4ms/pcb-RCD-SCM-clocker/tree/master/pcb-v1.2,same PCB as Rotating Clock Divider (RCD),,,,
Allen Synthesis,EuroPi (surface-mount),programmable module (Raspberry Pi Pico),CC0,x,kicad,SMD,https://github.com/Allen-Synthesis/EuroPi/tree/main/hardware/surface-mount,See alt. version: EuroPi (through-hole),,,,https://github.com/Allen-Synthesis/EuroPi/blob/main/hardware/surface-mount/build_guide.md
Allen Synthesis,EuroPi (through-hole),programmable module (Raspberry Pi Pico),CC0,https://github.com/Allen-Synthesis/EuroPi/blob/main/hardware/through-hole/europi-through-hole-schematic.pdf,,THT,https://github.com/Allen-Synthesis/EuroPi/tree/main/hardware/through-hole,See alt. version: EuroPi (surface-mount),,,,https://github.com/Allen-Synthesis/EuroPi/blob/main/hardware/through-hole/build_guide.md https://github.com/Allen-Synthesis/EuroPi/blob/main/hardware/through-hole/skiff_friendly_instructions.md
Andreas-Dorfner,Powerline USB-C,"power supply (USB-C, front entry)",CERN-OHL-P v2,https://github.com/Andreas-Dorfner/Powerline-USB-C/blob/main/Powerline-USB-C/Powerline-USB-C.pdf,kicad,SMD,https://github.com/Andreas-Dorfner/Powerline-USB-C/tree/main/Powerline-USB-C,,,,,
BelaPlatform,Gliss,touch controller (CV),CC BY-SA,x,kicad,SMD,https://github.com/BelaPlatform/gliss-hardware/tree/public/gliss_main,firmware: https://github.com/BelaPlatform/gliss-firmware,,,,
DIYSynthMNL,Eurorack 2164 Quad Exponential VCA,"VCA (quad, exponential, AS2164)",,https://github.com/DIYSynthMNL/Eurorack-2164-Quad-Exponential-VCA/blob/main/Schematic%20PDFs/Eurorack-2164-Quad-Exponential-VCA-Schematic-Rev0.1.4.pdf,,,https://github.com/DIYSynthMNL/Eurorack-2164-Quad-Exponential-VCA,,,HP ? · 3D,https://github.com/DIYSynthMNL/Eurorack-2164-Quad-Exponential-VCA/blob/main/photos/front-detail.jpg https://github.com/DIYSynthMNL/Eurorack-2164-Quad-Exponential-VCA/blob/main/photos/front.jpg https://github.com/DIYSynthMNL/Eurorack-2164-Quad-Exponential-VCA/blob/main/photos/prototype-board-angle.jpg https://github.com/DIYSynthMNL/Eurorack-2164-Quad-Exponential-VCA/blob/main/photos/prototype-board-detail.jpg https://github.com/DIYSynthMNL/Eurorack-2164-Quad-Exponential-VCA/blob/main/photos/prototype-board.jpg,
Electric Druid + DIYSynthMNL,Eurorack Electric Druid VCDO1,wavetable oscillator (VCDO1),CC BY-NC-SA 4.0,https://github.com/DIYSynthMNL/Eurorack-Electric-Druid-VCDO1/blob/main/Schematic%20PDFs/Electric%20Druid%20VCDO1_Multiboard_Schematic_0.1.4.pdf,,both,https://github.com/DIYSynthMNL/Eurorack-Electric-Druid-VCDO1,,,HP ? · 3D,https://github.com/DIYSynthMNL/Eurorack-Electric-Druid-VCDO1/blob/main/photos/breadboarding/breadboard-1.jpg https://github.com/DIYSynthMNL/Eurorack-Electric-Druid-VCDO1/blob/main/photos/breadboarding/breadboard-2.jpg https://github.com/DIYSynthMNL/Eurorack-Electric-Druid-VCDO1/blob/main/photos/front-angle.jpg https://github.com/DIYSynthMNL/Eurorack-Electric-Druid-VCDO1/blob/main/photos/front.jpg https://github.com/DIYSynthMNL/Eurorack-Electric-Druid-VCDO1/blob/main/photos/prototype-board-back.jpg https://github.com/DIYSynthMNL/Eurorack-Electric-Druid-VCDO1/blob/main/photos/prototype-board.jpg,
Sin Phi + JMHanson4,Miasma 1.03 Revised (SMD),function generator (dual; Rampage-style),,x,kicad + gerbers,SMD,https://github.com/JMHanson4/Miasma_1.03_Revised,Miasma is based on the Befaco Rampage,,,,
Mutable Instruments + Tesseract Modular,FranKinksTides,function generator (tidal modulator),CC BY-SA,x,eagle + gerbers,SMD,https://github.com/M4ngu/FranKinksTides/tree/master/last_version_v1.4,,,,,
Cody Iott + Midiverse Modular,MVM016 VCO,VCO,,https://github.com/MidiverseModular/MVM_OOAK_Project/blob/main/MVM016_VCO/MVM016_VCO_Schematic.pdf,,,https://github.com/MidiverseModular/MVM_OOAK_Project/tree/main/MVM016_VCO,schematics from https://github.com/odeliy/schema-cave,,,,https://github.com/MidiverseModular/MVM_OOAK_Project/blob/main/MVM016_VCO/MVM016%20VCO_Build%20Guide.pdf
Cody Iott + Midiverse Modular,MVM019 Quad Envelope,envelope (quad),,https://github.com/MidiverseModular/MVM_OOAK_Project/blob/main/MVM019_Quad%20Envelope/MVM019_Quad%20Envelope_Schematic.pdf,,,https://github.com/MidiverseModular/MVM_OOAK_Project/tree/main/MVM019_Quad%20Envelope,schematics from https://github.com/odeliy/schema-cave,,,,https://github.com/MidiverseModular/MVM_OOAK_Project/blob/main/MVM019_Quad%20Envelope/MVM019%20Quad%20Envelope_Build%20Guide.pdf
Cody Iott + Midiverse Modular,MVM020 Skew LFO,LFO (skew),,https://github.com/MidiverseModular/MVM_OOAK_Project/blob/main/MVM020_Skew%20LFO/MVM020%20Skew%20LFO_Schematic.pdf,,,https://github.com/MidiverseModular/MVM_OOAK_Project/tree/main/MVM020_Skew%20LFO,schematics from https://github.com/odeliy/schema-cave,,,,https://github.com/MidiverseModular/MVM_OOAK_Project/blob/main/MVM020_Skew%20LFO/MVM020%20Skew%20LFO_Build%20Guide.pdf
Cody Iott + Midiverse Modular,MVM021 Utility Mixer,mixer (utility),,https://github.com/MidiverseModular/MVM_OOAK_Project/blob/main/MVM021_Utility%20Mixer/MVM020%20Utility%20Mixer_Schematic.pdf,,,https://github.com/MidiverseModular/MVM_OOAK_Project/tree/main/MVM021_Utility%20Mixer,schematics from https://github.com/odeliy/schema-cave,,,,https://github.com/MidiverseModular/MVM_OOAK_Project/blob/main/MVM021_Utility%20Mixer/MVM021%20Utility%20Mixer_Build%20Guide.pdf
Cody Iott + Midiverse Modular,MVM024 VCF,VCF,,https://github.com/MidiverseModular/MVM_OOAK_Project/blob/main/MVM024_VCF/MVM024%20VCF_Schematic.pdf,,,https://github.com/MidiverseModular/MVM_OOAK_Project/tree/main/MVM024_VCF,schematics from https://github.com/odeliy/schema-cave,,,,https://github.com/MidiverseModular/MVM_OOAK_Project/blob/main/MVM024_VCF/MVM024%20VCF_Build%20Guide.pdf
Nagasaki45,1 2 3,sequential gate (8-step),,x,eagle,THT,https://github.com/Nagasaki45/eurorack/tree/main/1%202%203,,,4HP · eagle,https://github.com/Nagasaki45/eurorack/blob/main/1%202%203/back.jpg https://github.com/Nagasaki45/eurorack/blob/main/1%202%203/module.jpg,
Nagasaki45,I M smart,"mixer (3-ch, with extras)",,x,eagle,THT,https://github.com/Nagasaki45/eurorack/tree/main/I%20M%20smart,,,4HP · eagle,https://github.com/Nagasaki45/eurorack/blob/main/I%20M%20smart/module.jpg,
Nagasaki45,eurodev,breadboard dev tool (power),,x,eagle,THT,https://github.com/Nagasaki45/eurorack/tree/main/eurodev,,,,,
Nagasaki45,let's play together,clock (analog + MIDI sync),,x,eagle,THT,https://github.com/Nagasaki45/eurorack/tree/main/lets%20play%20together,,,4HP · eagle,https://github.com/Nagasaki45/eurorack/blob/main/lets%20play%20together/back.jpg https://github.com/Nagasaki45/eurorack/blob/main/lets%20play%20together/module.jpg,
Pl0p,Drum_H Hi Hats,hi-hat (analog drum voice),,https://github.com/Pl0p/Modular_Synth/blob/main/Drum-H/Drum_H_v2.pdf,kicad + gerbers,THT,https://github.com/Pl0p/Modular_Synth/tree/main/Drum-H,,X,,https://github.com/Pl0p/Modular_Synth/blob/main/Drum-H/Sources/Back.png https://github.com/Pl0p/Modular_Synth/blob/main/Drum-H/Sources/Front.png,
Pl0p,Drum K MkII,kick (analog drum voice),,https://github.com/Pl0p/Modular_Synth/blob/main/Drum-K_MKII/Drum-K_MKII.pdf,kicad + gerbers,THT,https://github.com/Pl0p/Modular_Synth/tree/main/Drum-K_MKII,,,12HP · kicad + svg,https://github.com/Pl0p/Modular_Synth/blob/main/Drum-K_MKII/Front_Panel.jpg https://github.com/Pl0p/Modular_Synth/blob/main/Drum-K_MKII/Main_PCB.jpg https://github.com/Pl0p/Modular_Synth/blob/main/Drum-K_MKII/Sandwitch.jpg,
Pl0p,Drum_S Snare Drum,snare (analog drum voice),,https://github.com/Pl0p/Modular_Synth/blob/main/Drum-S/Sources/Tiny%20Dazzler%20Schematic.png,kicad,THT,https://github.com/Pl0p/Modular_Synth/tree/main/Drum-S,schematic source: Tiny Dazzler,X,,https://github.com/Pl0p/Modular_Synth/blob/main/Drum-S/Sources/PCB_View_back.jpg https://github.com/Pl0p/Modular_Synth/blob/main/Drum-S/Sources/PCB_View_front.jpg,
Mutable Instruments + Olivella Modular,Quatro,VCA / mixer (quad; Veils),CC BY-SA 3.0,https://github.com/PoloAudiovisual/Quatro/blob/main/Quatro_rev1.1/Schematics%20%26%20BOM/Quatro_main_rev1.1.pdf,gerbers,THT,https://github.com/PoloAudiovisual/Quatro/tree/main/Quatro_rev1.1,,,,,
Quinienl,Mixer,mixer,,x,kicad,THT,https://github.com/Quinienl/Basic-Modules/tree/main/Mixer,,,6HP · gerbers,,
Quinienl,Multiple,multiple (passive),,x,kicad,THT,https://github.com/Quinienl/Basic-Modules/tree/main/Multiple,,,3HP · gerbers,,
Quinienl,Multiple Buffered,buffered multiple,,x,kicad,THT,https://github.com/Quinienl/Basic-Modules/tree/main/MultipleBuffered,,,3HP · gerbers,,
Quinienl,Switch,switch (passive),,x,kicad,THT,https://github.com/Quinienl/Basic-Modules/tree/main/Switch,,,3HP · gerbers,,
Quinienl,LittleBen,master clock,,https://github.com/Quinienl/LittleBen/blob/main/LittleBenv1.pdf,kicad + gerbers,THT,https://github.com/Quinienl/LittleBen,,,9HP · kicad + gerbers + dxf + fpd,https://github.com/Quinienl/LittleBen/blob/main/Pictures/front.jpg,
Shayshez,EuroScope MKII,oscilloscope (DSO150 conversion),,x,eagle + gerbers,SMD,https://github.com/Shayshez/EuroScope,See expander: Expander For EuroScope,,14HP · eagle + gerbers,https://github.com/Shayshez/EuroScope/blob/master/the_right_dso150_kit.jpg,https://github.com/Shayshez/EuroScope/blob/master/EuroScope_mk2-Build_Guide.pdf https://github.com/Shayshez/EuroScope/blob/master/EuroScope_mk2_v2.2-Build_Guide.pdf
Shayshez,Expander For EuroScope,"expander (EuroScope, buffered inputs)",,x,eagle + gerbers,SMD,https://github.com/Shayshez/EuroScope/tree/master/Expander,expander for EuroScope MKII,,2HP · gerbers,https://github.com/Shayshez/EuroScope/blob/master/Expander/Expander.png https://github.com/Shayshez/EuroScope/blob/master/Expander/ST-LINK-Connect.png,
StudioKAT,Dual Timbre,"VCA (dual, lin-exp curve)",CC BY-SA 4.0,https://github.com/StudioKAT/DualTimbre/blob/main/v1.1/Schematics/Dual_Timbre_schematics_v1.1.pdf,kicad + gerbers,SMD,https://github.com/StudioKAT/DualTimbre/tree/main/v1.1,,,8HP · gerbers,,
StudioKAT,R2R DAC,"DAC (5-bit R2R, gates to stepped CV)",CC BY-SA 4.0,https://github.com/StudioKAT/R2R-DAC/blob/main/v2.0/Schematics/R2R%20DAC_schematics_v2.0.pdf,kicad + gerbers,SMD,https://github.com/StudioKAT/R2R-DAC/tree/main/v2.0,,,2HP · gerbers,,
Mutable Instruments + StudioKAT,Toolbox,utility (attenuverter / mult / rectifier),CC BY-SA 4.0,https://github.com/StudioKAT/Toolbox/blob/main/v2.1/Schematics/Toolbox_schematics_v2.1.pdf,kicad + gerbers,SMD,https://github.com/StudioKAT/Toolbox/tree/main/v2.1,,,16HP · gerbers,,
Music Thing Modular,Turing Machine Mk 2,random looping sequencer (Turing Machine),CC BY-SA 3.0,https://github.com/TomWhitwell/TuringMachine/blob/master/Collateral/PDF%20Schematics/TuringMachine2_Schematic_May2016.pdf,eagle + gerbers,THT,https://github.com/TomWhitwell/TuringMachine,,,10HP · eagle + gerbers + pdf,https://github.com/TomWhitwell/TuringMachine/blob/master/Collateral/images/Turing2_800.jpg https://github.com/TomWhitwell/TuringMachine/blob/master/Collateral/images/alps-alpha-switches.jpg,
Voltage Foundry Modular,IRONMix,mixer (stereo line) / headphone out,MIT,x,kicad + gerbers,SMD,https://github.com/VoltageFoundryMod/IRONMix/tree/main/V1,,,4HP · gerbers + pdf,,
attowatt,i2c2midi,Teletype expander (I2C to MIDI),,https://github.com/attowatt/i2c2midi/blob/main/hardware/hardware-MK2/i2c2midi_schematic.png,eagle + gerbers,both,https://github.com/attowatt/i2c2midi/tree/main/hardware/hardware-MK2,,,2HP · eagle + gerbers,https://github.com/attowatt/i2c2midi/blob/main/hardware/hardware-MK2/pictures/i2c2midi_MK2_build_01.JPG https://github.com/attowatt/i2c2midi/blob/main/hardware/hardware-MK2/pictures/i2c2midi_MK2_build_02.JPG https://github.com/attowatt/i2c2midi/blob/main/hardware/hardware-MK2/pictures/i2c2midi_MK2_build_03.JPG https://github.com/attowatt/i2c2midi/blob/main/hardware/hardware-MK2/pictures/i2c2midi_MK2_build_04.JPG https://github.com/attowatt/i2c2midi/blob/main/hardware/hardware-MK2/pictures/i2c2midi_MK2_build_05.JPG https://github.com/attowatt/i2c2midi/blob/main/hardware/hardware-MK2/pictures/i2c2midi_MK2_build_06.JPG https://github.com/attowatt/i2c2midi/blob/main/hardware/hardware-MK2/pictures/i2c2midi_MK2_build_07.JPG https://github.com/attowatt/i2c2midi/blob/main/hardware/hardware-MK2/pictures/i2c2midi_MK2_build_08.JPG https://github.com/attowatt/i2c2midi/blob/main/hardware/hardware-MK2/pictures/i2c2midi_MK2_build_10.JPG https://github.com/attowatt/i2c2midi/blob/main/hardware/hardware-MK2/pictures/i2c2midi_MK2_build_11.JPG https://github.com/attowatt/i2c2midi/blob/main/hardware/hardware-MK2/pictures/i2c2midi_MK2_build_12.JPG https://github.com/attowatt/i2c2midi/blob/main/hardware/hardware-MK2/pictures/i2c2midi_MK2_build_13.JPG https://github.com/attowatt/i2c2midi/blob/main/hardware/hardware-MK2/pictures/i2c2midi_MK2_build_14.JPG https://github.com/attowatt/i2c2midi/blob/main/hardware/hardware-MK2/pictures/i2c2midi_MK2_build_15.JPG https://github.com/attowatt/i2c2midi/blob/main/hardware/hardware-MK2/pictures/i2c2midi_MK2_build_15b.jpg https://github.com/attowatt/i2c2midi/blob/main/hardware/hardware-MK2/pictures/i2c2midi_MK2_build_16.JPG https://github.com/attowatt/i2c2midi/blob/main/hardware/hardware-MK2/pictures/i2c2midi_MK2_build_17.JPG https://github.com/attowatt/i2c2midi/blob/main/hardware/hardware-MK2/pictures/i2c2midi_MK2_build_18.JPG https://github.com/attowatt/i2c2midi/blob/main/hardware/hardware-MK2/pictures/i2c2midi_MK2_shot.jpg,https://github.com/attowatt/i2c2midi/blob/main/hardware/hardware-MK2/BUILD-GUIDE.md
b:art instruments,Matrix Mixer,matrix mixer,,https://github.com/bartinstruments/open-source/blob/main/MATRIX%20MIXER/%28400%29%20MATRIX%20MIXER.pdf,,SMD,https://github.com/bartinstruments/open-source/tree/main/MATRIX%20MIXER,,,,,
benjiaomodular,MiniSNH,S&H (analog) / random gates,MIT,x,kicad,SMD,https://github.com/benjiaomodular/MiniSNH/tree/main/MiniSNH%20v1.1,,,4HP · kicad,,
bmoren,Passive Stereo Output 2hp,"output (passive stereo, 2HP)",CC BY-SA 4.0,x,kicad + gerbers,THT,https://github.com/bmoren/Stereo-Output-2hp/tree/master/passive_stereo_output_rev1,companion for nearness (https://github.com/sarnesjo/nearness),,,,
bmoren,two tone,"LPG / LPF (dual passive, vactrol)",CC BY-SA 4.0,x,kicad + gerbers,THT,https://github.com/bmoren/two-tone/tree/master/rev1_PCB,inspired by Look Mum No Computer and Meng Qi,,,,
bpcmusic,TELEXi,Teletype expander (inputs),CC BY-SA 4.0,https://github.com/bpcmusic/telex/blob/master/hardware/TELEXi/board/Telex-I%20Schematic.pdf,eagle + gerbers,both,https://github.com/bpcmusic/telex/tree/master/hardware/TELEXi,See also: TELEXo,,4HP · gerbers + ai + pdf,,https://github.com/bpcmusic/telex/blob/master/hardware/TELEXi/board/build_map/bb/txi_bb_build_map.pdf https://github.com/bpcmusic/telex/blob/master/hardware/TELEXi/board/build_map/bt/txi_bt_build_map.pdf https://github.com/bpcmusic/telex/blob/master/hardware/TELEXi/board/build_map/tb/txi_tb_build_map.pdf https://github.com/bpcmusic/telex/tree/master/hardware/TELEXi/board/build_map/bb https://github.com/bpcmusic/telex/tree/master/hardware/TELEXi/board/build_map/bt https://github.com/bpcmusic/telex/tree/master/hardware/TELEXi/board/build_map/tb
bpcmusic,TELEXo,Teletype expander (outputs),CC BY-SA 4.0,https://github.com/bpcmusic/telex/blob/master/hardware/TELEXo/board/Telex-O%20Schematic.pdf,eagle + gerbers,both,https://github.com/bpcmusic/telex/tree/master/hardware/TELEXo,See also: TELEXi,,4HP · ai + pdf,,https://github.com/bpcmusic/telex/blob/master/hardware/TELEXo/board/build_map/bb/txo_bb_build_map.pdf https://github.com/bpcmusic/telex/blob/master/hardware/TELEXo/board/build_map/bt/txo_bt_build_map.pdf https://github.com/bpcmusic/telex/blob/master/hardware/TELEXo/board/build_map/tb/txo_tb_build_map.pdf https://github.com/bpcmusic/telex/blob/master/hardware/TELEXo/board/build_map/tt/txo_tt_build_map.pdf https://github.com/bpcmusic/telex/tree/master/hardware/TELEXo/board/build_map/bb https://github.com/bpcmusic/telex/tree/master/hardware/TELEXo/board/build_map/bt https://github.com/bpcmusic/telex/tree/master/hardware/TELEXo/board/build_map/tb https://github.com/bpcmusic/telex/tree/master/hardware/TELEXo/board/build_map/tt
CTAG,CTAG TBD,sound module (ESP32 DSP platform),,https://github.com/ctag-fh-kiel/ctag-tbd/blob/master/hw/pcb/Schematics-pdf/ESP32-Eurorack-Audio.pdf,kicad + gerbers,SMD,https://github.com/ctag-fh-kiel/ctag-tbd,,,,,
dchwebb,Dis Phaze,"oscillator (dual phase distortion, CZ-style)",Apache 2.0,https://github.com/dchwebb/DisPhaze/blob/master/Hardware_v3.5/Schematic.pdf,kicad + gerbers,SMD,https://github.com/dchwebb/DisPhaze/tree/master/Hardware_v3.5,,,12HP · kicad + pdf,,
dchwebb,Kishoof,wavetable oscillator (dual channel),,x,kicad,SMD,https://github.com/dchwebb/Kishoof/tree/main/Hardware/Combined_Controls_Components,,,14HP · kicad,,
dchwebb,Oscar,oscilloscope (3-ch),,https://github.com/dchwebb/Oscar/blob/master/Hardware_v3/Oscar_Components.pdf,kicad + gerbers,SMD,https://github.com/dchwebb/Oscar/tree/master/Hardware_v3,,,14HP · kicad + gerbers,https://github.com/dchwebb/Oscar/blob/master/Hardware_v3/lcd_18pin.jpg,
dchwebb,Punck,"drum machine (digital, sample playback)",,x,kicad + gerbers,SMD,https://github.com/dchwebb/Punck/tree/main/Hardware_v1_1,,,18HP · kicad + gerbers + pdf,,
dchwebb,Retrospector,"delay (stereo, digital)",,x,kicad + gerbers,SMD,https://github.com/dchwebb/Retrospector,,,12HP · kicad + gerbers,https://github.com/dchwebb/Retrospector/blob/master/pictures/components.jpg https://github.com/dchwebb/Retrospector/blob/master/pictures/components.png https://github.com/dchwebb/Retrospector/blob/master/pictures/front.jpg https://github.com/dchwebb/Retrospector/blob/master/pictures/retrospector.png,
dchwebb,Spectralist,additive oscillator,,https://github.com/dchwebb/Spectralist/blob/main/Hardware/Spectralist_Components.pdf,kicad + gerbers,SMD,https://github.com/dchwebb/Spectralist,,,12HP · kicad + gerbers + 3D,,
emeb,Cheep4,oscillator (digital),MIT,x,kicad,SMD,https://github.com/emeb/Cheep4/tree/main/Hardware/cheep4,,,,,
emeb,S3GTA,effects (ESP32-S3 DSP),MIT,x,kicad + gerbers,SMD,https://github.com/emeb/S3GTA/tree/main/Hardware/s3gta_back,,,,,
emeb,G081 Audio,reverb (MIDIVerb algorithm),MIT,https://github.com/emeb/g081_audio/blob/main/Hardware/g081_audio_schematic.pdf,kicad,SMD,https://github.com/emeb/g081_audio/tree/main/Hardware/g081_audio,,,,,
environscape,ContourLine 2.2 4HP,DCO (Arduino / Mozzi),Apache 2.0,,gerbers,SMD,https://github.com/environscape/ContourLine/tree/master/Hardware/v2.2%204HP,,,4HP · gerbers,https://github.com/environscape/ContourLine/blob/master/Hardware/v2.2%204HP/img/%E4%BE%A7%E9%9D%A2.jpg https://github.com/environscape/ContourLine/blob/master/Hardware/v2.2%204HP/img/%E8%83%8C%E9%9D%A2.jpg,
Mutable Instruments + jakplugg,uTides II,function generator (tidal modulator),,x,diptrace + gerbers,,https://github.com/jakplugg/utidesII,,,8HP · fpd,,
johannesstrueber,DOTS,trigger / gate generator (6-ch),CC BY-NC-SA 4.0,x,kicad,SMD,https://github.com/johannesstrueber/dots/tree/main/kicad_main,,,,,
jsenzel1,SUPRA,long-time modulation / processor (multimode),,https://github.com/jsenzel1/supra/blob/main/hardware/JLCPCB%20fabrication%20files/supra_schematic.pdf,kicad + gerbers,SMD,https://github.com/jsenzel1/supra/tree/main/hardware/board%20final%20for%20public,,,,,
maasijam,MF-X1,expander (MONOFA; line / modular level audio I/O),,,gerbers,SMD,https://github.com/maasijam/MONOFA/tree/main/MF-X1,expander for MONOFA,,3HP · gerbers,https://github.com/maasijam/MONOFA/blob/main/MF-X1/Images/mf-x1_maasijam-00284.jpg https://github.com/maasijam/MONOFA/blob/main/MF-X1/Images/mf-x1_maasijam-00291.jpg https://github.com/maasijam/MONOFA/blob/main/MF-X1/Images/mf-x1_maasijam-00292.jpg https://github.com/maasijam/MONOFA/blob/main/MF-X1/Images/mf-x1_maasijam-00293.jpg https://github.com/maasijam/MONOFA/blob/main/MF-X1/Images/mf-x1_maasijam-00294.jpg https://github.com/maasijam/MONOFA/blob/main/MF-X1/Images/mf-x1_maasijam-00295.jpg https://github.com/maasijam/MONOFA/blob/main/MF-X1/Images/mf-x1_maasijam-00296.jpg https://github.com/maasijam/MONOFA/blob/main/MF-X1/Images/mf-x1_maasijam-00297.jpg https://github.com/maasijam/MONOFA/blob/main/MF-X1/Images/mf-x1_maasijam-00298.jpg https://github.com/maasijam/MONOFA/blob/main/MF-X1/Images/mf-x1_maasijam-00299.jpg https://github.com/maasijam/MONOFA/blob/main/MF-X1/Images/mf-x1_maasijam-00300.jpg https://github.com/maasijam/MONOFA/blob/main/MF-X1/Images/mf-x1_maasijam-00301.jpg https://github.com/maasijam/MONOFA/blob/main/MF-X1/Images/mf-x1_maasijam-00302.jpg https://github.com/maasijam/MONOFA/blob/main/MF-X1/Images/mf-x1_maasijam-00303.jpg https://github.com/maasijam/MONOFA/blob/main/MF-X1/Images/mf-x1_maasijam-00304.jpg https://github.com/maasijam/MONOFA/blob/main/MF-X1/Images/mf-x1_maasijam-00305.jpg https://github.com/maasijam/MONOFA/blob/main/MF-X1/Images/mf-x1_maasijam-00306.jpg https://github.com/maasijam/MONOFA/blob/main/MF-X1/Images/mf-x1_maasijam-00307.jpg https://github.com/maasijam/MONOFA/blob/main/MF-X1/Images/mf-x1_maasijam-00308.jpg,
maasijam,MF-X2,expander (MONOFA; MIDI-to-CV / CV-to-MIDI),,https://github.com/maasijam/MONOFA/blob/main/MF-X2/Schematic_MFX2_2026-03-30.pdf,gerbers,SMD,https://github.com/maasijam/MONOFA/tree/main/MF-X2,expander for MONOFA; extended Ornament & Crime,,12HP · gerbers,https://github.com/maasijam/MONOFA/blob/main/MF-X2/Images/mf-x2_gate_connector.jpg https://github.com/maasijam/MONOFA/blob/main/MF-X2/Images/mf-x2_pcb_back.jpg,
maasijam,MONOFA,sound computer (norns),,,gerbers,SMD,https://github.com/maasijam/MONOFA/tree/main/MONOFA,"See expanders: MF-X1, MF-X2",,23HP · gerbers,https://github.com/maasijam/MONOFA/blob/main/MONOFA/Images/monofa_maasijam-00343.jpg https://github.com/maasijam/MONOFA/blob/main/MONOFA/Images/monofa_maasijam-00344.jpg https://github.com/maasijam/MONOFA/blob/main/MONOFA/Images/monofa_maasijam-00345.jpg https://github.com/maasijam/MONOFA/blob/main/MONOFA/Images/monofa_maasijam-00346.jpg https://github.com/maasijam/MONOFA/blob/main/MONOFA/Images/monofa_maasijam-00347.jpg https://github.com/maasijam/MONOFA/blob/main/MONOFA/Images/monofa_maasijam-00348.jpg https://github.com/maasijam/MONOFA/blob/main/MONOFA/Images/monofa_maasijam-00349.jpg https://github.com/maasijam/MONOFA/blob/main/MONOFA/Images/monofa_maasijam-00350.jpg https://github.com/maasijam/MONOFA/blob/main/MONOFA/Images/monofa_maasijam-00352.jpg https://github.com/maasijam/MONOFA/blob/main/MONOFA/Images/monofa_maasijam-00353.jpg https://github.com/maasijam/MONOFA/blob/main/MONOFA/Images/monofa_maasijam-00354.jpg https://github.com/maasijam/MONOFA/blob/main/MONOFA/Images/monofa_maasijam-00355.jpg https://github.com/maasijam/MONOFA/blob/main/MONOFA/Images/monofa_maasijam-00356.jpg https://github.com/maasijam/MONOFA/blob/main/MONOFA/Images/monofa_maasijam-00357.jpg https://github.com/maasijam/MONOFA/blob/main/MONOFA/Images/monofa_maasijam-00358.jpg https://github.com/maasijam/MONOFA/blob/main/MONOFA/Images/monofa_maasijam-00359.jpg https://github.com/maasijam/MONOFA/blob/main/MONOFA/Images/monofa_maasijam-00360.jpg https://github.com/maasijam/MONOFA/blob/main/MONOFA/Images/monofa_maasijam-00361.jpg https://github.com/maasijam/MONOFA/blob/main/MONOFA/Images/monofa_maasijam-00362.jpg https://github.com/maasijam/MONOFA/blob/main/MONOFA/Images/monofa_maasijam-00363.jpg https://github.com/maasijam/MONOFA/blob/main/MONOFA/Images/monofa_maasijam-00364.jpg https://github.com/maasijam/MONOFA/blob/main/MONOFA/Images/monofa_maasijam-00365.jpg https://github.com/maasijam/MONOFA/blob/main/MONOFA/Images/monofa_maasijam-00366.jpg https://github.com/maasijam/MONOFA/blob/main/MONOFA/Images/monofa_maasijam-00367.jpg,
microresearch,WORM,"voice (speech / sound, digital)",GPL,https://github.com/microresearch/WORM/blob/master/worm001.pdf,kicad + gerbers,,https://github.com/microresearch/WORM,,,HP ? · eagle,,
microresearch,WORM (revival),"voice (speech / sound, digital)",GPL,https://github.com/microresearch/WORM/blob/master/revival/worm001.pdf,kicad + gerbers,SMD,https://github.com/microresearch/WORM/tree/master/revival,See also: WORM (original boards),,16HP · kicad + eagle,,
ARP + mohoyt,2600ish VCF,"VCF (ARP 2600 style, low-pass)",,https://github.com/mohoyt/2600ish_vcf/blob/main/2600ish%20VCF%20Schematic.pdf,kicad + gerbers,THT,https://github.com/mohoyt/2600ish_vcf,schematic starting point from Eddy Bergman,,,https://github.com/mohoyt/2600ish_vcf/blob/main/img/back.jpeg https://github.com/mohoyt/2600ish_vcf/blob/main/img/front.jpeg https://github.com/mohoyt/2600ish_vcf/blob/main/img/pcb%20and%20panel.jpeg,
mohoyt,Output mixer,output mixer (4-ch),,https://github.com/mohoyt/output_mixer/blob/main/schematic.pdf,kicad + gerbers,both,https://github.com/mohoyt/output_mixer,inspired by the Erica Synths x mki.edu mixer,,8HP · 3D,https://github.com/mohoyt/output_mixer/blob/main/img/panel.jpeg https://github.com/mohoyt/output_mixer/blob/main/img/pcb_back.jpeg https://github.com/mohoyt/output_mixer/blob/main/img/pcb_front.jpeg,
motovilo,dSPLIT,clock splitter / divider (digital),,https://github.com/motovilo/eurorack-diy/blob/main/dSPLIT/DOC/dSPLIT_sch_v0.2.pdf,eagle + gerbers,THT,https://github.com/motovilo/eurorack-diy/tree/main/dSPLIT,,,3HP · eagle + gerbers,https://github.com/motovilo/eurorack-diy/blob/main/dSPLIT/PHOTO/dSPLIT%20%20Timur%20Samarsky.jpg https://github.com/motovilo/eurorack-diy/blob/main/dSPLIT/PHOTO/dSPLIT%20top.png https://github.com/motovilo/eurorack-diy/blob/main/dSPLIT/PHOTO/dSPLIT_front.jpg https://github.com/motovilo/eurorack-diy/blob/main/dSPLIT/PHOTO/dSPLIT_front_modulargrid.png https://github.com/motovilo/eurorack-diy/blob/main/dSPLIT/PHOTO/dSPLIT_front_solder.jpg https://github.com/motovilo/eurorack-diy/blob/main/dSPLIT/PHOTO/dSPLIT_top.jpg https://github.com/motovilo/eurorack-diy/blob/main/dSPLIT/PHOTO/dSPLIT_top.png https://github.com/motovilo/eurorack-diy/blob/main/dSPLIT/dSPLIT.jpg,https://github.com/motovilo/eurorack-diy/tree/main/dSPLIT/PHOTO/1 https://github.com/motovilo/eurorack-diy/tree/main/dSPLIT/PHOTO/1/NO_MARKS
motovilo,zLINEIN,line input (level shifter),,https://github.com/motovilo/eurorack-diy/blob/main/zLINEIN/zLineIn_v.0.3a_SCH.pdf,eagle + gerbers,THT,https://github.com/motovilo/eurorack-diy/tree/main/zLINEIN,,,6HP · eagle + gerbers,https://github.com/motovilo/eurorack-diy/blob/main/zLINEIN/photos/black%20panel/zLINEIN_angle1.jpg https://github.com/motovilo/eurorack-diy/blob/main/zLINEIN/photos/black%20panel/zLINEIN_angle2.jpg https://github.com/motovilo/eurorack-diy/blob/main/zLINEIN/photos/black%20panel/zLINEIN_angle3.jpg https://github.com/motovilo/eurorack-diy/blob/main/zLINEIN/photos/black%20panel/zLINEIN_side1.jpg https://github.com/motovilo/eurorack-diy/blob/main/zLINEIN/photos/white%20panel/zLineIn_Corner.jpg https://github.com/motovilo/eurorack-diy/blob/main/zLINEIN/photos/white%20panel/zLineIn_Front.jpg https://github.com/motovilo/eurorack-diy/blob/main/zLINEIN/photos/white%20panel/zLineIn_Side.jpg,
motovilo,zOUT,output module,,https://github.com/motovilo/eurorack-diy/blob/main/zOUT/zOUT_v.1.0_SCH.pdf,eagle + gerbers,THT,https://github.com/motovilo/eurorack-diy/tree/main/zOUT,,,6HP · eagle + gerbers,https://github.com/motovilo/eurorack-diy/blob/main/zOUT/Photo/white%20panel/zOut_Corner.jpg https://github.com/motovilo/eurorack-diy/blob/main/zOUT/Photo/white%20panel/zOut_Front.jpg https://github.com/motovilo/eurorack-diy/blob/main/zOUT/Photo/white%20panel/zOut_Front_.jpg https://github.com/motovilo/eurorack-diy/blob/main/zOUT/Photo/white%20panel/zOut_Side.jpg https://github.com/motovilo/eurorack-diy/blob/main/zOUT/Photo/zOUT_1.0_assembled_2.jpg https://github.com/motovilo/eurorack-diy/blob/main/zOUT/Photo/zOUT_v.1.0_PCB_assembled_PCB.jpg https://github.com/motovilo/eurorack-diy/blob/main/zOUT/Photo/zOUT_v.1.0_assembled_3.jpg,
motovilo,zSUM-4,mixer (stereo summing),,https://github.com/motovilo/eurorack-diy/blob/main/zSUM-4/doc/zSum_4_io_board_rev_A_sch.pdf,eagle + gerbers,both,https://github.com/motovilo/eurorack-diy/tree/main/zSUM-4,,,HP ? · ai + pdf,https://github.com/motovilo/eurorack-diy/blob/main/zSUM-4/photos/zSUM-4%20minimal%20kit%20rev.A.jpg https://github.com/motovilo/eurorack-diy/blob/main/zSUM-4/photos/zSUM-4_assembled1.jpg https://github.com/motovilo/eurorack-diy/blob/main/zSUM-4/photos/zSUM-4_assembled_2.jpg https://github.com/motovilo/eurorack-diy/blob/main/zSUM-4/photos/zSUM-4_assembled_3.jpg https://github.com/motovilo/eurorack-diy/blob/main/zSUM-4/photos/zSUM-4_assembled_top.jpg https://github.com/motovilo/eurorack-diy/blob/main/zSUM-4/photos/zSum_Corner.jpg https://github.com/motovilo/eurorack-diy/blob/main/zSUM-4/photos/zSum_Front.jpg https://github.com/motovilo/eurorack-diy/blob/main/zSUM-4/photos/zSum_ModularGrid.png https://github.com/motovilo/eurorack-diy/blob/main/zSUM-4/photos/zSum_Side.jpg,
naokiiwakami,Mini Board 2,controller (mini keyboard),GPL v3,https://github.com/naokiiwakami/analog2.0/blob/master/10_miniboard/doc/miniboard_schematic.png,gerbers,,https://github.com/naokiiwakami/analog2.0/tree/master/10_miniboard,Analog2.0 system (naokiiwakami),,,https://github.com/naokiiwakami/analog2.0/blob/master/10_miniboard/doc/miniboard.jpg,
naokiiwakami,Analog Sequencer,"sequencer (analog, 16-step)",GPL v3,https://github.com/naokiiwakami/analog2.0/blob/master/others/analog_sequencer/analog_sequencer_sch.png,,,https://github.com/naokiiwakami/analog2.0/tree/master/others/analog_sequencer,Analog2.0 system (naokiiwakami),,,,
naokiiwakami,Phase Shifter,phaser,GPL v3,https://github.com/naokiiwakami/analog2.0/blob/master/others/phase_shifter/phase_shifter_sch.svg,eagle,,https://github.com/naokiiwakami/analog2.0/tree/master/others/phase_shifter,Analog2.0 system (naokiiwakami),,,,
naokiiwakami,Resonator,resonator (peak filter),GPL v3,https://github.com/naokiiwakami/analog2.0/blob/master/others/resonator/resonator_sch.png,eagle,,https://github.com/naokiiwakami/analog2.0/tree/master/others/resonator,Analog2.0 system (naokiiwakami),,,,
oamodular,Uncertainty (2hp SMT),programmable gate / CV (RP2040),,x,kicad,SMD,https://github.com/oamodular/uncertainty/tree/main/hardware/2hp-smt-uncertainty,,,,,
oamodular,Uncertainty (4hp DIY),programmable gate / CV (RP2040),,x,kicad,THT,https://github.com/oamodular/uncertainty/tree/main/hardware/4hp-diy-uncertainty,See alt. version: Uncertainty (2hp SMT),,,,
odeliy,3xVCA,VCA (triple),,x,kicad + gerbers,SMD,https://github.com/odeliy/noise-reap/tree/master/modules/3xVCA,,,6HP · kicad + gerbers,,
shaduzlabs + seismicindustries,spink0,Ableton Link to clock / reset,CC BY-NC-SA 3.0,https://github.com/seismicindustries/spink0/blob/master/hardware/spink0_adaption/060_spink0_MB/spink0_MB.pdf,kicad + gerbers,SMD,https://github.com/seismicindustries/spink0/tree/master/hardware/spink0_adaption/060_spink0_MB,,,HP ? · kicad,https://github.com/seismicindustries/spink0/blob/master/hardware/spink0_adaption/060_spink0_MB/pics/PI-Zero-W.jpg https://github.com/seismicindustries/spink0/blob/master/hardware/spink0_adaption/060_spink0_MB/spink0_MB.jpg,
shannon-greenlight,Bonkulator,"programmable CV / trigger I/O (8 out, 6 in)",GPL v3,https://github.com/shannon-greenlight/bonkulator/blob/main/main_board/main_board.pdf,kicad + gerbers,SMD,https://github.com/shannon-greenlight/bonkulator,,,14HP · kicad + gerbers,,https://github.com/shannon-greenlight/bonkulator/blob/main/main_board/fab/bonkulator_assembly.docx
Rob Hordijk + squaresolid,Benjolin Gorga,Benjolin (chaotic oscillators / filter / rungler),CC BY-NC 4.0,x,kicad + gerbers,both,https://github.com/squaresolid/benjolin_gorga/tree/main/Benjolin%20Gorga,redesign of Forestcaver's Benjolin (https://github.com/forestcaver/Benjolin),,16HP · kicad + gerbers + svg,,
svgeesus,Dual Comparator,comparator (dual; triangle to pulse),,https://github.com/svgeesus/ondesModulaire/blob/gh-pages/dual%20comparator/schematic.pdf,eagle,THT,https://github.com/svgeesus/ondesModulaire/tree/gh-pages/dual%20comparator,part of ondesModulaire (Eurorack Ondes Martenot),,,https://github.com/svgeesus/ondesModulaire/blob/gh-pages/dual%20comparator/images/pcb-600.jpg https://github.com/svgeesus/ondesModulaire/blob/gh-pages/dual%20comparator/images/pcb.jpg https://github.com/svgeesus/ondesModulaire/blob/gh-pages/dual%20comparator/images/pcb.png,
svgeesus,offsets,offset (CV),,https://github.com/svgeesus/ondesModulaire/blob/gh-pages/offsets/offsets_schematic_2019-01-21.pdf,eagle,both,https://github.com/svgeesus/ondesModulaire/tree/gh-pages/offsets,part of ondesModulaire (Eurorack Ondes Martenot),?,8HP · pdf,https://github.com/svgeesus/ondesModulaire/blob/gh-pages/offsets/IMG_8792.jpg https://github.com/svgeesus/ondesModulaire/blob/gh-pages/offsets/IMG_8793.jpg https://github.com/svgeesus/ondesModulaire/blob/gh-pages/offsets/brd-overview.png,
svgeesus,Octaviant wavefolder,wave folder (Octaviant),,x,eagle,THT,https://github.com/svgeesus/ondesModulaire/tree/gh-pages/precision%20rectifier,part of ondesModulaire (Eurorack Ondes Martenot),,,https://github.com/svgeesus/ondesModulaire/blob/gh-pages/precision%20rectifier/completed.jpg,
svgeesus,transpositeurs,pitch shift buttons (transpositeurs),,https://github.com/svgeesus/ondesModulaire/blob/gh-pages/transpositeurs/schematic.pdf,eagle,both,https://github.com/svgeesus/ondesModulaire/tree/gh-pages/transpositeurs,part of ondesModulaire (Eurorack Ondes Martenot),,,,
Moraydular,My Little Euro,power supply + bus board (linear),,x,diptrace + gerbers,,https://github.com/vaeinoe/moraydular/tree/master/my_little_euro,,,,,
Moraydular,Power Bus,bus board (12-way),,x,diptrace + gerbers,,https://github.com/vaeinoe/moraydular/tree/master/powerbus,,,,,
Moraydular,Virta,"power supply (hybrid, DC-DC)",,x,diptrace + gerbers,,https://github.com/vaeinoe/moraydular/tree/master/virta,,,,,
vonkonow,LEET Modular,multifunction (programmable),MIT,https://github.com/vonkonow/LEET-Modular/blob/main/schematic.png,gerbers,,https://github.com/vonkonow/LEET-Modular,,,,https://github.com/vonkonow/LEET-Modular/blob/main/modular.jpg https://github.com/vonkonow/LEET-Modular/blob/main/pcb_version.jpg,
Winterbloom,Helium,buffered multiple (triple 1-to-3) / precision adder,,https://github.com/wntrblm/Helium/blob/main/hardware/board/board.pdf,kicad + gerbers,SMD,https://github.com/wntrblm/Helium,,,,https://github.com/wntrblm/Helium/blob/main/user_guide/docs/images/diode.jpg https://github.com/wntrblm/Helium/blob/main/user_guide/docs/images/ic.jpg https://github.com/wntrblm/Helium/blob/main/user_guide/docs/images/led.jpg,https://github.com/wntrblm/Helium/blob/main/user_guide/docs/kit-build.md https://github.com/wntrblm/Helium/blob/main/user_guide/docs/self-source-build.md https://github.com/wntrblm/Helium/tree/main/user_guide/docs/images
Winterbloom,Neptune,VCF (diode ladder),,https://github.com/wntrblm/Neptune/blob/main/hardware/board/mainboard.pdf,kicad,SMD,https://github.com/wntrblm/Neptune,,,,,https://github.com/wntrblm/Neptune/blob/main/user_guide/docs/build.md https://github.com/wntrblm/Neptune/tree/main/user_guide/docs/images/kit
Winterbloom,Speak to Me,headphone amp / speaker,,https://github.com/wntrblm/Speak_to_Me/blob/main/hardware/board/board.pdf,kicad,SMD,https://github.com/wntrblm/Speak_to_Me,,,,,https://github.com/wntrblm/Speak_to_Me/blob/main/user_guide/docs/build.md https://github.com/wntrblm/Speak_to_Me/tree/main/user_guide/docs/images
Korg + BleepSound,Double MS20-VCF,"VCF (dual, MS-20 style)",CC BY-SA 4.0,https://github.com/BleepSound/ms20-vcf-double/blob/main/documentation/MS20-VCF_V2.0--Schematic.pdf,kicad,both,https://github.com/BleepSound/ms20-vcf-double/tree/main/kicad-global,based on the Barton Musical Circuits MS-20 VCF,,,,
BurningForceKin,Distortion,distortion,,https://github.com/BurningForceKin/ModularSynthStuff/blob/gh-pages/Distortion/DistortionV2/DistortionV1.pdf,gerbers,THT,https://github.com/BurningForceKin/ModularSynthStuff/tree/gh-pages/Distortion,,,5HP · gerbers + 3D,,
BurningForceKin,Headphone Out V1,headphone output,,x,gerbers,THT,https://github.com/BurningForceKin/ModularSynthStuff/tree/gh-pages/HeadphoneOutV1,,,HP ? · 3D,,
BurningForceKin,Tuner,tuner,,x,gerbers,THT,https://github.com/BurningForceKin/ModularSynthStuff/tree/gh-pages/Tuner,,,HP ? · 3D,,
Blattwerk,Betula,audio interface (ADAT I/O),,https://github.com/Cs4System/Eurorack/blob/main/Betula/Betula_Schematics.pdf,kicad,SMD,https://github.com/Cs4System/Eurorack/tree/main/Betula,,,8HP · kicad + svg,,https://github.com/Cs4System/Eurorack/tree/main/Betula/Pictures
Blattwerk,Salix VCF,VCF,,https://github.com/Cs4System/Eurorack/blob/main/Salix/Documentaion/Salix_VCF_v1_3_schematics.pdf,kicad,SMD,https://github.com/Cs4System/Eurorack/tree/main/Salix,,,8HP · kicad + svg,https://github.com/Cs4System/Eurorack/blob/main/Salix/picture.jpg,
Blattwerk,Transistor Ladder VCF,VCF (transistor ladder),,https://github.com/Cs4System/Eurorack/blob/main/Transistor_Ladder_VCF/PCB/Transistor_Ladder_VCF.pdf,kicad,SMD,https://github.com/Cs4System/Eurorack/tree/main/Transistor_Ladder_VCF,,,8HP · kicad + svg,https://github.com/Cs4System/Eurorack/blob/main/Transistor_Ladder_VCF/PCB/PCB_back.JPG https://github.com/Cs4System/Eurorack/blob/main/Transistor_Ladder_VCF/PCB/PCB_front.JPG https://github.com/Cs4System/Eurorack/blob/main/Transistor_Ladder_VCF/picture.jpg,
DJmerkury,Adder,adder (precision),,x,,,https://github.com/DJmerkury/SoundFlask/tree/master/Adder,,,,,https://github.com/DJmerkury/SoundFlask/blob/master/Adder/Build%20Note%20-%20Adder%20v1_0.txt
DJmerkury,Bunsen,octave shift (dual),,https://github.com/DJmerkury/SoundFlask/blob/master/Bunsen/Schematic%20-%20Bunsen%20-%20Rev%201_1.pdf,,,https://github.com/DJmerkury/SoundFlask/tree/master/Bunsen,,,,https://github.com/DJmerkury/SoundFlask/blob/master/Bunsen/Photos%20-%20Bunsen%20-%20Rev%201_0/SF_Bunsen_Rev1_0_Mod.jpg https://github.com/DJmerkury/SoundFlask/blob/master/Bunsen/Photos%20-%20Bunsen%20-%20Rev%201_1/SF_Bunsen_Combo_Back.JPG https://github.com/DJmerkury/SoundFlask/blob/master/Bunsen/Photos%20-%20Bunsen%20-%20Rev%201_1/SF_Bunsen_Combo_Front.JPG https://github.com/DJmerkury/SoundFlask/blob/master/Bunsen/Photos%20-%20Bunsen%20-%20Rev%201_1/SF_Bunsen_Comp_Angle1.JPG https://github.com/DJmerkury/SoundFlask/blob/master/Bunsen/Photos%20-%20Bunsen%20-%20Rev%201_1/SF_Bunsen_Comp_Angle2.JPG https://github.com/DJmerkury/SoundFlask/blob/master/Bunsen/Photos%20-%20Bunsen%20-%20Rev%201_1/SF_Bunsen_Comp_Angle3.JPG https://github.com/DJmerkury/SoundFlask/blob/master/Bunsen/Photos%20-%20Bunsen%20-%20Rev%201_1/SF_Bunsen_Comp_Back.JPG https://github.com/DJmerkury/SoundFlask/blob/master/Bunsen/Photos%20-%20Bunsen%20-%20Rev%201_1/SF_Bunsen_Comp_Front.JPG https://github.com/DJmerkury/SoundFlask/blob/master/Bunsen/Photos%20-%20Bunsen%20-%20Rev%201_1/SF_Bunsen_Comp_Side.JPG https://github.com/DJmerkury/SoundFlask/blob/master/Bunsen/Photos%20-%20Bunsen%20-%20Rev%201_1/SF_Bunsen_PCB_Back.JPG https://github.com/DJmerkury/SoundFlask/blob/master/Bunsen/Photos%20-%20Bunsen%20-%20Rev%201_1/SF_Bunsen_PCB_Front.JPG https://github.com/DJmerkury/SoundFlask/blob/master/Bunsen/readmePhoto.jpg,https://github.com/DJmerkury/SoundFlask/blob/master/Bunsen/Build%20Note%20-%20Bunsen%20-%20Rev%201_0.txt https://github.com/DJmerkury/SoundFlask/blob/master/Bunsen/Build%20Note%20-%20Bunsen%20-%20Rev%201_1.pdf
DJmerkury,Cable Tester,cable tester,,x,eagle,THT,https://github.com/DJmerkury/SoundFlask/tree/master/CableTester,,,,,
DJmerkury,Crucible,octave shift (dual) / precision adder,,https://github.com/DJmerkury/SoundFlask/blob/master/Crucible/Schematic%20-%20Crucible%20-%20Rev%201_0.pdf,,,https://github.com/DJmerkury/SoundFlask/tree/master/Crucible,,,,,https://github.com/DJmerkury/SoundFlask/blob/master/Crucible/Build%20Note%20-%20Crucible%20-%20Rev%201_0.pdf
DJmerkury,Dual Rectify,rectifier (dual),,https://github.com/DJmerkury/SoundFlask/blob/master/DualRectify/Schematic%20-%20Dual%20Rectify%20-%20Rev%201_0.pdf,,,https://github.com/DJmerkury/SoundFlask/tree/master/DualRectify,,,,,
DJmerkury,Pipet,buffered multiple,,https://github.com/DJmerkury/SoundFlask/blob/master/Pipet/Schematic%20-%20Pipet%20-%20Rev%201_1.pdf,,,https://github.com/DJmerkury/SoundFlask/tree/master/Pipet,,,,https://github.com/DJmerkury/SoundFlask/blob/master/Pipet/Photos%20-%20Pipet%20-%20Rev%201_1/SF_Pipet_Combo_Back.JPG https://github.com/DJmerkury/SoundFlask/blob/master/Pipet/Photos%20-%20Pipet%20-%20Rev%201_1/SF_Pipet_Combo_Front.JPG https://github.com/DJmerkury/SoundFlask/blob/master/Pipet/Photos%20-%20Pipet%20-%20Rev%201_1/SF_Pipet_Comp_Angle1.JPG https://github.com/DJmerkury/SoundFlask/blob/master/Pipet/Photos%20-%20Pipet%20-%20Rev%201_1/SF_Pipet_Comp_Angle2.JPG https://github.com/DJmerkury/SoundFlask/blob/master/Pipet/Photos%20-%20Pipet%20-%20Rev%201_1/SF_Pipet_Comp_Angle3.JPG https://github.com/DJmerkury/SoundFlask/blob/master/Pipet/Photos%20-%20Pipet%20-%20Rev%201_1/SF_Pipet_Comp_Back.JPG https://github.com/DJmerkury/SoundFlask/blob/master/Pipet/Photos%20-%20Pipet%20-%20Rev%201_1/SF_Pipet_Comp_Front.JPG https://github.com/DJmerkury/SoundFlask/blob/master/Pipet/Photos%20-%20Pipet%20-%20Rev%201_1/SF_Pipet_Comp_Side.JPG https://github.com/DJmerkury/SoundFlask/blob/master/Pipet/Photos%20-%20Pipet%20-%20Rev%201_1/SF_Pipet_PCB_Back.JPG https://github.com/DJmerkury/SoundFlask/blob/master/Pipet/Photos%20-%20Pipet%20-%20Rev%201_1/SF_Pipet_PCB_Front.JPG https://github.com/DJmerkury/SoundFlask/blob/master/Pipet/readmePhoto.jpg,https://github.com/DJmerkury/SoundFlask/blob/master/Pipet/Build%20Note%20-%20Pipet%20-%20Rev%201_0.txt https://github.com/DJmerkury/SoundFlask/blob/master/Pipet/Build%20Note%20-%20Pipet%20-%20Rev%201_1.pdf
DJmerkury,PowerBus,bus board,,x,,,https://github.com/DJmerkury/SoundFlask/tree/master/PowerBus,,,,,https://github.com/DJmerkury/SoundFlask/blob/master/PowerBus/Build%20Note%20-%20PowerBus%20v1_2.txt
DJmerkury,Ring,ring modulator,,x,,,https://github.com/DJmerkury/SoundFlask/tree/master/Ring,,,,https://github.com/DJmerkury/SoundFlask/blob/master/Ring/V1.0_Modification_Photos/AddWireBetweenPotLegsHere.jpg https://github.com/DJmerkury/SoundFlask/blob/master/Ring/V1.0_Modification_Photos/AddWireFromScrapeToPotAndConnectPotLegsWithWire.jpg,https://github.com/DJmerkury/SoundFlask/blob/master/Ring/Build%20Note%20-%20Ring%20v1_0.txt
Emute-Lab-Instruments,uSEQ,sequencer (livecodeable),,https://github.com/Emute-Lab-Instruments/uSEQ/blob/main/hardware/version1.0/useq1/useq1.0c.pdf,kicad + gerbers,SMD,https://github.com/Emute-Lab-Instruments/uSEQ/tree/main/hardware/version1.0/useq1,,,,,
MMImodular,Attenumults,attenuator / multiple,,https://github.com/MMImodular/Modules/blob/master/Attenumults/Attenumults%20Schematic.png,eagle + gerbers,SMD,https://github.com/MMImodular/Modules/tree/master/Attenumults,,,,,
MMImodular,DDB Power Supply,power supply,,x,eagle,both,https://github.com/MMImodular/Modules/tree/master/DDB%20Power%20Supply,,,,,
MMImodular,Quick Mix,"attenuator / mixer (passive, 5-ch)",,x,eagle,SMD,https://github.com/MMImodular/Modules/tree/master/Passive%20Attenuator/Quick%20Mix,,,,,
MMImodular,USB Power,power supply (USB),,x,eagle + gerbers,THT,https://github.com/MMImodular/Modules/tree/master/USBPower,,,,,
Patrick Dowling + mxmxmx + Tim Churches + PaulStoffregen,O_C T4.1 USB-A expander (2HP),"expander (O_C T4.1, USB-A host)",CC BY-SA 4.0,x,kicad,SMD,https://github.com/PaulStoffregen/O_C_T41/tree/main/hardware/14HP_panel_and_expanders/2HP_EXP_USB_A,expander for O_C T4.1; See alt. version: USB-C expander; o_C: several apps reuse Mutable Instruments code (ornament-and-cri.me),,,,
Patrick Dowling + mxmxmx + Tim Churches + PaulStoffregen,O_C T4.1 USB-C expander (2HP),"expander (O_C T4.1, USB-C)",CC BY-SA 4.0,x,kicad,SMD,https://github.com/PaulStoffregen/O_C_T41/tree/main/hardware/14HP_panel_and_expanders/2HP_EXP_USB_C,expander for O_C T4.1; See alt. version: USB-A expander; o_C: several apps reuse Mutable Instruments code (ornament-and-cri.me),,,,
Patrick Dowling + mxmxmx + Tim Churches + PaulStoffregen,O_C T4.1,multi-function CV utility (quantizer / sequencer / envelopes),CC BY-SA 4.0,x,kicad,both,https://github.com/PaulStoffregen/O_C_T41/tree/main/hardware/analog_rev3,o_C: several apps reuse Mutable Instruments code (ornament-and-cri.me),,,,
QuinnFreedman,Clock,clock,CC BY-SA 4.0 (hardware),x,kicad,THT,https://github.com/QuinnFreedman/modular/tree/main/modules/Clock,,,8HP · kicad + svg,https://github.com/QuinnFreedman/modular/blob/main/modules/Clock/docs/images/00-clock-front.jpg https://github.com/QuinnFreedman/modular/blob/main/modules/Clock/docs/images/01-clock-back.jpg https://github.com/QuinnFreedman/modular/blob/main/modules/Clock/docs/images/tutorial_01.jpg https://github.com/QuinnFreedman/modular/blob/main/modules/Clock/docs/images/tutorial_02.jpg https://github.com/QuinnFreedman/modular/blob/main/modules/Clock/docs/images/tutorial_03.jpg https://github.com/QuinnFreedman/modular/blob/main/modules/Clock/docs/images/tutorial_04.jpg https://github.com/QuinnFreedman/modular/blob/main/modules/Clock/docs/images/tutorial_05.jpg https://github.com/QuinnFreedman/modular/blob/main/modules/Clock/docs/images/tutorial_06.jpg https://github.com/QuinnFreedman/modular/blob/main/modules/Clock/docs/images/tutorial_07.jpg https://github.com/QuinnFreedman/modular/blob/main/modules/Clock/docs/images/tutorial_08.jpg https://github.com/QuinnFreedman/modular/blob/main/modules/Clock/docs/images/tutorial_09.jpg https://github.com/QuinnFreedman/modular/blob/main/modules/Clock/docs/images/tutorial_10.jpg https://github.com/QuinnFreedman/modular/blob/main/modules/Clock/docs/images/tutorial_11.jpg https://github.com/QuinnFreedman/modular/blob/main/modules/Clock/docs/images/tutorial_12.jpg,https://github.com/QuinnFreedman/modular/blob/main/modules/Clock/docs/assembly_instructions.md
QuinnFreedman,Envelope,envelope,CC BY-SA 4.0 (hardware),x,kicad,THT,https://github.com/QuinnFreedman/modular/tree/main/modules/Envelope,,,8HP · kicad + svg,https://github.com/QuinnFreedman/modular/blob/main/modules/Envelope/docs/images/00-envelope-front.jpg https://github.com/QuinnFreedman/modular/blob/main/modules/Envelope/docs/images/01-envelope-back.jpg,https://github.com/QuinnFreedman/modular/blob/main/modules/Envelope/docs/assembly_instructions.md
QuinnFreedman,Logic,logic,CC BY-SA 4.0 (hardware),x,kicad,SMD,https://github.com/QuinnFreedman/modular/tree/main/modules/Logic,,,4HP · kicad,https://github.com/QuinnFreedman/modular/blob/main/modules/Logic/docs/images/00-logic-front.jpg https://github.com/QuinnFreedman/modular/blob/main/modules/Logic/docs/images/01-logic-back.jpg,https://github.com/QuinnFreedman/modular/blob/main/modules/Logic/docs/assembly_instructions.md
QuinnFreedman,Mixer,mixer,CC BY-SA 4.0 (hardware),x,kicad,THT,https://github.com/QuinnFreedman/modular/tree/main/modules/Mixer,,,8HP · kicad + svg,https://github.com/QuinnFreedman/modular/blob/main/modules/Mixer/docs/images/00-mixer-front.jpg https://github.com/QuinnFreedman/modular/blob/main/modules/Mixer/docs/images/01-mixer-back.jpg,https://github.com/QuinnFreedman/modular/blob/main/modules/Mixer/docs/assembly_instructions.md
QuinnFreedman,Offset / Atten,offset / attenuator,CC BY-SA 4.0 (hardware),x,kicad,THT,https://github.com/QuinnFreedman/modular/tree/main/modules/OffsetAtten,,,4HP · kicad + svg,https://github.com/QuinnFreedman/modular/blob/main/modules/OffsetAtten/docs/images/00-offsetatten-front.jpg https://github.com/QuinnFreedman/modular/blob/main/modules/OffsetAtten/docs/images/01-offsetatten-back.jpg,https://github.com/QuinnFreedman/modular/blob/main/modules/OffsetAtten/docs/assembly_instructions.md
QuinnFreedman,Quantizer,quantizer,CC BY-SA 4.0 (hardware),x,kicad,both,https://github.com/QuinnFreedman/modular/tree/main/modules/Quantizer,,,10HP · kicad,https://github.com/QuinnFreedman/modular/blob/main/modules/Quantizer/docs/images/00-quantizer-front.jpg https://github.com/QuinnFreedman/modular/blob/main/modules/Quantizer/docs/images/01-quantizer-back.jpg https://github.com/QuinnFreedman/modular/blob/main/modules/Quantizer/docs/images/tutorial_01.jpg https://github.com/QuinnFreedman/modular/blob/main/modules/Quantizer/docs/images/tutorial_02.jpg https://github.com/QuinnFreedman/modular/blob/main/modules/Quantizer/docs/images/tutorial_03.jpg https://github.com/QuinnFreedman/modular/blob/main/modules/Quantizer/docs/images/tutorial_04.jpg https://github.com/QuinnFreedman/modular/blob/main/modules/Quantizer/docs/images/tutorial_05.jpg https://github.com/QuinnFreedman/modular/blob/main/modules/Quantizer/docs/images/tutorial_06.jpg https://github.com/QuinnFreedman/modular/blob/main/modules/Quantizer/docs/images/tutorial_07.jpg https://github.com/QuinnFreedman/modular/blob/main/modules/Quantizer/docs/images/tutorial_08.jpg https://github.com/QuinnFreedman/modular/blob/main/modules/Quantizer/docs/images/tutorial_09.jpg https://github.com/QuinnFreedman/modular/blob/main/modules/Quantizer/docs/images/tutorial_v0-2.jpg,https://github.com/QuinnFreedman/modular/blob/main/modules/Quantizer/docs/assembly_instructions.md
QuinnFreedman,RNG,random generator,CC BY-SA 4.0 (hardware),x,kicad,both,https://github.com/QuinnFreedman/modular/tree/main/modules/RNG,,,10HP · kicad + svg,https://github.com/QuinnFreedman/modular/blob/main/modules/RNG/docs/images/00-rng-front.jpg https://github.com/QuinnFreedman/modular/blob/main/modules/RNG/docs/images/01-rng-back.jpg,https://github.com/QuinnFreedman/modular/blob/main/modules/RNG/docs/assembly_instructions.md
Schreibmaschine-Berlin,1U Atari Punk,Atari Punk Console (1U),,x,,,https://github.com/Schreibmaschine-Berlin/eurorack/tree/master/1U%20Atari%20Punk,1U,,,,
Schreibmaschine-Berlin,3Voice Synth,synth voice (3 voices),,x,,,https://github.com/Schreibmaschine-Berlin/eurorack/tree/master/3Voice_Synth,,,,,
Schreibmaschine-Berlin,A150 Switch,"switch (voltage-controlled, A-150 style)",,x,,,https://github.com/Schreibmaschine-Berlin/eurorack/tree/master/LearningCircuits/A150Switch,,,,,
Schreibmaschine-Berlin,MegaLogic,logic,,x,,,https://github.com/Schreibmaschine-Berlin/eurorack/tree/master/MegaLogic,,,,,
Schreibmaschine-Berlin,Most Logic,logic,,x,,,https://github.com/Schreibmaschine-Berlin/eurorack/tree/master/Most_Logic,,,,,
Schreibmaschine-Berlin,Semitone Voltage Adder,semitone adder (transpose),,x,,,https://github.com/Schreibmaschine-Berlin/eurorack/tree/master/SemitoneVoltageAdder,,,,,
acobley,A100 ADSR,ADSR,CC BY-NC-SA 4.0,x,eagle + gerbers,SMD,https://github.com/acobley/Analog-Voice/tree/master/AJH_100_ADSR,,X,4HP · eagle + gerbers,,
Mutable Instruments + acobley,2V VCA,VCA (dual; Veils),,x,eagle + gerbers,SMD,https://github.com/acobley/Analog-Voice/tree/master/AJH_2V_VCA,,,4HP · eagle + gerbers,,
acobley,Headphone amp,headphone amp,CC BY-NC-SA 4.0,x,eagle + gerbers,SMD,https://github.com/acobley/Analog-Voice/tree/master/AJH_Headphone_Amp,,,4HP · eagle + gerbers,,
acobley,LPG,LPG,CC BY-NC-SA 4.0,x,eagle + gerbers,SMD,https://github.com/acobley/Analog-Voice/tree/master/AJH_LPG,,,4HP · eagle + gerbers,,
acobley,SSI 2144 LPF,VCF (SSI2144 low-pass),CC BY-NC-SA 4.0,x,eagle + gerbers,SMD,https://github.com/acobley/Analog-Voice/tree/master/AJH_SSI2144,,X,4HP · eagle + gerbers,,
EDP + acobley,Wasp filter,VCF (Wasp),CC BY-NC-SA 4.0,x,eagle + gerbers,SMD,https://github.com/acobley/Analog-Voice/tree/master/AJH_Wasp,,X,4HP · eagle + gerbers,,
acobley,Dual ASR,"envelope (dual ASR, AS3310)",CC BY-NC-SA 4.0,x,eagle + gerbers,SMD,https://github.com/acobley/Analog-Voice/tree/master/AJH_as3310_DUAL_ASR,,,4HP · eagle + gerbers,,
acobley,3320 HPF,VCF (AS3320 high-pass),CC BY-NC-SA 4.0,x,eagle + gerbers,SMD,https://github.com/acobley/Analog-Voice/tree/master/AJH_as3320_HPF,,,4HP · eagle + gerbers,,
acobley,3320 LPF,VCF (AS3320 low-pass),CC BY-NC-SA 4.0,x,eagle + gerbers,both,https://github.com/acobley/Analog-Voice/tree/master/AJH_as3320_LPF,,,4HP · eagle + gerbers,,
acobley,3340 VCO,VCO (AS3340),CC BY-NC-SA 4.0,x,eagle + gerbers,SMD,https://github.com/acobley/Analog-Voice/tree/master/AJH_as3340_VCO,,,8HP · eagle + gerbers,,
acobley,Module Tester Module,module tester (utility),CC BY-NC-SA 4.0,x,eagle + gerbers,SMD,https://github.com/acobley/Analog-Voice/tree/master/AJH_module_tester,,,16HP · eagle + gerbers,,
acobley,AS3320 24dB BP,VCF (AS3320 band-pass),CC BY-NC-SA 4.0,x,eagle,both,https://github.com/acobley/Analog-Voice/tree/master/AS3320-24BP,,,,,
acobley,3320 Vowel,"VCF (vowel / formant, AS3320)",CC BY-NC-SA 4.0,x,eagle,both,https://github.com/acobley/Analog-Voice/tree/master/as3320-Vowel,,,,,
acobley,3320 BPF,VCF (AS3320 band-pass),CC BY-NC-SA 4.0,x,eagle,both,https://github.com/acobley/Analog-Voice/tree/master/as3320_BP,,,,,
coriolisinstruments,1U LPG,"LPG (passive, 1U)",,x,kicad + gerbers,THT,https://github.com/coriolisinstruments/EurorackModules/tree/master/1Utilities/1U_LPG/hardware/1u_lpg,1U,,,,
coriolisinstruments,1U Mult,"multiple (passive, 1U)",,x,kicad + gerbers,THT,https://github.com/coriolisinstruments/EurorackModules/tree/master/1Utilities/1U_Mult/hardware/1u_mult,1U,,,,
coriolisinstruments,1U Mute,"mute (passive, 1U)",,x,kicad + gerbers,THT,https://github.com/coriolisinstruments/EurorackModules/tree/master/1Utilities/1U_Mute/hardware/1u_mute,1U,,,,
coriolisinstruments,PSU Companion,power distribution (PSU companion),,https://github.com/coriolisinstruments/EurorackModules/blob/master/PSUCompanion/hardware/psucompanion/PSUCompanion_Schematic.pdf,kicad + gerbers,THT,https://github.com/coriolisinstruments/EurorackModules/tree/master/PSUCompanion/hardware/psucompanion,,,,,
coriolisinstruments,SnackBus PSU,power supply (Mother-32 / DFAM skiff),,https://github.com/coriolisinstruments/EurorackModules/blob/master/SnackBus_PSU/schematics.pdf,kicad + gerbers,THT,https://github.com/coriolisinstruments/EurorackModules/tree/master/SnackBus_PSU,,,,https://github.com/coriolisinstruments/EurorackModules/blob/master/SnackBus_PSU/snackbus_psu_rev1.jpg,
Sebastian Jazura,3320 VCF (6HP),VCF (AS3320),CC BY-SA 4.0,https://github.com/diysynth/EURORACK-MODULES/blob/main/3320%20VCF%20%286HP%29/3320VCFschematic.png,gerbers,,https://github.com/diysynth/EURORACK-MODULES/tree/main/3320%20VCF%20%286HP%29,,,6HP · gerbers,https://github.com/diysynth/EURORACK-MODULES/blob/main/3320%20VCF%20%286HP%29/vcf1.jpg https://github.com/diysynth/EURORACK-MODULES/blob/main/3320%20VCF%20%286HP%29/vcf2.jpg https://github.com/diysynth/EURORACK-MODULES/blob/main/3320%20VCF%20%286HP%29/vcf3.jpg,
Sebastian Jazura,Buffered Multiple (3HP),buffered multiple,CC BY-SA 4.0,https://github.com/diysynth/EURORACK-MODULES/blob/main/BUFFERED%20MULTIPLE%20%283HP%29/Schematic_BufferedMulti.png,gerbers,,https://github.com/diysynth/EURORACK-MODULES/tree/main/BUFFERED%20MULTIPLE%20%283HP%29,,,3HP · gerbers,https://github.com/diysynth/EURORACK-MODULES/blob/main/BUFFERED%20MULTIPLE%20%283HP%29/Multi1.jpg https://github.com/diysynth/EURORACK-MODULES/blob/main/BUFFERED%20MULTIPLE%20%283HP%29/Multi2.jpg,
Sebastian Jazura,Cycling Envelope Generator (4HP),envelope (cycling),CC BY-SA 4.0,https://github.com/diysynth/EURORACK-MODULES/blob/main/CYCLING%20ENVELOPE%20GENERATOR%20%284HP%29/CYCENV_Schematics.png,gerbers,,https://github.com/diysynth/EURORACK-MODULES/tree/main/CYCLING%20ENVELOPE%20GENERATOR%20%284HP%29,,,4HP · gerbers,https://github.com/diysynth/EURORACK-MODULES/blob/main/CYCLING%20ENVELOPE%20GENERATOR%20%284HP%29/cycenv_front.jpg https://github.com/diysynth/EURORACK-MODULES/blob/main/CYCLING%20ENVELOPE%20GENERATOR%20%284HP%29/cycenv_side.jpg,
Sebastian Jazura,DIGILFO (6HP),"LFO (VC, digital)",CC BY-SA 4.0,https://github.com/diysynth/EURORACK-MODULES/blob/main/DIGILFO%20%286HP%29/digiLFOschematic.png,gerbers,,https://github.com/diysynth/EURORACK-MODULES/tree/main/DIGILFO%20%286HP%29,,,6HP · gerbers,https://github.com/diysynth/EURORACK-MODULES/blob/main/DIGILFO%20%286HP%29/digiLFO.jpg,
Sebastian Jazura,Looping A-R,envelope (looping AR),CC BY-SA 4.0,https://github.com/diysynth/EURORACK-MODULES/blob/main/LOOPING%20A-R/loop-ar-schematic.png,eagle + gerbers,THT,https://github.com/diysynth/EURORACK-MODULES/tree/main/LOOPING%20A-R,,,6HP · gerbers,https://github.com/diysynth/EURORACK-MODULES/blob/main/LOOPING%20A-R/ar-example.jpg,
Sebastian Jazura,Noise Lab (3HP),noise,CC BY-SA 4.0,https://github.com/diysynth/EURORACK-MODULES/blob/main/NOISE%20LAB%20%283HP%29/Schematic_NoiseLab.png,gerbers,,https://github.com/diysynth/EURORACK-MODULES/tree/main/NOISE%20LAB%20%283HP%29,,,3HP · gerbers,https://github.com/diysynth/EURORACK-MODULES/blob/main/NOISE%20LAB%20%283HP%29/NOISELAB.jpg,
Sebastian Jazura,Offset/Gain Utility (4HP),offset / gain (utility),CC BY-SA 4.0,https://github.com/diysynth/EURORACK-MODULES/blob/main/OFFSET-GAIN%20UTILITY%20%284HP%29/OffsetGain_Schematic.png,gerbers,,https://github.com/diysynth/EURORACK-MODULES/tree/main/OFFSET-GAIN%20UTILITY%20%284HP%29,,,4HP · gerbers,https://github.com/diysynth/EURORACK-MODULES/blob/main/OFFSET-GAIN%20UTILITY%20%284HP%29/cvOffGain.jpg,
Sebastian Jazura,Passive Low Pass Gate (2HP),LPG (passive),CC BY-SA 4.0,https://github.com/diysynth/EURORACK-MODULES/blob/main/PASSIVE%20LOW%20PASS%20GATE%20%282HP%29/LPG_schematic.png,gerbers,,https://github.com/diysynth/EURORACK-MODULES/tree/main/PASSIVE%20LOW%20PASS%20GATE%20%282HP%29,,,2HP · gerbers,https://github.com/diysynth/EURORACK-MODULES/blob/main/PASSIVE%20LOW%20PASS%20GATE%20%282HP%29/lpg1.jpg https://github.com/diysynth/EURORACK-MODULES/blob/main/PASSIVE%20LOW%20PASS%20GATE%20%282HP%29/lpg2.jpg,
Sebastian Jazura,PSU (6HP),power supply (6HP module),CC BY-SA 4.0,https://github.com/diysynth/EURORACK-MODULES/blob/main/PSU%20%286HP%29/PSU_schematic.png,gerbers,,https://github.com/diysynth/EURORACK-MODULES/tree/main/PSU%20%286HP%29,,,6HP · gerbers,https://github.com/diysynth/EURORACK-MODULES/blob/main/PSU%20%286HP%29/PSU6HP.jpg,
drChungus,Coupled Sequential Switch,"sequential switch (dual coupled, 4-step)",MIT,x,eagle + fritzing + gerbers,SMD,https://github.com/drChungus/VCSequentialSwitch,,,4HP · eagle + svg + pdf,https://github.com/drChungus/VCSequentialSwitch/blob/main/Photoshooting/DSC_0302.JPG https://github.com/drChungus/VCSequentialSwitch/blob/main/Photoshooting/DSC_0303.JPG https://github.com/drChungus/VCSequentialSwitch/blob/main/Photoshooting/DSC_0304.JPG https://github.com/drChungus/VCSequentialSwitch/blob/main/Photoshooting/DSC_0305.JPG https://github.com/drChungus/VCSequentialSwitch/blob/main/Photoshooting/DSC_0306.JPG https://github.com/drChungus/VCSequentialSwitch/blob/main/Photoshooting/DSC_0307.JPG https://github.com/drChungus/VCSequentialSwitch/blob/main/Photoshooting/DSC_0308.JPG https://github.com/drChungus/VCSequentialSwitch/blob/main/Photoshooting/DSC_0309.JPG https://github.com/drChungus/VCSequentialSwitch/blob/main/Photoshooting/DSC_0310.JPG https://github.com/drChungus/VCSequentialSwitch/blob/main/Photoshooting/DSC_0311.JPG https://github.com/drChungus/VCSequentialSwitch/blob/main/Photoshooting/DSC_0312.JPG https://github.com/drChungus/VCSequentialSwitch/blob/main/Photoshooting/DSC_0313.JPG https://github.com/drChungus/VCSequentialSwitch/blob/main/Photoshooting/DSC_0314.JPG https://github.com/drChungus/VCSequentialSwitch/blob/main/Photoshooting/DSC_0315.JPG https://github.com/drChungus/VCSequentialSwitch/blob/main/Photoshooting/DSC_0316.JPG https://github.com/drChungus/VCSequentialSwitch/blob/main/Photoshooting/DSC_0317.JPG https://github.com/drChungus/VCSequentialSwitch/blob/main/Photoshooting/DSC_0318.JPG https://github.com/drChungus/VCSequentialSwitch/blob/main/Photoshooting/DSC_0319.JPG https://github.com/drChungus/VCSequentialSwitch/blob/main/Photoshooting/DSC_0320.JPG https://github.com/drChungus/VCSequentialSwitch/blob/main/Photoshooting/DSC_0321.JPG https://github.com/drChungus/VCSequentialSwitch/blob/main/Photoshooting/DSC_0322.JPG https://github.com/drChungus/VCSequentialSwitch/blob/main/Photoshooting/DSC_0323.JPG https://github.com/drChungus/VCSequentialSwitch/blob/main/Photoshooting/DSC_0324.JPG https://github.com/drChungus/VCSequentialSwitch/blob/main/Photoshooting/homebckgnd.jpg https://github.com/drChungus/VCSequentialSwitch/blob/main/ProductImages/DSC_0185MC.jpg https://github.com/drChungus/VCSequentialSwitch/blob/main/ProductImages/DSC_0268rr.jpg https://github.com/drChungus/VCSequentialSwitch/blob/main/ProductImages/DSC_0272.JPG https://github.com/drChungus/VCSequentialSwitch/blob/main/ProductImages/DSC_0275.JPG https://github.com/drChungus/VCSequentialSwitch/blob/main/ProductImages/DSC_0318.jpg https://github.com/drChungus/VCSequentialSwitch/blob/main/resources/IMG_20210507_070857.jpg https://github.com/drChungus/VCSequentialSwitch/blob/main/resources/IMG_20210507_070857crop.jpg,
dslamnig,PLLHO - PLL Harmonic Oscillator,"VCO (PLL harmonic, 8 ramp outputs)",CC BY-NC-SA 4.0,https://github.com/dslamnig/GHOQ/blob/master/PLLHO/schematics/pllho_board_A_schematics.pdf,gerbers,,https://github.com/dslamnig/GHOQ/tree/master/PLLHO,,,26HP · gerbers,https://github.com/dslamnig/GHOQ/blob/master/PLLHO/board_A_build/pllho_board_A_annotated.jpg https://github.com/dslamnig/GHOQ/blob/master/PLLHO/board_A_build/pllho_board_A_photo.jpg https://github.com/dslamnig/GHOQ/blob/master/PLLHO/board_A_build/pllho_board_A_tempco_photo.jpg https://github.com/dslamnig/GHOQ/blob/master/PLLHO/board_B_build/pllho_board_B_photo.jpg https://github.com/dslamnig/GHOQ/blob/master/PLLHO/board_C_build/pllho_board_C_photo.jpg https://github.com/dslamnig/GHOQ/blob/master/PLLHO/board_D_build/pllho_board_D_back_photo.jpg https://github.com/dslamnig/GHOQ/blob/master/PLLHO/board_D_build/pllho_board_D_front_photo.jpg https://github.com/dslamnig/GHOQ/blob/master/PLLHO/board_E_build/pllho_board_E_photo.jpg https://github.com/dslamnig/GHOQ/blob/master/PLLHO/module_build/pllho_built_bus.jpg https://github.com/dslamnig/GHOQ/blob/master/PLLHO/module_build/pllho_built_front.jpg https://github.com/dslamnig/GHOQ/blob/master/PLLHO/module_build/pllho_built_panel.jpg https://github.com/dslamnig/GHOQ/blob/master/PLLHO/module_build/pllho_built_side.jpg https://github.com/dslamnig/GHOQ/blob/master/PLLHO/module_build/pllho_test_bus_collage.jpg https://github.com/dslamnig/GHOQ/blob/master/PLLHO/module_build/pllho_trimpots.jpg,https://github.com/dslamnig/GHOQ/blob/master/PLLHO/doc/PLLHO_build_and_calibration.pdf
gridbugs,Attenuverter,attenuverter,,https://github.com/gridbugs/briefcase-synth/blob/main/attenuverter/attenuverter.pdf,,,https://github.com/gridbugs/briefcase-synth/tree/main/attenuverter,part of gridbugs' briefcase synth,,,,
gridbugs,Arduino Clock,clock (Arduino),,https://github.com/gridbugs/briefcase-synth/blob/main/clock/schematic/clock.pdf,,,https://github.com/gridbugs/briefcase-synth/tree/main/clock,part of gridbugs' briefcase synth,,,,
gridbugs,Dual Mixer,mixer (dual),,https://github.com/gridbugs/briefcase-synth/blob/main/dual-mixer/dual-mixer.pdf,,,https://github.com/gridbugs/briefcase-synth/tree/main/dual-mixer,part of gridbugs' briefcase synth,,,,
gridbugs,Envelope Generator,envelope,,https://github.com/gridbugs/briefcase-synth/blob/main/envelope-generator/envelope-generator.pdf,,,https://github.com/gridbugs/briefcase-synth/tree/main/envelope-generator,part of gridbugs' briefcase synth,,,,
gridbugs,Low-Frequency Mixer,mixer (CV / low-frequency),,https://github.com/gridbugs/briefcase-synth/blob/main/low-frequency-mixer/low-frequency-mixer.pdf,,,https://github.com/gridbugs/briefcase-synth/tree/main/low-frequency-mixer,part of gridbugs' briefcase synth,,,,
gridbugs,Mixer,mixer,,https://github.com/gridbugs/briefcase-synth/blob/main/mixer/mixer.pdf,,,https://github.com/gridbugs/briefcase-synth/tree/main/mixer,part of gridbugs' briefcase synth,,,,
gridbugs,Oscillator,VCO (AS3340),,https://github.com/gridbugs/briefcase-synth/blob/main/oscillator/simplest-3340-circuit/simplest-3340-circuit.pdf,,,https://github.com/gridbugs/briefcase-synth/tree/main/oscillator,part of gridbugs' briefcase synth,,,,
gridbugs,Power Supply,power supply,,https://github.com/gridbugs/briefcase-synth/blob/main/power-supply/power-supply.pdf,,,https://github.com/gridbugs/briefcase-synth/tree/main/power-supply,part of gridbugs' briefcase synth,,,,
gridbugs,Quantizer,quantizer,,https://github.com/gridbugs/briefcase-synth/blob/main/quantizer/schematic/quantizer.pdf,,,https://github.com/gridbugs/briefcase-synth/tree/main/quantizer,part of gridbugs' briefcase synth,,,,
gridbugs,Reverb,reverb,,https://github.com/gridbugs/briefcase-synth/blob/main/reverb/reverb.pdf,,,https://github.com/gridbugs/briefcase-synth/tree/main/reverb,part of gridbugs' briefcase synth,,,,
gridbugs,Sample and Hold,S&H,,https://github.com/gridbugs/briefcase-synth/blob/main/sample-and-hold/sample-and-hold.pdf,,,https://github.com/gridbugs/briefcase-synth/tree/main/sample-and-hold,part of gridbugs' briefcase synth,,,,
gridbugs,Low-Pass Filter,VCF (low-pass),,https://github.com/gridbugs/briefcase-synth/blob/main/low-pass-filter/low-pass-filter.pdf,kicad,THT,https://github.com/gridbugs/briefcase-synth/tree/main/low-pass-filter,part of gridbugs' briefcase synth,?,,,
Music From Outer Space + hallmar,MFOS 4ch Stereo Mixer,mixer (4-ch stereo),CC BY-SA 3.0 (hardware) / CC BY-SA 4.0 (software),x,eagle,THT,https://github.com/hallmar/Eurorack-Modules/tree/master/MFOS%204ch%20Stereo%20Mixer,,,6HP · eagle,,
hallmar,Stereo EQ,EQ (stereo),CC BY-SA 3.0 (hardware) / CC BY-SA 4.0 (software),x,eagle,SMD,https://github.com/hallmar/Eurorack-Modules/tree/master/Stereo%20EQ/hardware,,,4HP · eagle,,
Dintree,D100 Quad VCA,"VCA (quad, SSM2164)",,https://github.com/hires/Dintree/blob/master/D100-Quad_VCA/D100-quad_VCA-schematic.pdf,,,https://github.com/hires/Dintree/tree/master/D100-Quad_VCA,,,12HP · pdf,https://github.com/hires/Dintree/blob/master/D100-Quad_VCA/D100-back-600.jpg https://github.com/hires/Dintree/blob/master/D100-Quad_VCA/D100-front-600.jpg,
Dintree,D101 Dual Envelope,envelope (dual ADSR),,https://github.com/hires/Dintree/blob/master/D101-Dual_Envelope/D101-dual_envelope-schematic.pdf,,,https://github.com/hires/Dintree/tree/master/D101-Dual_Envelope,,,12HP · pdf,https://github.com/hires/Dintree/blob/master/D101-Dual_Envelope/D101-back-600.jpg https://github.com/hires/Dintree/blob/master/D101-Dual_Envelope/D101-front-600.jpg,
Dintree,D102 Output Mixer,output mixer (4-in),,https://github.com/hires/Dintree/blob/master/D102-Output_Mixer/D102-output_mixer-schematic.pdf,,,https://github.com/hires/Dintree/tree/master/D102-Output_Mixer,,,18HP · pdf,https://github.com/hires/Dintree/blob/master/D102-Output_Mixer/D102-back-600.jpg https://github.com/hires/Dintree/blob/master/D102-Output_Mixer/D102-front-600.jpg,
Dintree,D103 Reverb / Delay,"reverb / delay (stereo, FV-1)",,https://github.com/hires/Dintree/blob/master/D103-Reverb_Delay/D103-reverb_delay-schematic.pdf,,,https://github.com/hires/Dintree/tree/master/D103-Reverb_Delay,,,8HP · pdf,https://github.com/hires/Dintree/blob/master/D103-Reverb_Delay/D103-back-600.jpg https://github.com/hires/Dintree/blob/master/D103-Reverb_Delay/D103-front-600.jpg,
Dintree,D104 Four Vs,voltage source (4 manual CVs),,https://github.com/hires/Dintree/blob/master/D104-Four_Vs/D104-four_voltages-schematic.pdf,,,https://github.com/hires/Dintree/tree/master/D104-Four_Vs,,,8HP · pdf,https://github.com/hires/Dintree/blob/master/D104-Four_Vs/D104-back-600.jpg https://github.com/hires/Dintree/blob/master/D104-Four_Vs/D104-front-600.jpg,
Dintree,D105 Quad CV Proc,CV processor (quad: mix / scale / invert),,https://github.com/hires/Dintree/blob/master/D105-Quad_CV_Proc/D105-quad_CV_proc-schematic.pdf,,,https://github.com/hires/Dintree/tree/master/D105-Quad_CV_Proc,,,12HP · pdf,https://github.com/hires/Dintree/blob/master/D105-Quad_CV_Proc/D105-back-600.jpg https://github.com/hires/Dintree/blob/master/D105-Quad_CV_Proc/D105-front-600.jpg,
Dintree,D106 Step Sequencer,"sequencer (4-step, analog)",,https://github.com/hires/Dintree/blob/master/D106-Step_Sequencer/D106-step_sequencer-schematic.pdf,,,https://github.com/hires/Dintree/tree/master/D106-Step_Sequencer,,,12HP · pdf,https://github.com/hires/Dintree/blob/master/D106-Step_Sequencer/D106-back-600.jpg https://github.com/hires/Dintree/blob/master/D106-Step_Sequencer/D106-front-600.jpg,
Dintree,D107 Slew,slew limiter (dual),,https://github.com/hires/Dintree/blob/master/D107-Slew/D107-dual_slew-schematic.pdf,,,https://github.com/hires/Dintree/tree/master/D107-Slew,,,8HP · pdf,https://github.com/hires/Dintree/blob/master/D107-Slew/D107-back-600.jpg https://github.com/hires/Dintree/blob/master/D107-Slew/D107-front-600.jpg,
Dintree,D112 Power Supply,power supply (single row),,https://github.com/hires/Dintree/blob/master/D112-Power_Supply/D112-power_supply-schematic.pdf,,,https://github.com/hires/Dintree/tree/master/D112-Power_Supply,,,,https://github.com/hires/Dintree/blob/master/D112-Power_Supply/D112-front-600.jpg,
Dintree,DSupply Power Supply,power supply,,https://github.com/hires/Dintree/blob/master/DSupply-Power_Supply/DSUPPLY-power_supply-schematic-verB.pdf,,,https://github.com/hires/Dintree/tree/master/DSupply-Power_Supply,,,,,
jhbruhn,bus,bus board,MIT (software),x,eagle,THT,https://github.com/jhbruhn/eurorack/tree/master/bus/hardware_design,,,,,
jhbruhn,out,output module,MIT (software),x,eagle,SMD,https://github.com/jhbruhn/eurorack/tree/master/out/hardware_design,,,,,
jhbruhn,stereo_mix,mixer (stereo),MIT (software),x,eagle,SMD,https://github.com/jhbruhn/eurorack/tree/master/stereo_mix/hardware_design,,,HP ? · 3D,,
jhbruhn,vca,VCA,MIT (software),x,eagle + gerbers,SMD,https://github.com/jhbruhn/eurorack/tree/master/vca/hardware_design,,,6HP · eagle + gerbers,,
jhbruhn,vcf-20,VCF,MIT (software),x,eagle,SMD,https://github.com/jhbruhn/eurorack/tree/master/vcf-20/hardware_design,,,HP ? · 3D,,
jhbruhn,vcf-leiter,VCF (ladder),MIT (software),x,eagle,SMD,https://github.com/jhbruhn/eurorack/tree/master/vcf-leiter/hardware_design,,,HP ? · 3D,,
little-scale,USB MIDI 12 gate 16 CV interface,"MIDI to CV / gate (USB; 16 CV, 12 gate)",,x,eagle,THT,https://github.com/little-scale/eurorack/tree/master/USB_MIDI_12_gate_16_cv_interface,,,,,
little-scale,USB MIDI Host,USB MIDI host (Teensy 3.6),,x,eagle,THT,https://github.com/little-scale/eurorack/tree/master/USB_MIDI_Host,,,,,
little-scale,Chromatic Drum Gate Sync,"MIDI to gate (USB, 12 gates)",,x,eagle,THT,https://github.com/little-scale/eurorack/tree/master/chromatic_drum_gate_sync,,,,,
little-scale,Exo Sequencer,sequencer (16-step),,x,eagle,THT,https://github.com/little-scale/eurorack/tree/master/exo_sequencer,,,,,
little-scale,Quad Probability Gate,"Bernoulli gate (quad, CV probability)",,x,eagle,THT,https://github.com/little-scale/eurorack/tree/master/quad_probability_gate,,,,,
matthewcieplak,Super Sixteen (THT),sequencer (64-step CV),GPL v3 (code),x,kicad + gerbers,both,https://github.com/matthewcieplak/super-sixteen/tree/master/kicad-control-board,See alt. version: Super Sixteen (SMT),,,,
matthewcieplak,Super Sixteen (SMT),sequencer (64-step CV),GPL v3 (code),x,kicad + gerbers,SMD,https://github.com/matthewcieplak/super-sixteen/tree/master/kicad-control-board-smt,See alt. version: Super Sixteen (THT),,,,
Mystic Circuits,0HP 0ttenuator,attenuator (0HP),,x,eagle + gerbers,THT,https://github.com/mysticcircuits/0HP_Modular/tree/master/Hardware/0HP%200ttenuator,0HP board (mounts behind the panel),,,,
Mystic Circuits,0HP AND Gate,"logic (AND, 0HP)",,x,eagle + gerbers,THT,https://github.com/mysticcircuits/0HP_Modular/tree/master/Hardware/0HP%20AND%20Gate,0HP board (mounts behind the panel),,,,https://github.com/mysticcircuits/0HP_Modular/blob/master/Hardware/0HP%20AND%20Gate/Mystic%20Circuits%200HP%20AND%20Gate%20DIY%20Instructions.pdf
Mystic Circuits,0HP EYEtenuator,attenuator (0HP),,x,eagle + gerbers,THT,https://github.com/mysticcircuits/0HP_Modular/tree/master/Hardware/0HP%20EYEtenuator,0HP board (mounts behind the panel),,,,
Mystic Circuits,0HP Filter,filter (0HP),,x,eagle + gerbers,THT,https://github.com/mysticcircuits/0HP_Modular/tree/master/Hardware/0HP%20Filter,0HP board (mounts behind the panel),,,,
Mystic Circuits,0HP OR Gate,"logic (OR, 0HP)",,x,eagle + gerbers,THT,https://github.com/mysticcircuits/0HP_Modular/tree/master/Hardware/0HP%20OR%20Gate,0HP board (mounts behind the panel),,,,https://github.com/mysticcircuits/0HP_Modular/blob/master/Hardware/0HP%20OR%20Gate/Mystic%20Circuits%200HP%20OR%20Gate%20DIY%20Instructions.pdf
Mystic Circuits,0HP Vactrol LPG-VCA,"LPG / VCA (vactrol, 0HP)",,x,eagle + gerbers,THT,https://github.com/mysticcircuits/0HP_Modular/tree/master/Hardware/0HP%20Vactrol%20LPG-VCA,0HP board (mounts behind the panel),,,,https://github.com/mysticcircuits/0HP_Modular/blob/master/Hardware/0HP%20Vactrol%20LPG-VCA/Mystic%20Circuits%200HP%20Vactrol%20Modules%20DIY%20Build%20Guide.pdf
Nanas Sound,Rohkem,"multiple (passive, 1x7 / 2x3)",CC BY-SA 4.0 (hardware),https://github.com/nanassound/eurorack-nanassound/blob/main/Rohkem/Schematic_Rohkem.pdf,,,https://github.com/nanassound/eurorack-nanassound/tree/main/Rohkem,,,,https://github.com/nanassound/eurorack-nanassound/blob/main/Rohkem/IMG_6425.jpeg,
Nanas Sound,Uksed,"audio input (dual, line level)",CC BY-SA 4.0 (hardware),https://github.com/nanassound/eurorack-nanassound/blob/main/Uksed/Uksed_Schematic.pdf,gerbers,SMD,https://github.com/nanassound/eurorack-nanassound/tree/main/Uksed,,,6HP · gerbers,https://github.com/nanassound/eurorack-nanassound/blob/main/Uksed/uksed-product-page.webp,
nickajeglin,Buf. Mult,buffered multiple,,x,kicad + gerbers,THT,https://github.com/nickajeglin/Eurorack-pcbs/tree/master/Buf.%20Mult,,,HP ? · dxf,,
nickajeglin,Surf Synthesizer,sound generator (surf),,https://github.com/nickajeglin/Eurorack-pcbs/blob/master/Surf%20Synthesizer/build%20information/Schematic.pdf,kicad + gerbers,THT,https://github.com/nickajeglin/Eurorack-pcbs/tree/master/Surf%20Synthesizer,,,,,https://github.com/nickajeglin/Eurorack-pcbs/blob/master/Surf%20Synthesizer/build%20information/Popular%20Electronics%20article%20Feb%201972.pdf
nickajeglin,VCA,VCA,,x,kicad + gerbers,SMD,https://github.com/nickajeglin/Eurorack-pcbs/tree/master/VCA,,,HP ? · svg + dxf + pdf,,
nickajeglin,VCO,VCO,,x,kicad + gerbers,SMD,https://github.com/nickajeglin/Eurorack-pcbs/tree/master/VCO,,,HP ? · svg + pdf,,
nickajeglin,analog logic module,analog logic,,https://github.com/nickajeglin/Eurorack-pcbs/blob/master/analog%20logic%20module/schematic.pdf,kicad + gerbers,SMD,https://github.com/nickajeglin/Eurorack-pcbs/tree/master/analog%20logic%20module,,,8HP · svg + dxf + pdf,,
nickajeglin,util LFO,LFO,,x,kicad + gerbers,SMD,https://github.com/nickajeglin/Eurorack-pcbs/tree/master/util_LFO,See alt. version: util LFO (stripboard),?,,,
nickajeglin,util LFO (stripboard),LFO,,x,stripboard,THT,https://github.com/nickajeglin/Eurorack-pcbs/tree/master/util_LFO,See alt. version: util LFO,?,,,
Sluisbrinkie,Eurorack USB-C PD PSU,power supply (USB-C PD),CC BY-SA 4.0,https://github.com/niektb/sluisbrinkie-eurorack-published/blob/main/Eurorack%20USB-C%20PD%20PSU/schematic.pdf,kicad,SMD,https://github.com/niektb/sluisbrinkie-eurorack-published/tree/main/Eurorack%20USB-C%20PD%20PSU,,,,,
Sluisbrinkie,Herford,voltage-controlled switch / T&H / S&H,CC BY-SA 4.0,https://github.com/niektb/sluisbrinkie-eurorack-published/blob/main/Sluisbrinkie%20Herford/Schematic%20PDF/herford.pdf,kicad,both,https://github.com/niektb/sluisbrinkie-eurorack-published/tree/main/Sluisbrinkie%20Herford,modern interpretation of a classic 4U design,,8HP · kicad,,
Sluisbrinkie,Kirchhoff (Simple Bus Board),bus board,CC BY-SA 4.0,x,eagle,THT,https://github.com/niektb/sluisbrinkie-eurorack-published/tree/main/Sluisbrinkie%20Kirchhoff,,,,,
rheslip,2HPico DSP,DSP / audio platform (RP2350),,x,kicad + gerbers,SMD,https://github.com/rheslip/2HPico-Eurorack-Module-Hardware/tree/main/2HPico%20DSP%20KiCad%20Design%20Files/Pico%202HP_Audio,,,,,
rheslip,2HPico,programmable module (RP2350),,https://github.com/rheslip/2HPico-Eurorack-Module-Hardware/blob/main/2HPico%20KiCad%20design%20files/Pico%202HP%20Controls/Pico%202HP%20Controls%20Schematic.pdf,kicad + gerbers,SMD,https://github.com/rheslip/2HPico-Eurorack-Module-Hardware/tree/main/2HPico%20KiCad%20design%20files,,,,,
rheslip,4HPico DSP,DSP / audio platform (RP2350),,https://github.com/rheslip/2HPico-Eurorack-Module-Hardware/blob/main/4HPico%20DSP%20KiCad%20design%20files/4HPicoDSP_schematic.pdf,kicad + gerbers,SMD,https://github.com/rheslip/2HPico-Eurorack-Module-Hardware/tree/main/4HPico%20DSP%20KiCad%20design%20files,,?,4HP · kicad + gerbers + 3D,,
rheslip,4HPico,programmable module (RP2350),,x,kicad + gerbers,SMD,https://github.com/rheslip/2HPico-Eurorack-Module-Hardware/tree/main/4HPico%20KiCad%20design%20files,,,4HP · kicad + gerbers + 3D,,
Shmøergh,Multiples x Attenuator,multiple / attenuator (passive),CC BY-NC 4.0 (hardware),x,kicad,,https://github.com/shmoergh/moduleur/tree/main/accessories/multiples-attenuator,part of the Shmøergh Moduleur system,X,,,
Shmøergh,PSU,power supply (±12V),CC BY-NC 4.0 (hardware),https://github.com/shmoergh/moduleur/blob/main/modules/01-psu/electronics/schematics/psu.pdf,kicad,THT,https://github.com/shmoergh/moduleur/tree/main/modules/01-psu,part of the Shmøergh Moduleur system,,,,
Shmøergh,VCO,VCO,CC BY-NC 4.0,https://github.com/shmoergh/moduleur/blob/main/modules/02-vco/electronics/core/schematics/vco-core.pdf,kicad,both,https://github.com/shmoergh/moduleur/tree/main/modules/02-vco,part of the Shmøergh Moduleur system,,,,
Shmøergh,Sidechain Mixer,mixer (4-ch) / sidechain compressor,CC BY-NC 4.0,https://github.com/shmoergh/moduleur/blob/main/modules/03-sidechain-mixer/electronics/core/schematics/sidechain-mixer-core.pdf,kicad + gerbers,both,https://github.com/shmoergh/moduleur/tree/main/modules/03-sidechain-mixer,part of the Shmøergh Moduleur system,,,,
Shmøergh,VCF,"VCF (multimode, diode)",CC BY-NC 4.0,https://github.com/shmoergh/moduleur/blob/main/modules/04-vcf/electronics/core/schematics/vcf-core.pdf,kicad + gerbers,both,https://github.com/shmoergh/moduleur/tree/main/modules/04-vcf,part of the Shmøergh Moduleur system,,,,
Shmøergh,ADSR + VCA,ADSR / VCA,CC BY-NC 4.0,https://github.com/shmoergh/moduleur/blob/main/modules/05-adsr-vca/electronics/core/schematics/adsr-vca-core.pdf,kicad,both,https://github.com/shmoergh/moduleur/tree/main/modules/05-adsr-vca,part of the Shmøergh Moduleur system,,,,
Shmøergh,Utils & Output,bitcrusher / LFO / output (overdrive),CC BY-NC 4.0,https://github.com/shmoergh/moduleur/blob/main/modules/06-utils-output/electronics/core/schematics/utils-output-core.pdf,kicad,both,https://github.com/shmoergh/moduleur/tree/main/modules/06-utils-output,part of the Shmøergh Moduleur system,,,,
Shmøergh,Brain,digital platform (sequencer / MIDI / digital voices),CC BY-NC 4.0,https://github.com/shmoergh/moduleur/blob/main/modules/07-brain/electronics/core/schematics/brain-core.pdf,kicad,both,https://github.com/shmoergh/moduleur/tree/main/modules/07-brain,part of the Shmøergh Moduleur system,,,,
vauxflores,Dual VCA,VCA (dual),,,gerbers,THT,https://github.com/vauxflores/Electronics/tree/master/Eurorack/Dual%20VCA,,,HP ? · gerbers,,
vauxflores,Power,power supply,,x,eagle + gerbers,THT,https://github.com/vauxflores/Electronics/tree/master/Eurorack/Power,,,,,
vauxflores,Resistance Mixer,mixer (passive),,x,eagle + gerbers,THT,https://github.com/vauxflores/Electronics/tree/master/Eurorack/Resistance%20Mixer,,,4HP · eagle + gerbers,,
Winterbloom,Sol,MIDI to CV (CircuitPython),CC BY-SA 4.0 (hardware) / MIT (firmware),https://github.com/wntrblm/Sol/blob/master/hardware/rev1/mainboard/mainboard.pdf,kicad + gerbers,SMD,https://github.com/wntrblm/Sol/tree/master/hardware/rev1,,,8HP · kicad + gerbers + svg + 3D,,
Electric Noodle Box,DC Module Split Supply,power supply (DC split),CERN-OHL-W-2.0,https://github.com/AidanTek/ElectricNoodleBox/blob/master/ModularSeries/DCModuleSplitSupply/DCModuleSplitSupply-schem.pdf,eagle,THT,https://github.com/AidanTek/ElectricNoodleBox/tree/master/ModularSeries/DCModuleSplitSupply,,,,,
Electric Noodle Box,Endings (AC Mix Output),output mixer (AC),CERN-OHL-W-2.0,https://github.com/AidanTek/ElectricNoodleBox/blob/master/ModularSeries/EndingsACMixOutput/Controls/Endings_Controls-schem.png,eagle,THT,https://github.com/AidanTek/ElectricNoodleBox/tree/master/ModularSeries/EndingsACMixOutput,,,HP ? · eagle,,
Electric Noodle Box,Fields (Ring Modulator),ring modulator,CERN-OHL-W-2.0,https://github.com/AidanTek/ElectricNoodleBox/blob/master/ModularSeries/FieldsRingModulator/Controls/FieldsControls-schem.png,eagle,THT,https://github.com/AidanTek/ElectricNoodleBox/tree/master/ModularSeries/FieldsRingModulator,,,5HP · eagle + dxf,,
Electric Noodle Box,Formula (Wave Distortion),wave distortion / shaper,CERN-OHL-W-2.0,https://github.com/AidanTek/ElectricNoodleBox/blob/master/ModularSeries/FormulaWaveDistortion/Controls/FormulaControls-schem.pdf,eagle,THT,https://github.com/AidanTek/ElectricNoodleBox/tree/master/ModularSeries/FormulaWaveDistortion,,,HP ? · eagle,,
Electric Noodle Box,Knives (Dual Looping AR),function generator (dual looping AR),CERN-OHL-W-2.0,https://github.com/AidanTek/ElectricNoodleBox/blob/master/ModularSeries/KnivesDualLoopingARFG/KnivesDualLoopingARFG-schem.pdf,eagle,THT,https://github.com/AidanTek/ElectricNoodleBox/tree/master/ModularSeries/KnivesDualLoopingARFG,,,HP ? · eagle,,
Electric Noodle Box,Mirrors (Dual Attenuverter),attenuverter (dual),CERN-OHL-W-2.0,https://github.com/AidanTek/ElectricNoodleBox/blob/master/ModularSeries/MirrorsDualAttenuverter/MirrorsDualAttenuverter-schem.pdf,eagle,THT,https://github.com/AidanTek/ElectricNoodleBox/tree/master/ModularSeries/MirrorsDualAttenuverter,,,HP ? · eagle,,
Electric Noodle Box,Portals (Dual Exp VCA),"VCA (dual, exponential)",CERN-OHL-W-2.0,https://github.com/AidanTek/ElectricNoodleBox/blob/master/ModularSeries/PortalsDualExpVCA/PortalsDualExpVCA-schem.pdf,eagle,THT,https://github.com/AidanTek/ElectricNoodleBox/tree/master/ModularSeries/PortalsDualExpVCA,,,10HP · eagle,,
Electric Noodle Box,Prism (Tricore VCO),VCO (tri-core),CERN-OHL-W-2.0,https://github.com/AidanTek/ElectricNoodleBox/blob/master/ModularSeries/PrismTricoreVCO/PrismTricoreVCO-schem.pdf,eagle,THT,https://github.com/AidanTek/ElectricNoodleBox/tree/master/ModularSeries/PrismTricoreVCO,,,10HP · eagle,,
Electric Noodle Box,Saltwaters (VC Echo),echo / delay (VC),CERN-OHL-W-2.0,https://github.com/AidanTek/ElectricNoodleBox/blob/master/ModularSeries/SaltwatersVCEcho/SaltwatersEchoCore-schem.pdf,eagle,THT,https://github.com/AidanTek/ElectricNoodleBox/tree/master/ModularSeries/SaltwatersVCEcho,,,HP ? · eagle,,
Electric Noodle Box,TimeSeeds (VP Clock),clock,CERN-OHL-W-2.0,https://github.com/AidanTek/ElectricNoodleBox/blob/master/ModularSeries/TimeSeedsVPClock/TimeSeedsVPClock-schem.pdf,eagle,THT,https://github.com/AidanTek/ElectricNoodleBox/tree/master/ModularSeries/TimeSeedsVPClock,,,HP ? · eagle,,
Electric Noodle Box,Transients (VC Function Generator),function generator (VC),CERN-OHL-W-2.0,https://github.com/AidanTek/ElectricNoodleBox/blob/master/ModularSeries/TransientsVCFG/TransientsVCFG-schem.pdf,eagle,THT,https://github.com/AidanTek/ElectricNoodleBox/tree/master/ModularSeries/TransientsVCFG,,,HP ? · eagle,,
Deftaudio,Eurorack MIDI Thru 4 (DIN),"MIDI thru (4-out, DIN)",BSD 3-Clause,https://github.com/Deftaudio/Midi-boards/blob/master/Eurorack_MIDIThru4_DIN/Eurorack_MIDIThru4_DIN_sch.pdf,,,https://github.com/Deftaudio/Midi-boards/tree/master/Eurorack_MIDIThru4_DIN,,,,https://github.com/Deftaudio/Midi-boards/blob/master/Eurorack_MIDIThru4_DIN/Eurorack_MIDIThru4_DIN_Back.JPG https://github.com/Deftaudio/Midi-boards/blob/master/Eurorack_MIDIThru4_DIN/Eurorack_MIDIThru4_DIN_Front.JPG https://github.com/Deftaudio/Midi-boards/blob/master/Eurorack_MIDIThru4_DIN/Eurorack_MIDIThru4_DIN_PCB1.JPG https://github.com/Deftaudio/Midi-boards/blob/master/Eurorack_MIDIThru4_DIN/Eurorack_MIDIThru4_DIN_PCB2.JPG https://github.com/Deftaudio/Midi-boards/blob/master/Eurorack_MIDIThru4_DIN/Eurorack_MIDIThru4_DIN_Top.JPG,
Deftaudio,Eurorack MIDI Thru 4 (TRS),"MIDI thru (4-out, TRS)",BSD 3-Clause,https://github.com/Deftaudio/Midi-boards/blob/master/Eurorack_MIDIThru4_TRS/Eurorack_MIDIThru4_TRS_sch.pdf,,,https://github.com/Deftaudio/Midi-boards/tree/master/Eurorack_MIDIThru4_TRS,,,,https://github.com/Deftaudio/Midi-boards/blob/master/Eurorack_MIDIThru4_TRS/Eurorack_MIDIThru4_TRS_Angle.JPG https://github.com/Deftaudio/Midi-boards/blob/master/Eurorack_MIDIThru4_TRS/Eurorack_MIDIThru4_TRS_Back.JPG https://github.com/Deftaudio/Midi-boards/blob/master/Eurorack_MIDIThru4_TRS/Eurorack_MIDIThru4_TRS_Front.JPG https://github.com/Deftaudio/Midi-boards/blob/master/Eurorack_MIDIThru4_TRS/Eurorack_MIDIThru4_TRS_PCB1.JPG https://github.com/Deftaudio/Midi-boards/blob/master/Eurorack_MIDIThru4_TRS/Eurorack_MIDIThru4_TRS_PCB2.JPG https://github.com/Deftaudio/Midi-boards/blob/master/Eurorack_MIDIThru4_TRS/Eurorack_MIDIThru4_TRS_top.JPG,
Deftaudio,Eurorack MIDI Teensy 5x5,"MIDI interface (Teensy, 5 in / 5 out)",BSD 3-Clause,https://github.com/Deftaudio/Midi-boards/blob/master/Eurorack_MIDI_Teensy_5x5/Eurorack_MIDI_Teensy_5x5_sch.pdf,,,https://github.com/Deftaudio/Midi-boards/tree/master/Eurorack_MIDI_Teensy_5x5,,,HP ? · pdf,https://github.com/Deftaudio/Midi-boards/blob/master/Eurorack_MIDI_Teensy_5x5/Eurorack_MIDI_Teensy_5x5_PCB1.jpg https://github.com/Deftaudio/Midi-boards/blob/master/Eurorack_MIDI_Teensy_5x5/Eurorack_MIDI_Teensy_5x5_PCB2.jpg https://github.com/Deftaudio/Midi-boards/blob/master/Eurorack_MIDI_Teensy_5x5/Eurorack_MIDI_Teensy_5x5_PCB3.jpg https://github.com/Deftaudio/Midi-boards/blob/master/Eurorack_MIDI_Teensy_5x5/Eurorack_MIDI_Teensy_5x5_angle1.jpg https://github.com/Deftaudio/Midi-boards/blob/master/Eurorack_MIDI_Teensy_5x5/Eurorack_MIDI_Teensy_5x5_angle2.jpg https://github.com/Deftaudio/Midi-boards/blob/master/Eurorack_MIDI_Teensy_5x5/Eurorack_MIDI_Teensy_5x5_back1.jpg https://github.com/Deftaudio/Midi-boards/blob/master/Eurorack_MIDI_Teensy_5x5/Eurorack_MIDI_Teensy_5x5_back2.jpg https://github.com/Deftaudio/Midi-boards/blob/master/Eurorack_MIDI_Teensy_5x5/Eurorack_MIDI_Teensy_5x5_boards.jpg https://github.com/Deftaudio/Midi-boards/blob/master/Eurorack_MIDI_Teensy_5x5/Eurorack_MIDI_Teensy_5x5_front1.jpg https://github.com/Deftaudio/Midi-boards/blob/master/Eurorack_MIDI_Teensy_5x5/Eurorack_MIDI_Teensy_5x5_front2.jpg,
Deftaudio,Eurorack MIDI Merge 2in3out,"MIDI merge (2-in, 3-out)",BSD 3-Clause,https://github.com/Deftaudio/Midi-boards/blob/master/Eurorack_MidiMerge2in3out/Eurorack_MIDIMerge2in3out_sch.pdf,,,https://github.com/Deftaudio/Midi-boards/tree/master/Eurorack_MidiMerge2in3out,,,,https://github.com/Deftaudio/Midi-boards/blob/master/Eurorack_MidiMerge2in3out/Eurorack_MIDIMerge2in3out_angle1.jpg https://github.com/Deftaudio/Midi-boards/blob/master/Eurorack_MidiMerge2in3out/Eurorack_MIDIMerge2in3out_angle2.jpg https://github.com/Deftaudio/Midi-boards/blob/master/Eurorack_MidiMerge2in3out/Eurorack_MIDIMerge2in3out_back1.jpg https://github.com/Deftaudio/Midi-boards/blob/master/Eurorack_MidiMerge2in3out/Eurorack_MIDIMerge2in3out_back2.jpg https://github.com/Deftaudio/Midi-boards/blob/master/Eurorack_MidiMerge2in3out/Eurorack_MIDIMerge2in3out_back3.jpg https://github.com/Deftaudio/Midi-boards/blob/master/Eurorack_MidiMerge2in3out/Eurorack_MIDIMerge2in3out_front.jpg https://github.com/Deftaudio/Midi-boards/blob/master/Eurorack_MidiMerge2in3out/Eurorack_MIDIMerge2in3out_kit.jpg,
Deftaudio,Eurorack MotorPot,motorized pot controller (MIDI),BSD 3-Clause,https://github.com/Deftaudio/Midi-boards/blob/master/Eurorack_MotorPot/Eurorack_MotorPot_sch.pdf,,,https://github.com/Deftaudio/Midi-boards/tree/master/Eurorack_MotorPot,,,,https://github.com/Deftaudio/Midi-boards/blob/master/Eurorack_MotorPot/Eurorack_MotorPot_back.jpg https://github.com/Deftaudio/Midi-boards/blob/master/Eurorack_MotorPot/Eurorack_MotorPot_eurorack.jpg https://github.com/Deftaudio/Midi-boards/blob/master/Eurorack_MotorPot/Eurorack_MotorPot_fader.jpg https://github.com/Deftaudio/Midi-boards/blob/master/Eurorack_MotorPot/Eurorack_MotorPot_front1.jpg https://github.com/Deftaudio/Midi-boards/blob/master/Eurorack_MotorPot/Eurorack_MotorPot_front2.jpg https://github.com/Deftaudio/Midi-boards/blob/master/Eurorack_MotorPot/Eurorack_MotorPot_kit.jpg https://github.com/Deftaudio/Midi-boards/blob/master/Eurorack_MotorPot/Eurorack_MotorPot_side1.jpg https://github.com/Deftaudio/Midi-boards/blob/master/Eurorack_MotorPot/Eurorack_MotorPot_side2.jpg,https://github.com/Deftaudio/Midi-boards/blob/master/Eurorack_MotorPot/Eurorack_MotorPot_Assembly_Intructions.pdf
Deftaudio,EuroRPi,Raspberry Pi 4 module kit (5-inch touchscreen),BSD 3-Clause,https://github.com/Deftaudio/Midi-boards/blob/master/Eurorack_RPi/Eurorack_RPi_3.5mm_breakout_sch.pdf,,,https://github.com/Deftaudio/Midi-boards/tree/master/Eurorack_RPi,,,26HP · pdf,https://github.com/Deftaudio/Midi-boards/blob/master/Eurorack_RPi/Eurorack_RPi_3.5mm_breakout_PCB1.JPG https://github.com/Deftaudio/Midi-boards/blob/master/Eurorack_RPi/Eurorack_RPi_3.5mm_breakout_PCB2.JPG https://github.com/Deftaudio/Midi-boards/blob/master/Eurorack_RPi/Eurorack_RPi_assembled_angle.JPG https://github.com/Deftaudio/Midi-boards/blob/master/Eurorack_RPi/Eurorack_RPi_assembled_back.JPG https://github.com/Deftaudio/Midi-boards/blob/master/Eurorack_RPi/Eurorack_RPi_assembled_front1.JPG https://github.com/Deftaudio/Midi-boards/blob/master/Eurorack_RPi/Eurorack_RPi_assembled_front2.JPG https://github.com/Deftaudio/Midi-boards/blob/master/Eurorack_RPi/Eurorack_RPi_assembled_side.JPG https://github.com/Deftaudio/Midi-boards/blob/master/Eurorack_RPi/Eurorack_RPi_synth_kit_PCB1.JPG https://github.com/Deftaudio/Midi-boards/blob/master/Eurorack_RPi/Eurorack_RPi_synth_kit_PCB2.JPG,
Deftaudio,Eurorack Spinner LFO,LFO,BSD 3-Clause,,,,https://github.com/Deftaudio/Midi-boards/tree/master/Eurorack_SpinnerLFO,,,,https://github.com/Deftaudio/Midi-boards/blob/master/Eurorack_SpinnerLFO/Eurorack_SpinnerLFO_angle.jpg https://github.com/Deftaudio/Midi-boards/blob/master/Eurorack_SpinnerLFO/Eurorack_SpinnerLFO_angle2.jpg https://github.com/Deftaudio/Midi-boards/blob/master/Eurorack_SpinnerLFO/Eurorack_SpinnerLFO_angle3.jpg https://github.com/Deftaudio/Midi-boards/blob/master/Eurorack_SpinnerLFO/Eurorack_SpinnerLFO_front1.jpg https://github.com/Deftaudio/Midi-boards/blob/master/Eurorack_SpinnerLFO/Eurorack_SpinnerLFO_front2.jpg,
Deftaudio,Eurorack TRS-DIN5,MIDI TRS / DIN adapter,BSD 3-Clause,https://github.com/Deftaudio/Midi-boards/blob/master/Eurorack_TRS-DIN5/Eurorack_TRS-DIN5_sch.pdf,,,https://github.com/Deftaudio/Midi-boards/tree/master/Eurorack_TRS-DIN5,,,,https://github.com/Deftaudio/Midi-boards/blob/master/Eurorack_TRS-DIN5/Eurorack_TRS-DIN5_Back.JPG https://github.com/Deftaudio/Midi-boards/blob/master/Eurorack_TRS-DIN5/Eurorack_TRS-DIN5_Front.JPG https://github.com/Deftaudio/Midi-boards/blob/master/Eurorack_TRS-DIN5/Eurorack_TRS-DIN5_PCB1.JPG https://github.com/Deftaudio/Midi-boards/blob/master/Eurorack_TRS-DIN5/Eurorack_TRS-DIN5_PCB2.JPG https://github.com/Deftaudio/Midi-boards/blob/master/Eurorack_TRS-DIN5/Eurorack_TRS-DIN5_Top.JPG,
Deftaudio,Eurorack USB-C Power Supply,power supply (USB-C),BSD 3-Clause,https://github.com/Deftaudio/Midi-boards/blob/master/Eurorack_USB-C_Power_Supply/Eurorack_USB-C_Power_Supply_sch.pdf,,,https://github.com/Deftaudio/Midi-boards/tree/master/Eurorack_USB-C_Power_Supply,,,,https://github.com/Deftaudio/Midi-boards/blob/master/Eurorack_USB-C_Power_Supply/Eurorack_USB-C_Power_Supply_Ground_Connect.jpg https://github.com/Deftaudio/Midi-boards/blob/master/Eurorack_USB-C_Power_Supply/Eurorack_USB-C_Power_Supply_PCB1.jpg https://github.com/Deftaudio/Midi-boards/blob/master/Eurorack_USB-C_Power_Supply/Eurorack_USB-C_Power_Supply_PCB2.jpg https://github.com/Deftaudio/Midi-boards/blob/master/Eurorack_USB-C_Power_Supply/Eurorack_USB-C_Power_Supply_USB-B_DCWN03E-12_1.jpg https://github.com/Deftaudio/Midi-boards/blob/master/Eurorack_USB-C_Power_Supply/Eurorack_USB-C_Power_Supply_USB-B_DCWN03E-12_2.jpg https://github.com/Deftaudio/Midi-boards/blob/master/Eurorack_USB-C_Power_Supply/Eurorack_USB-C_Power_Supply_USB-B_DD1912PA_1.jpg https://github.com/Deftaudio/Midi-boards/blob/master/Eurorack_USB-C_Power_Supply/Eurorack_USB-C_Power_Supply_USB-B_DD1912PA_2.jpg https://github.com/Deftaudio/Midi-boards/blob/master/Eurorack_USB-C_Power_Supply/Eurorack_USB-C_Power_Supply_USB-C_DCWN03E-12_1.jpg https://github.com/Deftaudio/Midi-boards/blob/master/Eurorack_USB-C_Power_Supply/Eurorack_USB-C_Power_Supply_USB-C_DCWN03E-12_2.jpg https://github.com/Deftaudio/Midi-boards/blob/master/Eurorack_USB-C_Power_Supply/Eurorack_USB-C_Power_Supply_USB-C_DD1912PA_1.jpg https://github.com/Deftaudio/Midi-boards/blob/master/Eurorack_USB-C_Power_Supply/Eurorack_USB-C_Power_Supply_USB-C_DD1912PA_2.jpg https://github.com/Deftaudio/Midi-boards/blob/master/Eurorack_USB-C_Power_Supply/Eurorack_USB-C_Power_Supply_USB-C_Jumper_Settings.jpg,
Deftaudio,Eurorack USB Power,power supply (USB),BSD 3-Clause,https://github.com/Deftaudio/Midi-boards/blob/master/Eurorack_USB_Power/Eurorack_USB_power_sch.pdf,,,https://github.com/Deftaudio/Midi-boards/tree/master/Eurorack_USB_Power,,,,https://github.com/Deftaudio/Midi-boards/blob/master/Eurorack_USB_Power/Eurorack_USB_power_Angle.jpg https://github.com/Deftaudio/Midi-boards/blob/master/Eurorack_USB_Power/Eurorack_USB_power_Front.jpg https://github.com/Deftaudio/Midi-boards/blob/master/Eurorack_USB_Power/Eurorack_USB_power_PCB.jpg https://github.com/Deftaudio/Midi-boards/blob/master/Eurorack_USB_Power/Eurorack_USB_power_Top.jpg,
L.Geerinckx,Alter Normal,"hi-hat (analog, 40106)",,https://github.com/PierreIsCoding/sdiy/blob/main/Alter_Normal/Alter_Normal_Schematic.pdf,,SMD,https://github.com/PierreIsCoding/sdiy/tree/main/Alter_Normal,,,,,
L.Geerinckx,Arpeggiator,arpeggiator,,https://github.com/PierreIsCoding/sdiy/blob/main/Arpeggiator/pdfs/Schematic.pdf,,,https://github.com/PierreIsCoding/sdiy/tree/main/Arpeggiator/pdfs,,,,,
L.Geerinckx,CEM3340 VCO,VCO (CEM3340),,https://github.com/PierreIsCoding/sdiy/blob/main/CEM3340_VCO/pdfs/CEM3340_schematic.pdf,,THT,https://github.com/PierreIsCoding/sdiy/tree/main/CEM3340_VCO/pdfs,,,HP ? · pdf,,
L.Geerinckx,Chit Chat,Bernoulli gate (analog probability),,https://github.com/PierreIsCoding/sdiy/blob/main/Chit_Chat/Chit_Chat_Schematic.pdf,,SMD,https://github.com/PierreIsCoding/sdiy/tree/main/Chit_Chat,,,,https://github.com/PierreIsCoding/sdiy/blob/main/Chit_Chat/images/front.jpg https://github.com/PierreIsCoding/sdiy/blob/main/Chit_Chat/images/parts.jpg,
L.Geerinckx,Digital Sample And Hold,S&H (digital),,https://github.com/PierreIsCoding/sdiy/blob/main/Digital_Sample_And_Hold/PDFS/Digital_Sample_And_Hold_Schematic.pdf,,THT,https://github.com/PierreIsCoding/sdiy/tree/main/Digital_Sample_And_Hold/PDFS,,,HP ? · pdf,,
L.Geerinckx,Dual LFO,"LFO (dual, with mix)",,https://github.com/PierreIsCoding/sdiy/blob/main/Dual_LFO/pdfs/Dual_LFO_With_Mix_Schematic.pdf,,THT,https://github.com/PierreIsCoding/sdiy/tree/main/Dual_LFO/pdfs,,,HP ? · pdf,,
L.Geerinckx,Knock Knock,Euclidean rhythm generator (5-ch),,https://github.com/PierreIsCoding/sdiy/blob/main/Knock_Knock/Knock_Knock_Schematic.pdf,,SMD,https://github.com/PierreIsCoding/sdiy/tree/main/Knock_Knock,,,,https://github.com/PierreIsCoding/sdiy/blob/main/Knock_Knock/images/knock_back.jpg https://github.com/PierreIsCoding/sdiy/blob/main/Knock_Knock/images/knock_front.jpg https://github.com/PierreIsCoding/sdiy/blob/main/Knock_Knock/images/knock_side.jpg,
L.Geerinckx,Master Clock,master clock,,https://github.com/PierreIsCoding/sdiy/blob/main/MasterClock/pdfs/Master_Clock_Schematic.pdf,,,https://github.com/PierreIsCoding/sdiy/tree/main/MasterClock/pdfs,,,,,
L.Geerinckx,Quantizer,quantizer,,https://github.com/PierreIsCoding/sdiy/blob/main/Quantizer/pdfs/Quantizer_Schematic.pdf,,THT,https://github.com/PierreIsCoding/sdiy/tree/main/Quantizer/pdfs,,,HP ? · pdf,,
L.Geerinckx,Sample And Hold,S&H,,https://github.com/PierreIsCoding/sdiy/blob/main/Sample_And_Hold/pdf/SH_Schematic.pdf,,,https://github.com/PierreIsCoding/sdiy/tree/main/Sample_And_Hold/pdf,,,,,
L.Geerinckx,Sequential Switch,sequential switch,,https://github.com/PierreIsCoding/sdiy/blob/main/Sequential_Switch/pdfs/Sequential_Switch_Schematic.pdf,,THT,https://github.com/PierreIsCoding/sdiy/tree/main/Sequential_Switch/pdfs,,,HP ? · pdf,,
L.Geerinckx,Spark,burst generator (analog),,https://github.com/PierreIsCoding/sdiy/blob/main/Spark/Spark_Schematic.pdf,,THT,https://github.com/PierreIsCoding/sdiy/tree/main/Spark,,,,https://github.com/PierreIsCoding/sdiy/blob/main/Spark/images/front.jpg,
Rene Schmitz + L.Geerinckx,MS-20 VCF Clone,VCF (MS-20),,https://github.com/PierreIsCoding/sdiy/blob/main/MS_20_VCF_Clone/MS20_BY_LP_Schematic.pdf,,,https://github.com/PierreIsCoding/sdiy/tree/main/MS_20_VCF_Clone,,,,,
L.Geerinckx,SUB & DIV,sub-octave generator / clock divider,,https://github.com/PierreIsCoding/sdiy/blob/main/Sub%26Div/SUB_%26_DIV_Schematic.pdf,,SMD,https://github.com/PierreIsCoding/sdiy/tree/main/Sub%26Div,,,,https://github.com/PierreIsCoding/sdiy/blob/main/Sub%26Div/images/sub_back.jpg https://github.com/PierreIsCoding/sdiy/blob/main/Sub%26Div/images/sub_front.jpg https://github.com/PierreIsCoding/sdiy/blob/main/Sub%26Div/images/sub_side.jpg,
L.Geerinckx,Sub Octave,sub-octave generator,,https://github.com/PierreIsCoding/sdiy/blob/main/Sub_Octave/pdfs/Sub_Octave_Schematic.pdf,,,https://github.com/PierreIsCoding/sdiy/tree/main/Sub_Octave/pdfs,,,,,
L.Geerinckx,Swoop,"switch (2:2 multiplexer, CV / gate)",,https://github.com/PierreIsCoding/sdiy/blob/main/Swoop/swapper.pdf,,both,https://github.com/PierreIsCoding/sdiy/tree/main/Swoop,,,,https://github.com/PierreIsCoding/sdiy/blob/main/Swoop/images/SWOOP_FRONT.png,
L.Geerinckx,Trigger Sequencer,trigger sequencer,,https://github.com/PierreIsCoding/sdiy/blob/main/Trigger_Sequencer/pdfs/Schematic.pdf,,,https://github.com/PierreIsCoding/sdiy/tree/main/Trigger_Sequencer/pdfs,,,,,
L.Geerinckx,VCA Ducker,"ducker (VCA, sidechain)",,https://github.com/PierreIsCoding/sdiy/blob/main/VCA_Ducker/pdfs/Ducker_VCA.pdf,,THT,https://github.com/PierreIsCoding/sdiy/tree/main/VCA_Ducker,,,HP ? · pdf,https://github.com/PierreIsCoding/sdiy/blob/main/VCA_Ducker/images/back_small.jpg https://github.com/PierreIsCoding/sdiy/blob/main/VCA_Ducker/images/front_small.jpg,
L.Geerinckx,Wavefolder,wave folder,,https://github.com/PierreIsCoding/sdiy/blob/main/Wavefolder/PDFs/Wavefolder_Schematic.pdf,,THT,https://github.com/PierreIsCoding/sdiy/tree/main/Wavefolder/PDFs,,,HP ? · pdf,,
L.Geerinckx,Dual Xorbell,"drum voice (XOR cowbell, dual)",,https://github.com/PierreIsCoding/sdiy/blob/main/Xorbell/XORBell%20Schematic_V3.pdf,,,https://github.com/PierreIsCoding/sdiy/tree/main/Xorbell,,,,https://github.com/PierreIsCoding/sdiy/blob/main/Xorbell/images/xorbell.jpg,
L.Geerinckx,DrumPad,drum pad (trigger),,https://github.com/PierreIsCoding/sdiy/blob/main/drumpad/TouchPlate.pdf,,both,https://github.com/PierreIsCoding/sdiy/tree/main/drumpad,,,,,
Rebel Technology,Bipolar Mixer,mixer (bipolar),GPL v3,x,eagle,both,https://github.com/RebelTechnology/RebelTechnology/tree/main/BipolarMixer,,,,,
Rebel Technology,CLK,clock,GPL v3,x,eagle,THT,https://github.com/RebelTechnology/RebelTechnology/tree/main/CLK,,,,,
Rebel Technology,Dual SVF,VCF (dual state-variable),GPL v3,x,eagle,SMD,https://github.com/RebelTechnology/RebelTechnology/tree/main/DualSVF,,,,,
Rebel Technology,Dual VCA,VCA (dual),GPL v3,x,eagle,SMD,https://github.com/RebelTechnology/RebelTechnology/tree/main/DualVCA,,,,,
Look Mum No Computer,2399 Triple Splashback,PT2399 delay (triple),,,,,https://github.com/VincentPeters/Diy-Synth-Eurorack/tree/master/DELAY/LMNC%20-%202399%20tripple%20splashback,,,,https://github.com/VincentPeters/Diy-Synth-Eurorack/blob/master/DELAY/LMNC%20-%202399%20tripple%20splashback/WhatsApp%2BImage%2B2020-05-24%2Bat%2B22.02.28.jpg https://github.com/VincentPeters/Diy-Synth-Eurorack/blob/master/DELAY/LMNC%20-%202399%20tripple%20splashback/image-asset-1.jpg https://github.com/VincentPeters/Diy-Synth-Eurorack/blob/master/DELAY/LMNC%20-%202399%20tripple%20splashback/image-asset.jpg https://github.com/VincentPeters/Diy-Synth-Eurorack/blob/master/DELAY/LMNC%20-%202399%20tripple%20splashback/pt2399%2Bcomponents.jpg https://github.com/VincentPeters/Diy-Synth-Eurorack/blob/master/DELAY/LMNC%20-%202399%20tripple%20splashback/pt2399%2Btriple%2Bsplashback.jpg https://github.com/VincentPeters/Diy-Synth-Eurorack/blob/master/DELAY/LMNC%20-%202399%20tripple%20splashback/splashback%2Bdelay-1.jpg https://github.com/VincentPeters/Diy-Synth-Eurorack/blob/master/DELAY/LMNC%20-%202399%20tripple%20splashback/splashback%2Bdelay.jpg,
Roland + gerbster,TR82 Bassdrum 1,bass drum (TR-808 style),,https://github.com/VincentPeters/Diy-Synth-Eurorack/blob/master/DRUM/TR82/Bassdrum%201/TR82-BD1-Schematic.pdf,,,https://github.com/VincentPeters/Diy-Synth-Eurorack/tree/master/DRUM/TR82/Bassdrum%201,TR82 drum set by gerbster (https://gerbster.nl/tr82/modules),,,https://github.com/VincentPeters/Diy-Synth-Eurorack/blob/master/DRUM/TR82/Bassdrum%201/P1030485.jpg,
Roland + gerbster,TR82 Bassdrum 2,bass drum (TR-808 style),,https://github.com/VincentPeters/Diy-Synth-Eurorack/blob/master/DRUM/TR82/Bassdrum%202/TR82-BD2-Schematic.pdf,,,https://github.com/VincentPeters/Diy-Synth-Eurorack/tree/master/DRUM/TR82/Bassdrum%202,TR82 drum set by gerbster (https://gerbster.nl/tr82/modules),,,https://github.com/VincentPeters/Diy-Synth-Eurorack/blob/master/DRUM/TR82/Bassdrum%202/P1030491.jpg,
Roland + gerbster,TR82 Cymbals,cymbal (TR-808 style),,https://github.com/VincentPeters/Diy-Synth-Eurorack/blob/master/DRUM/TR82/Cymbals/TR82-CY-Schematic.pdf,,,https://github.com/VincentPeters/Diy-Synth-Eurorack/tree/master/DRUM/TR82/Cymbals,TR82 drum set by gerbster (https://gerbster.nl/tr82/modules),,,https://github.com/VincentPeters/Diy-Synth-Eurorack/blob/master/DRUM/TR82/Cymbals/P1030482.jpg,
Roland + gerbster,TR82 HiHats,hi-hat (TR-808 style),,https://github.com/VincentPeters/Diy-Synth-Eurorack/blob/master/DRUM/TR82/HiHats/TR82-HH-Schematic.pdf,,,https://github.com/VincentPeters/Diy-Synth-Eurorack/tree/master/DRUM/TR82/HiHats,TR82 drum set by gerbster (https://gerbster.nl/tr82/modules),,,https://github.com/VincentPeters/Diy-Synth-Eurorack/blob/master/DRUM/TR82/HiHats/P1030492.jpg,
Roland + gerbster,TR82 Low and High Toms,toms (TR-808 style),,https://github.com/VincentPeters/Diy-Synth-Eurorack/blob/master/DRUM/TR82/Low%20and%20High%20Toms/TR82-NoiseBoard-Schematic.pdf,,,https://github.com/VincentPeters/Diy-Synth-Eurorack/tree/master/DRUM/TR82/Low%20and%20High%20Toms,TR82 drum set by gerbster (https://gerbster.nl/tr82/modules),,,https://github.com/VincentPeters/Diy-Synth-Eurorack/blob/master/DRUM/TR82/Low%20and%20High%20Toms/P1030476.jpg,
Roland + gerbster,TR82 Snare Drums,snare (TR-808 style),,https://github.com/VincentPeters/Diy-Synth-Eurorack/blob/master/DRUM/TR82/Snare%20Drums/TR82-NoiseBoard-Schematic.pdf,,,https://github.com/VincentPeters/Diy-Synth-Eurorack/tree/master/DRUM/TR82/Snare%20Drums,TR82 drum set by gerbster (https://gerbster.nl/tr82/modules),,,https://github.com/VincentPeters/Diy-Synth-Eurorack/blob/master/DRUM/TR82/Snare%20Drums/P1030480.jpg,
Look Mum No Computer,1157 Mini ADSR,ADSR (mini),,,,,https://github.com/VincentPeters/Diy-Synth-Eurorack/tree/master/ENVELOPE%20GENERATOR/LMNC%20-%201157%20Mini%20Adsr,,,,https://github.com/VincentPeters/Diy-Synth-Eurorack/blob/master/ENVELOPE%20GENERATOR/LMNC%20-%201157%20Mini%20Adsr/1157%2BMAIN%2BPIC-1.jpg https://github.com/VincentPeters/Diy-Synth-Eurorack/blob/master/ENVELOPE%20GENERATOR/LMNC%20-%201157%20Mini%20Adsr/1157%2BMAIN%2BPIC.jpg https://github.com/VincentPeters/Diy-Synth-Eurorack/blob/master/ENVELOPE%20GENERATOR/LMNC%20-%201157%20Mini%20Adsr/MINI%2BADSR%2BBACK.jpg https://github.com/VincentPeters/Diy-Synth-Eurorack/blob/master/ENVELOPE%20GENERATOR/LMNC%20-%201157%20Mini%20Adsr/P1022036.jpg https://github.com/VincentPeters/Diy-Synth-Eurorack/blob/master/ENVELOPE%20GENERATOR/LMNC%20-%201157%20Mini%20Adsr/P1022037.jpg https://github.com/VincentPeters/Diy-Synth-Eurorack/blob/master/ENVELOPE%20GENERATOR/LMNC%20-%201157%20Mini%20Adsr/P1022038.jpg https://github.com/VincentPeters/Diy-Synth-Eurorack/blob/master/ENVELOPE%20GENERATOR/LMNC%20-%201157%20Mini%20Adsr/SIMPLE%2BADSR.jpg,
Rene Schmitz + Look Mum No Computer,1113 Rene Schmitz Filter,VCF,,,,,https://github.com/VincentPeters/Diy-Synth-Eurorack/tree/master/FILTER/LMNC%20-%201113%20Rene%20Schmitz%20Filter,,,,https://github.com/VincentPeters/Diy-Synth-Eurorack/blob/master/FILTER/LMNC%20-%201113%20Rene%20Schmitz%20Filter/performance%2Bfilter%2Bkosmo%2B2.jpg,
Look Mum No Computer,1145 Kosmo VCLFO,LFO (VC),,https://github.com/VincentPeters/Diy-Synth-Eurorack/blob/master/LFO/LMNC%20-%201145%20Kosmo%20Vclfo/VCLFO10%2BSIMPLE%2BCIRCUIT.jpg,kicad,THT,https://github.com/VincentPeters/Diy-Synth-Eurorack/tree/master/LFO/LMNC%20-%201145%20Kosmo%20Vclfo,,,,https://github.com/VincentPeters/Diy-Synth-Eurorack/blob/master/LFO/LMNC%20-%201145%20Kosmo%20Vclfo/IMG_1501.jpg https://github.com/VincentPeters/Diy-Synth-Eurorack/blob/master/LFO/LMNC%20-%201145%20Kosmo%20Vclfo/KOSMO%2BVCLFO%2BPCB.jpg https://github.com/VincentPeters/Diy-Synth-Eurorack/blob/master/LFO/LMNC%20-%201145%20Kosmo%20Vclfo/KOSMO%2BVCLFO.jpg https://github.com/VincentPeters/Diy-Synth-Eurorack/blob/master/LFO/LMNC%20-%201145%20Kosmo%20Vclfo/image-asset.jpg,
Roland + gerbster,TR82 Mixer,mixer (TR82 drum mixer),,https://github.com/VincentPeters/Diy-Synth-Eurorack/blob/master/MIXER/TR82%20-%20Mixer/TR82-Mixer-Schematic.pdf,,,https://github.com/VincentPeters/Diy-Synth-Eurorack/tree/master/MIXER/TR82%20-%20Mixer,TR82 drum set by gerbster (https://gerbster.nl/tr82/modules),,,https://github.com/VincentPeters/Diy-Synth-Eurorack/blob/master/MIXER/TR82%20-%20Mixer/P1030498.jpg,
VincentPeters,Unbuffered mixer,mixer (passive),,https://github.com/VincentPeters/Diy-Synth-Eurorack/blob/master/MIXER/Unbuffered%20mixer/Schematic_Simple-Passive-Mixer%20%281%29.pdf,,,https://github.com/VincentPeters/Diy-Synth-Eurorack/tree/master/MIXER/Unbuffered%20mixer,,,,https://github.com/VincentPeters/Diy-Synth-Eurorack/blob/master/MIXER/Unbuffered%20mixer/my%20build/IMG_20200805_181146.jpg https://github.com/VincentPeters/Diy-Synth-Eurorack/blob/master/MIXER/Unbuffered%20mixer/my%20build/IMG_20200805_181149.jpg https://github.com/VincentPeters/Diy-Synth-Eurorack/blob/master/MIXER/Unbuffered%20mixer/my%20build/IMG_20200805_212101.jpg https://github.com/VincentPeters/Diy-Synth-Eurorack/blob/master/MIXER/Unbuffered%20mixer/my%20build/IMG_20200805_212318.jpg https://github.com/VincentPeters/Diy-Synth-Eurorack/blob/master/MIXER/Unbuffered%20mixer/my%20build/IMG_20200806_083841.jpg https://github.com/VincentPeters/Diy-Synth-Eurorack/blob/master/MIXER/Unbuffered%20mixer/my%20build/IMG_20200807_081256.jpg,
Look Mum No Computer,1161 Buffered Multiple,buffered multiple,,,,,https://github.com/VincentPeters/Diy-Synth-Eurorack/tree/master/MULTIPLE/LMNC%20-%201161%20Buffered%20Multiple,,,,https://github.com/VincentPeters/Diy-Synth-Eurorack/blob/master/MULTIPLE/LMNC%20-%201161%20Buffered%20Multiple/1161%2B01.jpg https://github.com/VincentPeters/Diy-Synth-Eurorack/blob/master/MULTIPLE/LMNC%20-%201161%20Buffered%20Multiple/1161%2B02.jpg https://github.com/VincentPeters/Diy-Synth-Eurorack/blob/master/MULTIPLE/LMNC%20-%201161%20Buffered%20Multiple/1161%2B03.jpg https://github.com/VincentPeters/Diy-Synth-Eurorack/blob/master/MULTIPLE/LMNC%20-%201161%20Buffered%20Multiple/1161%2B04.jpg https://github.com/VincentPeters/Diy-Synth-Eurorack/blob/master/MULTIPLE/LMNC%20-%201161%20Buffered%20Multiple/1161%2B05.jpg https://github.com/VincentPeters/Diy-Synth-Eurorack/blob/master/MULTIPLE/LMNC%20-%201161%20Buffered%20Multiple/1161%2B06.jpg https://github.com/VincentPeters/Diy-Synth-Eurorack/blob/master/MULTIPLE/LMNC%20-%201161%20Buffered%20Multiple/1161%2B07.jpg https://github.com/VincentPeters/Diy-Synth-Eurorack/blob/master/MULTIPLE/LMNC%20-%201161%20Buffered%20Multiple/1161%2B08.jpg https://github.com/VincentPeters/Diy-Synth-Eurorack/blob/master/MULTIPLE/LMNC%20-%201161%20Buffered%20Multiple/1161%2BBuffered%2BMultiple.jpg https://github.com/VincentPeters/Diy-Synth-Eurorack/blob/master/MULTIPLE/LMNC%20-%201161%20Buffered%20Multiple/buffered%2Bmultiple.jpg,
Elkayem,midi2cv,MIDI to CV,GPL v3,https://github.com/VincentPeters/Diy-Synth-Eurorack/blob/master/UTILITY/Elkayem%20-%20Midi%202%20Cv/images/schematic.JPG,,,https://github.com/VincentPeters/Diy-Synth-Eurorack/tree/master/UTILITY/Elkayem%20-%20Midi%202%20Cv,,,,https://github.com/VincentPeters/Diy-Synth-Eurorack/blob/master/UTILITY/Elkayem%20-%20Midi%202%20Cv/97145949_902180276876723_3312604766692966400_n.jpg https://github.com/VincentPeters/Diy-Synth-Eurorack/blob/master/UTILITY/Elkayem%20-%20Midi%202%20Cv/images/IMG_0776.JPG https://github.com/VincentPeters/Diy-Synth-Eurorack/blob/master/UTILITY/Elkayem%20-%20Midi%202%20Cv/images/IMG_0777.JPG https://github.com/VincentPeters/Diy-Synth-Eurorack/blob/master/UTILITY/Elkayem%20-%20Midi%202%20Cv/images/IMG_1884.JPG,
Midimuso + Look Mum No Computer,1007 Midimuso MIDI-CV,MIDI to CV,,https://github.com/VincentPeters/Diy-Synth-Eurorack/blob/master/UTILITY/LMNC%20-%201007%20Midimuso%20Midi%20-%20CV/1007%2BKOSMO%2BMIDIMUSO%2B1.3.pdf,,,https://github.com/VincentPeters/Diy-Synth-Eurorack/tree/master/UTILITY/LMNC%20-%201007%20Midimuso%20Midi%20-%20CV,,,,https://github.com/VincentPeters/Diy-Synth-Eurorack/blob/master/UTILITY/LMNC%20-%201007%20Midimuso%20Midi%20-%20CV/P1055156.jpg https://github.com/VincentPeters/Diy-Synth-Eurorack/blob/master/UTILITY/LMNC%20-%201007%20Midimuso%20Midi%20-%20CV/P1055164.jpg https://github.com/VincentPeters/Diy-Synth-Eurorack/blob/master/UTILITY/LMNC%20-%201007%20Midimuso%20Midi%20-%20CV/P1055174.jpg https://github.com/VincentPeters/Diy-Synth-Eurorack/blob/master/UTILITY/LMNC%20-%201007%20Midimuso%20Midi%20-%20CV/P1055175.jpg https://github.com/VincentPeters/Diy-Synth-Eurorack/blob/master/UTILITY/LMNC%20-%201007%20Midimuso%20Midi%20-%20CV/P1055216.jpg https://github.com/VincentPeters/Diy-Synth-Eurorack/blob/master/UTILITY/LMNC%20-%201007%20Midimuso%20Midi%20-%20CV/P1055222.jpg https://github.com/VincentPeters/Diy-Synth-Eurorack/blob/master/UTILITY/LMNC%20-%201007%20Midimuso%20Midi%20-%20CV/P1055223.jpg https://github.com/VincentPeters/Diy-Synth-Eurorack/blob/master/UTILITY/LMNC%20-%201007%20Midimuso%20Midi%20-%20CV/image-asset.jpg https://github.com/VincentPeters/Diy-Synth-Eurorack/blob/master/UTILITY/LMNC%20-%201007%20Midimuso%20Midi%20-%20CV/midimuso%2B01.jpg https://github.com/VincentPeters/Diy-Synth-Eurorack/blob/master/UTILITY/LMNC%20-%201007%20Midimuso%20Midi%20-%20CV/midimuso%2B02.jpg https://github.com/VincentPeters/Diy-Synth-Eurorack/blob/master/UTILITY/LMNC%20-%201007%20Midimuso%20Midi%20-%20CV/midimuso%2B03.jpg,
Roland + gerbster,TR82 MIDI interface,MIDI interface (TR82 triggers),,https://github.com/VincentPeters/Diy-Synth-Eurorack/blob/master/UTILITY/TR82%20-%20midi%20interface/TR82-MIDI-Schematic-RevB.pdf,,,https://github.com/VincentPeters/Diy-Synth-Eurorack/tree/master/UTILITY/TR82%20-%20midi%20interface,TR82 drum set by gerbster (https://gerbster.nl/tr82/modules),,,https://github.com/VincentPeters/Diy-Synth-Eurorack/blob/master/UTILITY/TR82%20-%20midi%20interface/IMG_1620.jpg,
Look Mum No Computer,1181 Dual VCA,VCA (dual),,https://github.com/VincentPeters/Diy-Synth-Eurorack/blob/master/VCA/LMNC%20-%201181%20Dual%20VCA/VCA%2Bschematic.jpg,,,https://github.com/VincentPeters/Diy-Synth-Eurorack/tree/master/VCA/LMNC%20-%201181%20Dual%20VCA,,,,https://github.com/VincentPeters/Diy-Synth-Eurorack/blob/master/VCA/LMNC%20-%201181%20Dual%20VCA/IMG_3337-1.jpg https://github.com/VincentPeters/Diy-Synth-Eurorack/blob/master/VCA/LMNC%20-%201181%20Dual%20VCA/IMG_3337.jpg https://github.com/VincentPeters/Diy-Synth-Eurorack/blob/master/VCA/LMNC%20-%201181%20Dual%20VCA/IMG_3338-1.jpg https://github.com/VincentPeters/Diy-Synth-Eurorack/blob/master/VCA/LMNC%20-%201181%20Dual%20VCA/IMG_3338.jpg https://github.com/VincentPeters/Diy-Synth-Eurorack/blob/master/VCA/LMNC%20-%201181%20Dual%20VCA/IMG_3342-1.jpg https://github.com/VincentPeters/Diy-Synth-Eurorack/blob/master/VCA/LMNC%20-%201181%20Dual%20VCA/IMG_3342.jpg https://github.com/VincentPeters/Diy-Synth-Eurorack/blob/master/VCA/LMNC%20-%201181%20Dual%20VCA/IMG_3343.jpg https://github.com/VincentPeters/Diy-Synth-Eurorack/blob/master/VCA/LMNC%20-%201181%20Dual%20VCA/IMG_3344.jpg https://github.com/VincentPeters/Diy-Synth-Eurorack/blob/master/VCA/LMNC%20-%201181%20Dual%20VCA/IMG_3347-1.jpg https://github.com/VincentPeters/Diy-Synth-Eurorack/blob/master/VCA/LMNC%20-%201181%20Dual%20VCA/IMG_3347.jpg https://github.com/VincentPeters/Diy-Synth-Eurorack/blob/master/VCA/LMNC%20-%201181%20Dual%20VCA/IMG_3348.jpg https://github.com/VincentPeters/Diy-Synth-Eurorack/blob/master/VCA/LMNC%20-%201181%20Dual%20VCA/IMG_3349.jpg https://github.com/VincentPeters/Diy-Synth-Eurorack/blob/master/VCA/LMNC%20-%201181%20Dual%20VCA/IMG_3350.jpg https://github.com/VincentPeters/Diy-Synth-Eurorack/blob/master/VCA/LMNC%20-%201181%20Dual%20VCA/IMG_3351.jpg https://github.com/VincentPeters/Diy-Synth-Eurorack/blob/master/VCA/LMNC%20-%201181%20Dual%20VCA/IMG_3352.jpg https://github.com/VincentPeters/Diy-Synth-Eurorack/blob/master/VCA/LMNC%20-%201181%20Dual%20VCA/IMG_3353.jpg https://github.com/VincentPeters/Diy-Synth-Eurorack/blob/master/VCA/LMNC%20-%201181%20Dual%20VCA/IMG_3354.jpg,
Look Mum No Computer,1183 / 1184 Quad VCA Mixer,VCA / mixer (quad),,https://github.com/VincentPeters/Diy-Synth-Eurorack/blob/master/VCA/LMNC%20-%201183%20-%201184%20Quad%20VCA%20Mixer/schematic.pdf,,,https://github.com/VincentPeters/Diy-Synth-Eurorack/tree/master/VCA/LMNC%20-%201183%20-%201184%20Quad%20VCA%20Mixer,,,,https://github.com/VincentPeters/Diy-Synth-Eurorack/blob/master/VCA/LMNC%20-%201183%20-%201184%20Quad%20VCA%20Mixer/FullSizeRender-4.jpg https://github.com/VincentPeters/Diy-Synth-Eurorack/blob/master/VCA/LMNC%20-%201183%20-%201184%20Quad%20VCA%20Mixer/IMG_3358.jpg https://github.com/VincentPeters/Diy-Synth-Eurorack/blob/master/VCA/LMNC%20-%201183%20-%201184%20Quad%20VCA%20Mixer/IMG_3360.jpg https://github.com/VincentPeters/Diy-Synth-Eurorack/blob/master/VCA/LMNC%20-%201183%20-%201184%20Quad%20VCA%20Mixer/IMG_3361.jpg https://github.com/VincentPeters/Diy-Synth-Eurorack/blob/master/VCA/LMNC%20-%201183%20-%201184%20Quad%20VCA%20Mixer/IMG_3362.jpg https://github.com/VincentPeters/Diy-Synth-Eurorack/blob/master/VCA/LMNC%20-%201183%20-%201184%20Quad%20VCA%20Mixer/IMG_3364-1.jpg https://github.com/VincentPeters/Diy-Synth-Eurorack/blob/master/VCA/LMNC%20-%201183%20-%201184%20Quad%20VCA%20Mixer/IMG_3364.jpg https://github.com/VincentPeters/Diy-Synth-Eurorack/blob/master/VCA/LMNC%20-%201183%20-%201184%20Quad%20VCA%20Mixer/IMG_3365.jpg https://github.com/VincentPeters/Diy-Synth-Eurorack/blob/master/VCA/LMNC%20-%201183%20-%201184%20Quad%20VCA%20Mixer/IMG_3366.jpg https://github.com/VincentPeters/Diy-Synth-Eurorack/blob/master/VCA/LMNC%20-%201183%20-%201184%20Quad%20VCA%20Mixer/KOSMO%2BQUAD%2BVCA%2BMIXER%2BDIY.jpg https://github.com/VincentPeters/Diy-Synth-Eurorack/blob/master/VCA/LMNC%20-%201183%20-%201184%20Quad%20VCA%20Mixer/image-asset.jpg,
Kassutronics,Avalanche VCO,VCO (avalanche),,https://github.com/VincentPeters/Diy-Synth-Eurorack/blob/master/VCO/Kassutronics%20-%20Avalanche%20VCO/AvalancheVCOSchematics_v1.0.pdf,kicad,THT,https://github.com/VincentPeters/Diy-Synth-Eurorack/tree/master/VCO/Kassutronics%20-%20Avalanche%20VCO,,,4HP · ai + pdf,,
Look Mum No Computer,1222 Performance VCO,VCO (CEM3340),,https://github.com/VincentPeters/Diy-Synth-Eurorack/blob/master/VCO/LMNC%20-%20performance%20VCO/CEM3340%2BSchematic.png,kicad,,https://github.com/VincentPeters/Diy-Synth-Eurorack/tree/master/VCO/LMNC%20-%20performance%20VCO,,,,https://github.com/VincentPeters/Diy-Synth-Eurorack/blob/master/VCO/LMNC%20-%20performance%20VCO/1222%2Bvco%2Bpcb.jpg https://github.com/VincentPeters/Diy-Synth-Eurorack/blob/master/VCO/LMNC%20-%20performance%20VCO/1222%2Bvco.jpg https://github.com/VincentPeters/Diy-Synth-Eurorack/blob/master/VCO/LMNC%20-%20performance%20VCO/CEM3340%2BBill%2BOf%2BMaterials.jpg https://github.com/VincentPeters/Diy-Synth-Eurorack/blob/master/VCO/LMNC%20-%20performance%20VCO/IMG_1827.jpg https://github.com/VincentPeters/Diy-Synth-Eurorack/blob/master/VCO/LMNC%20-%20performance%20VCO/image-asset-1.jpg https://github.com/VincentPeters/Diy-Synth-Eurorack/blob/master/VCO/LMNC%20-%20performance%20VCO/image-asset-2.jpg https://github.com/VincentPeters/Diy-Synth-Eurorack/blob/master/VCO/LMNC%20-%20performance%20VCO/image-asset.jpg,
VincentPeters,Reverse Avalanche Oscillator,oscillator (reverse avalanche),,https://github.com/VincentPeters/Diy-Synth-Eurorack/blob/master/VCO/Reverse%20avalanche/1.4%20Schematic_ReverseAvalancheOscillator.pdf,,,https://github.com/VincentPeters/Diy-Synth-Eurorack/tree/master/VCO/Reverse%20avalanche,,,,,
Bumm Bumm Garage,AND toggle,logic (AND) / toggle,,https://github.com/bummbummgarage/bummbummgarage.github.io/blob/main/modules/and%20toggle/Schematic_AND_2021-11-05.pdf,,,https://github.com/bummbummgarage/bummbummgarage.github.io/tree/main/modules/and%20toggle,,,,,
Bumm Bumm Garage,Chord Organ 0.1,"chord organ (wavetable, Arduino)",,https://github.com/bummbummgarage/bummbummgarage.github.io/blob/main/modules/chord-organ-0.1/Schematic_Chord_Organ.pdf,,,https://github.com/bummbummgarage/bummbummgarage.github.io/tree/main/modules/chord-organ-0.1,,,,https://github.com/bummbummgarage/bummbummgarage.github.io/blob/main/modules/chord-organ-0.1/breadboard-prototype.jpg,
Bumm Bumm Garage,Clock II (Gates) 0.1,clock (gates),,https://github.com/bummbummgarage/bummbummgarage.github.io/blob/main/modules/clock-ii-0.1/Bumm-Bumm-Garage-Clock-II-0.1-Schematic.pdf,,,https://github.com/bummbummgarage/bummbummgarage.github.io/tree/main/modules/clock-ii-0.1,,,,https://github.com/bummbummgarage/bummbummgarage.github.io/blob/main/modules/clock-ii-0.1/IMG_7939.jpg https://github.com/bummbummgarage/bummbummgarage.github.io/blob/main/modules/clock-ii-0.1/IMG_7940.jpg,
Bumm Bumm Garage,Clock Multiplier Rev2,clock multiplier,,https://github.com/bummbummgarage/bummbummgarage.github.io/blob/main/modules/clock-multiplier/Rev2/ATMega%20Standalone/Schematic_ATMega%20Standalone_2022-01-23.pdf,,,https://github.com/bummbummgarage/bummbummgarage.github.io/tree/main/modules/clock-multiplier/Rev2,,,4HP · gerbers,,
Bumm Bumm Garage,Distortion,distortion,,https://github.com/bummbummgarage/bummbummgarage.github.io/blob/main/modules/distortion/Bumm-Bumm-Garage-Distortion-Rev1-Schematic.pdf,,,https://github.com/bummbummgarage/bummbummgarage.github.io/tree/main/modules/distortion,,,,,
Bumm Bumm Garage,Envelope Follower Rev4,envelope follower,,x,easyEDA,,https://github.com/bummbummgarage/bummbummgarage.github.io/tree/main/modules/envelope-follower/Rev4,,,HP ? · easyeda,,https://github.com/bummbummgarage/bummbummgarage.github.io/blob/main/modules/envelope-follower/Rev4/Bumm-Bumm-Garage-Envelope-Follower-Rev4-Build_Doc.pdf
Bumm Bumm Garage,Envelope Generator 0.1,envelope,,https://github.com/bummbummgarage/bummbummgarage.github.io/blob/main/modules/envelope-generator-0.1/Bumm%20Bumm%20Garage%20EnvGen%200.1%20Schematic.pdf,,,https://github.com/bummbummgarage/bummbummgarage.github.io/tree/main/modules/envelope-generator-0.1,,,HP ? · pdf,https://github.com/bummbummgarage/bummbummgarage.github.io/blob/main/modules/envelope-generator-0.1/120261487_329993841599944_7534801166032359359_n.jpg https://github.com/bummbummgarage/bummbummgarage.github.io/blob/main/modules/envelope-generator-0.1/120289221_1353894038149836_4651630800853322006_n.jpg https://github.com/bummbummgarage/bummbummgarage.github.io/blob/main/modules/envelope-generator-0.1/120293099_1090446031370195_5736719928597258817_n.jpg https://github.com/bummbummgarage/bummbummgarage.github.io/blob/main/modules/envelope-generator-0.1/120343094_3458159520910993_5205335999587442971_n.jpg https://github.com/bummbummgarage/bummbummgarage.github.io/blob/main/modules/envelope-generator-0.1/120502642_807393879997170_6119586835084667851_n.jpg https://github.com/bummbummgarage/bummbummgarage.github.io/blob/main/modules/envelope-generator-0.1/Material/IMG_7336.png https://github.com/bummbummgarage/bummbummgarage.github.io/blob/main/modules/envelope-generator-0.1/Material/IMG_7362.png https://github.com/bummbummgarage/bummbummgarage.github.io/blob/main/modules/envelope-generator-0.1/Material/IMG_7363.png https://github.com/bummbummgarage/bummbummgarage.github.io/blob/main/modules/envelope-generator-0.1/Material/IMG_7364.png,
Bumm Bumm Garage,Envelope Generator II 0.1,envelope,,https://github.com/bummbummgarage/bummbummgarage.github.io/blob/main/modules/envelope-generator-II-0.1/Bumm%20Bumm%20Garage%20EG%20II%20V0.1%20Schematic.pdf,,,https://github.com/bummbummgarage/bummbummgarage.github.io/tree/main/modules/envelope-generator-II-0.1,,,HP ? · pdf,https://github.com/bummbummgarage/bummbummgarage.github.io/blob/main/modules/envelope-generator-II-0.1/150666393_1599602423762275_3366800752116408752_n.jpg https://github.com/bummbummgarage/bummbummgarage.github.io/blob/main/modules/envelope-generator-II-0.1/150686505_1061008931049450_3967264325330952442_n.jpg https://github.com/bummbummgarage/bummbummgarage.github.io/blob/main/modules/envelope-generator-II-0.1/150886302_121161163246069_6775219902744277767_n.jpg https://github.com/bummbummgarage/bummbummgarage.github.io/blob/main/modules/envelope-generator-II-0.1/Material/Envelope%20Generator%20II%200.1%20%281%29.png https://github.com/bummbummgarage/bummbummgarage.github.io/blob/main/modules/envelope-generator-II-0.1/Material/Envelope%20Generator%20II%200.1%20%282%29.png https://github.com/bummbummgarage/bummbummgarage.github.io/blob/main/modules/envelope-generator-II-0.1/Material/IMG_7746.png https://github.com/bummbummgarage/bummbummgarage.github.io/blob/main/modules/envelope-generator-II-0.1/Material/IMG_7747.png,
Bumm Bumm Garage,Envelope Generator III 0.1.1,envelope,,https://github.com/bummbummgarage/bummbummgarage.github.io/blob/main/modules/envelope-generator-iii-0.1.1/Bumm-Bumm-Garage-Envelope-Generator-III-0.1.1-Schematic.pdf,,,https://github.com/bummbummgarage/bummbummgarage.github.io/tree/main/modules/envelope-generator-iii-0.1.1,,,HP ? · pdf,https://github.com/bummbummgarage/bummbummgarage.github.io/blob/main/modules/envelope-generator-iii-0.1.1/IMG_8140.jpg https://github.com/bummbummgarage/bummbummgarage.github.io/blob/main/modules/envelope-generator-iii-0.1.1/IMG_8141.jpg https://github.com/bummbummgarage/bummbummgarage.github.io/blob/main/modules/envelope-generator-iii-0.1.1/IMG_8142.jpg,
Bumm Bumm Garage,Exponential Converter 0.1,exponential converter,,https://github.com/bummbummgarage/bummbummgarage.github.io/blob/main/modules/exponential-converter-0.1/Bumm%20Bumm%20Garage%20ExpConv%200.1%20Schematic.pdf,,,https://github.com/bummbummgarage/bummbummgarage.github.io/tree/main/modules/exponential-converter-0.1,,,HP ? · pdf,https://github.com/bummbummgarage/bummbummgarage.github.io/blob/main/modules/exponential-converter-0.1/153647548_2848334918766242_4271693317320118724_n.jpg https://github.com/bummbummgarage/bummbummgarage.github.io/blob/main/modules/exponential-converter-0.1/154071496_785706842365955_7819474831100190743_n.jpg https://github.com/bummbummgarage/bummbummgarage.github.io/blob/main/modules/exponential-converter-0.1/154388090_471161937385519_3133007917346548765_n.jpg https://github.com/bummbummgarage/bummbummgarage.github.io/blob/main/modules/exponential-converter-0.1/Material/IMG_7698.png https://github.com/bummbummgarage/bummbummgarage.github.io/blob/main/modules/exponential-converter-0.1/Material/IMG_7795.png,
Bumm Bumm Garage,Filter 0.2,VCF,,https://github.com/bummbummgarage/bummbummgarage.github.io/blob/main/modules/filter-0.2/Bumm-Bumm-Garage-Filter-0.2-Schematic.pdf,,,https://github.com/bummbummgarage/bummbummgarage.github.io/tree/main/modules/filter-0.2,,,HP ? · pdf,https://github.com/bummbummgarage/bummbummgarage.github.io/blob/main/modules/filter-0.2/Bumm-Bumm-Garage-Filter-0.2-01.jpg https://github.com/bummbummgarage/bummbummgarage.github.io/blob/main/modules/filter-0.2/Bumm-Bumm-Garage-Filter-0.2-02.jpg,
Bumm Bumm Garage,Gate to Trigger Converter 0.1,gate to trigger,,https://github.com/bummbummgarage/bummbummgarage.github.io/blob/main/modules/gate-to-trigger-converter-0.1/Bumm%20Bumm%20Garage%20Gate%20to%20Trigger%20Converter%200.1%20Schematic.pdf,,,https://github.com/bummbummgarage/bummbummgarage.github.io/tree/main/modules/gate-to-trigger-converter-0.1,,,HP ? · pdf,https://github.com/bummbummgarage/bummbummgarage.github.io/blob/main/modules/gate-to-trigger-converter-0.1/120194220_674661776766592_1671963204764866363_n.jpg https://github.com/bummbummgarage/bummbummgarage.github.io/blob/main/modules/gate-to-trigger-converter-0.1/120203687_777301726423458_8880101912530278949_n.jpg https://github.com/bummbummgarage/bummbummgarage.github.io/blob/main/modules/gate-to-trigger-converter-0.1/120218596_614608842751225_1282885422511594174_n.jpg https://github.com/bummbummgarage/bummbummgarage.github.io/blob/main/modules/gate-to-trigger-converter-0.1/Material/IMG_7338.png,
Bumm Bumm Garage,Hihat Rev2,hi-hat (drum voice),,https://github.com/bummbummgarage/bummbummgarage.github.io/blob/main/modules/hihat/Rev2/Bumm-Bumm-Garage-Hihat-Rev2-Schematic.pdf,,,https://github.com/bummbummgarage/bummbummgarage.github.io/tree/main/modules/hihat/Rev2,,,8HP · gerbers,https://github.com/bummbummgarage/bummbummgarage.github.io/blob/main/modules/hihat/Rev2/Bumm-Bumm-Garage-Hihat-Rev2-Main-Board.jpg https://github.com/bummbummgarage/bummbummgarage.github.io/blob/main/modules/hihat/Rev2/Bumm-Bumm-Garage-Hihat-Rev2-Noise-Board.jpg https://github.com/bummbummgarage/bummbummgarage.github.io/blob/main/modules/hihat/Rev2/Bumm-Bumm-Garage-Hihat-Rev2-Panel-Control-Board.jpg,
Bumm Bumm Garage,Mixer 0.1,mixer,,https://github.com/bummbummgarage/bummbummgarage.github.io/blob/main/modules/mixer-0.1/Bumm%20Bumm%20Garage%20Mixer%200.1%20Schematic.pdf,,,https://github.com/bummbummgarage/bummbummgarage.github.io/tree/main/modules/mixer-0.1,,,HP ? · pdf,https://github.com/bummbummgarage/bummbummgarage.github.io/blob/main/modules/mixer-0.1/163535509_204415484816763_6223775483818641984_n.jpg https://github.com/bummbummgarage/bummbummgarage.github.io/blob/main/modules/mixer-0.1/163555450_154504689869616_7150287753202669814_n.jpg https://github.com/bummbummgarage/bummbummgarage.github.io/blob/main/modules/mixer-0.1/164360689_169070371612264_2588453398237662331_n.jpg https://github.com/bummbummgarage/bummbummgarage.github.io/blob/main/modules/mixer-0.1/Material/IMG_7903.png,
Bumm Bumm Garage,Mixer II Rev4,mixer,,https://github.com/bummbummgarage/bummbummgarage.github.io/blob/main/modules/mixer-ii/Rev4/Bumm-Bumm-Garage-Mixer-II-Rev4-Schematic.pdf,gerbers,,https://github.com/bummbummgarage/bummbummgarage.github.io/tree/main/modules/mixer-ii/Rev4,,,HP ? · gerbers,https://github.com/bummbummgarage/bummbummgarage.github.io/blob/main/modules/mixer-ii/Rev4/Bumm-Bumm-Garage-Mixer-II-Rev4-Control_Board.JPG https://github.com/bummbummgarage/bummbummgarage.github.io/blob/main/modules/mixer-ii/Rev4/Bumm-Bumm-Garage-Mixer-II-Rev4-Main_Board.JPG https://github.com/bummbummgarage/bummbummgarage.github.io/blob/main/modules/mixer-ii/Rev4/Bumm-Bumm-Garage-Mixer-II-Rev4-Right_Left.JPG https://github.com/bummbummgarage/bummbummgarage.github.io/blob/main/modules/mixer-ii/Rev4/Bumm-Bumm-Garage-Mixer-II-Rev4.jpg,
Bumm Bumm Garage,Noise Generator 0.2,noise,,https://github.com/bummbummgarage/bummbummgarage.github.io/blob/main/modules/noise-generator-0.2/Bumm%20Bumm%20Garage%20Noise%20Generator%200.2%20Schematics.pdf,,,https://github.com/bummbummgarage/bummbummgarage.github.io/tree/main/modules/noise-generator-0.2,See also: Noise Generator 0.3,,HP ? · pdf,https://github.com/bummbummgarage/bummbummgarage.github.io/blob/main/modules/noise-generator-0.2/127802718_2479150645727952_3230375602237006437_n.jpg https://github.com/bummbummgarage/bummbummgarage.github.io/blob/main/modules/noise-generator-0.2/127847106_201614441532627_72816323489811047_n.jpg https://github.com/bummbummgarage/bummbummgarage.github.io/blob/main/modules/noise-generator-0.2/128183801_1103891256716958_4694895681545672826_n.jpg https://github.com/bummbummgarage/bummbummgarage.github.io/blob/main/modules/noise-generator-0.2/Material/IMG_7557.png,
Bumm Bumm Garage,Noise Generator 0.3,noise,,https://github.com/bummbummgarage/bummbummgarage.github.io/blob/main/modules/noise-generator-0.3/Schematic_Noise%200.3_2021-04-01.pdf,,,https://github.com/bummbummgarage/bummbummgarage.github.io/tree/main/modules/noise-generator-0.3,See also: Noise Generator 0.2,,,,
Bumm Bumm Garage,Sequencer 0.1,sequencer,,https://github.com/bummbummgarage/bummbummgarage.github.io/blob/main/modules/sequencer-0.1/Bumm%20Bumm%20Garage%20Sequencer%200.1%20Schematic.pdf,,,https://github.com/bummbummgarage/bummbummgarage.github.io/tree/main/modules/sequencer-0.1,,,HP ? · pdf,https://github.com/bummbummgarage/bummbummgarage.github.io/blob/main/modules/sequencer-0.1/121511335_1053490181749202_6444143518756813627_n.jpg https://github.com/bummbummgarage/bummbummgarage.github.io/blob/main/modules/sequencer-0.1/121534714_480381676251688_1173796585341321498_n.jpg https://github.com/bummbummgarage/bummbummgarage.github.io/blob/main/modules/sequencer-0.1/121736146_988187851592777_9139359872235283236_n.jpg https://github.com/bummbummgarage/bummbummgarage.github.io/blob/main/modules/sequencer-0.1/Material/IMG_7408.png https://github.com/bummbummgarage/bummbummgarage.github.io/blob/main/modules/sequencer-0.1/Material/IMG_7412.png https://github.com/bummbummgarage/bummbummgarage.github.io/blob/main/modules/sequencer-0.1/Material/IMG_7413.png,
Bumm Bumm Garage,Sequencer II 0.1,sequencer,,https://github.com/bummbummgarage/bummbummgarage.github.io/blob/main/modules/sequencer-ii-0.1/Schematic_Sequencer%20II_2022-01-23.pdf,,,https://github.com/bummbummgarage/bummbummgarage.github.io/tree/main/modules/sequencer-ii-0.1,,,,,
Bumm Bumm Garage,Trigger To MIDI Clock,trigger to MIDI clock,,https://github.com/bummbummgarage/bummbummgarage.github.io/blob/main/modules/trigger-to-midi-clock/Bumm-Bumm-Garage-Trigger-To-MIDI-Clock-Rev1-Schematic.pdf,,,https://github.com/bummbummgarage/bummbummgarage.github.io/tree/main/modules/trigger-to-midi-clock,,,,,
shiftr + Bumm Bumm Garage,VCA 0.1,VCA (1-transistor),,https://github.com/bummbummgarage/bummbummgarage.github.io/blob/main/modules/vca-0.1/Bumm%20Bumm%20Garage%20VCA%200.1%20Schematic.pdf,,,https://github.com/bummbummgarage/bummbummgarage.github.io/tree/main/modules/vca-0.1,,,HP ? · pdf,https://github.com/bummbummgarage/bummbummgarage.github.io/blob/main/modules/vca-0.1/125869761_188013636137073_7108964133626207951_n.jpg https://github.com/bummbummgarage/bummbummgarage.github.io/blob/main/modules/vca-0.1/125916722_300842084376449_2966324182874722307_n.jpg https://github.com/bummbummgarage/bummbummgarage.github.io/blob/main/modules/vca-0.1/126015022_380369819866411_1883062082916193714_n.jpg https://github.com/bummbummgarage/bummbummgarage.github.io/blob/main/modules/vca-0.1/Material/IMG_7517.png,
Look Mum No Computer + Bumm Bumm Garage,VCA 0.2,VCA (vactrol),,https://github.com/bummbummgarage/bummbummgarage.github.io/blob/main/modules/vca-0.2/Bumm%20Bumm%20Garage%20VCA%20V0.2%20Schematic.pdf,,,https://github.com/bummbummgarage/bummbummgarage.github.io/tree/main/modules/vca-0.2,,,HP ? · pdf,https://github.com/bummbummgarage/bummbummgarage.github.io/blob/main/modules/vca-0.2/152798635_151603326780103_2547913298771443805_n.jpg https://github.com/bummbummgarage/bummbummgarage.github.io/blob/main/modules/vca-0.2/153766931_724161221801396_8035976398690150812_n.jpg https://github.com/bummbummgarage/bummbummgarage.github.io/blob/main/modules/vca-0.2/Material/IMG_7781.png,
Bumm Bumm Garage,VCF Rev4,VCF,,https://github.com/bummbummgarage/bummbummgarage.github.io/blob/main/modules/vcf/Rev4/Bumm-Bumm-Garage-VCF-Rev4-Schematic.pdf,gerbers,,https://github.com/bummbummgarage/bummbummgarage.github.io/tree/main/modules/vcf/Rev4,,,,https://github.com/bummbummgarage/bummbummgarage.github.io/blob/main/modules/vcf/Rev4/Bumm-Bumm-Garage-VCF-Rev4-Bottom.jpg https://github.com/bummbummgarage/bummbummgarage.github.io/blob/main/modules/vcf/Rev4/Bumm-Bumm-Garage-VCF-Rev4-Front-Side.jpg https://github.com/bummbummgarage/bummbummgarage.github.io/blob/main/modules/vcf/Rev4/Bumm-Bumm-Garage-VCF-Rev4-Front-greenLED.jpg https://github.com/bummbummgarage/bummbummgarage.github.io/blob/main/modules/vcf/Rev4/Bumm-Bumm-Garage-VCF-Rev4-Front.jpg https://github.com/bummbummgarage/bummbummgarage.github.io/blob/main/modules/vcf/Rev4/Bumm-Bumm-Garage-VCF-Rev4-Right.jpg https://github.com/bummbummgarage/bummbummgarage.github.io/blob/main/modules/vcf/Rev4/Bumm-Bumm-Garage-VCF-Rev4-Top.jpg,https://github.com/bummbummgarage/bummbummgarage.github.io/blob/main/modules/vcf/Rev4/Bumm-Bumm-Garage-VCF-Rev4-Build_Doc.pdf
Bumm Bumm Garage,VCO 0.4,VCO,,https://github.com/bummbummgarage/bummbummgarage.github.io/blob/main/modules/vco-0.4/Bumm%20Bumm%20Garage%20VCO%200.4%20Schematic.pdf,,,https://github.com/bummbummgarage/bummbummgarage.github.io/tree/main/modules/vco-0.4,,,HP ? · pdf,https://github.com/bummbummgarage/bummbummgarage.github.io/blob/main/modules/vco-0.4/119933195_635916206988813_4624260561421113845_n.jpg https://github.com/bummbummgarage/bummbummgarage.github.io/blob/main/modules/vco-0.4/119948956_622572921628447_8042321751980002205_n.jpg https://github.com/bummbummgarage/bummbummgarage.github.io/blob/main/modules/vco-0.4/120069748_171071121269591_6942984310127158100_n.jpg https://github.com/bummbummgarage/bummbummgarage.github.io/blob/main/modules/vco-0.4/120127588_953387381808788_8849483215751231923_n.jpg https://github.com/bummbummgarage/bummbummgarage.github.io/blob/main/modules/vco-0.4/Material/1.png https://github.com/bummbummgarage/bummbummgarage.github.io/blob/main/modules/vco-0.4/Material/2.png https://github.com/bummbummgarage/bummbummgarage.github.io/blob/main/modules/vco-0.4/Material/3.png https://github.com/bummbummgarage/bummbummgarage.github.io/blob/main/modules/vco-0.4/Material/4.png,
Bumm Bumm Garage,VCO II 0.2.3,VCO,,https://github.com/bummbummgarage/bummbummgarage.github.io/blob/main/modules/vco-II-0.2.3/Bumm%20Bumm%20Garage%20VCO%20II%200.2.3%20Schematic.pdf,,,https://github.com/bummbummgarage/bummbummgarage.github.io/tree/main/modules/vco-II-0.2.3,,,HP ? · pdf,https://github.com/bummbummgarage/bummbummgarage.github.io/blob/main/modules/vco-II-0.2.3/158933399_2237179489752282_9037857550719587847_n.jpg https://github.com/bummbummgarage/bummbummgarage.github.io/blob/main/modules/vco-II-0.2.3/159096261_2891895357757563_2561795357959348618_n.jpg https://github.com/bummbummgarage/bummbummgarage.github.io/blob/main/modules/vco-II-0.2.3/160017333_213328790578242_8465238797184565485_n.jpg https://github.com/bummbummgarage/bummbummgarage.github.io/blob/main/modules/vco-II-0.2.3/Material/IMG_7867.png,
Bumm Bumm Garage,VCO III 0.1.1,VCO,,https://github.com/bummbummgarage/bummbummgarage.github.io/blob/main/modules/vco-iii-0.1.1/Bumm%20Bumm%20Garage%20VCO%20III%200.1%20Schematic.pdf,,,https://github.com/bummbummgarage/bummbummgarage.github.io/tree/main/modules/vco-iii-0.1.1,,,HP ? · pdf,https://github.com/bummbummgarage/bummbummgarage.github.io/blob/main/modules/vco-iii-0.1.1/IMG_7937.jpg https://github.com/bummbummgarage/bummbummgarage.github.io/blob/main/modules/vco-iii-0.1.1/IMG_7942.jpg https://github.com/bummbummgarage/bummbummgarage.github.io/blob/main/modules/vco-iii-0.1.1/IMG_7943.jpg https://github.com/bummbummgarage/bummbummgarage.github.io/blob/main/modules/vco-iii-0.1.1/IMG_7944.jpg,
Bumm Bumm Garage,Voltage Controlled Envelope Generator REV-2,envelope (voltage controlled),,https://github.com/bummbummgarage/bummbummgarage.github.io/blob/main/modules/voltage-controlled-envelope-generator-vceg/REV-2/Bumm-Bumm-Garage-Voltage-Controlled-Envelope-Generator-REV-2-Schematic.pdf,gerbers,,https://github.com/bummbummgarage/bummbummgarage.github.io/tree/main/modules/voltage-controlled-envelope-generator-vceg/REV-2,,,4HP · gerbers,https://github.com/bummbummgarage/bummbummgarage.github.io/blob/main/modules/voltage-controlled-envelope-generator-vceg/REV-2/Bumm-Bumm-Garage-Voltage-Controlled-Envelope-Generator-VCEG-Control-Board.JPG https://github.com/bummbummgarage/bummbummgarage.github.io/blob/main/modules/voltage-controlled-envelope-generator-vceg/REV-2/Bumm-Bumm-Garage-Voltage-Controlled-Envelope-Generator-VCEG-Left-and-Top.JPG https://github.com/bummbummgarage/bummbummgarage.github.io/blob/main/modules/voltage-controlled-envelope-generator-vceg/REV-2/Bumm-Bumm-Garage-Voltage-Controlled-Envelope-Generator-VCEG-Main-Board.JPG https://github.com/bummbummgarage/bummbummgarage.github.io/blob/main/modules/voltage-controlled-envelope-generator-vceg/REV-2/Bumm-Bumm-Garage-Voltage-Controlled-Envelope-Generator-VCEG.jpg,https://github.com/bummbummgarage/bummbummgarage.github.io/blob/main/modules/voltage-controlled-envelope-generator-vceg/REV-2/Bumm-Bumm-Garage-VCEG-Rev2-Build_Doc.pdf
Clacktronics,BYOM Attenuverter,attenuverter,,x,kicad,THT,https://github.com/clacktronics/EuroClack_BYOM_Modules/tree/main/Clacktronics%20BYOM%20Attenuverter/BYOM_Attenuverter_main,Clacktronics Build Your Own Modular (BYOM),,,,
Clacktronics,BYOM Envelope,envelope,,x,kicad,THT,https://github.com/clacktronics/EuroClack_BYOM_Modules/tree/main/Clacktronics%20BYOM%20Envelope/BYOM_Envelope_main,Clacktronics Build Your Own Modular (BYOM),,,,
Clacktronics,BYOM LFO,LFO,,x,kicad,THT,https://github.com/clacktronics/EuroClack_BYOM_Modules/tree/main/Clacktronics%20BYOM%20LFO/BYOM_LFO_main,Clacktronics Build Your Own Modular (BYOM),,,,
Clacktronics,BYOM Micro,programmable (microcontroller),,x,kicad,THT,https://github.com/clacktronics/EuroClack_BYOM_Modules/tree/main/Clacktronics%20BYOM%20Micro/BYOM_Micro_main,Clacktronics Build Your Own Modular (BYOM),,,,
Clacktronics,BYOM Mixer,mixer,,x,kicad,THT,https://github.com/clacktronics/EuroClack_BYOM_Modules/tree/main/Clacktronics%20BYOM%20Mixer/BYOM_Mixer_main,Clacktronics Build Your Own Modular (BYOM),,,,
Clacktronics,BYOM PSU,"power supply (12V to ±12V, MC34063)",,x,kicad,THT,https://github.com/clacktronics/EuroClack_BYOM_Modules/tree/main/Clacktronics%20BYOM%20PSU/BYOM_PSU_main,Clacktronics Build Your Own Modular (BYOM),,,,
Clacktronics,BYOM Passive Mult,multiple (passive),,x,kicad,THT,https://github.com/clacktronics/EuroClack_BYOM_Modules/tree/main/Clacktronics%20BYOM%20Passive%20mult/BYOM_Passive_mult_main,Clacktronics Build Your Own Modular (BYOM),,,,
Clacktronics,BYOM Power Bus,bus board,,x,kicad,THT,https://github.com/clacktronics/EuroClack_BYOM_Modules/tree/main/Clacktronics%20BYOM%20Power%20Bus/BYOM_Power_bus_main,Clacktronics Build Your Own Modular (BYOM),,,,
Clacktronics,BYOM VCA,VCA,,x,kicad,THT,https://github.com/clacktronics/EuroClack_BYOM_Modules/tree/main/Clacktronics%20BYOM%20VCA/BYOM_VCA_main,Clacktronics Build Your Own Modular (BYOM),,,,
Clacktronics,BYOM VCF,VCF,,x,kicad,THT,https://github.com/clacktronics/EuroClack_BYOM_Modules/tree/main/Clacktronics%20BYOM%20VCF/BYOM_VCF_main,Clacktronics Build Your Own Modular (BYOM),,,,
Clacktronics,BYOM VCO,VCO,,x,kicad,THT,https://github.com/clacktronics/EuroClack_BYOM_Modules/tree/main/Clacktronics%20BYOM%20VCO/BYOM_VCO_main,Clacktronics Build Your Own Modular (BYOM),,,,
Ken Stone + mzuelch,CGS Analog Switch Matrix,switch matrix (analog),MIT,x,kicad + gerbers,both,https://github.com/mzuelch/CATs-Eurosynth/tree/main/Modules/CGS/Analog%20Switch%20Matrix,,,,https://github.com/mzuelch/CATs-Eurosynth/blob/main/Modules/CGS/Analog%20Switch%20Matrix/Documentation/Rendering.jpg,
HAGIWO + mzuelch,HAGIWO 4Ch Sample Player,sample player (4-ch),MIT,x,kicad + gerbers,SMD,https://github.com/mzuelch/CATs-Eurosynth/tree/main/Modules/HAGIWO/4Ch%20Sample%20Player,,,,,
HAGIWO + mzuelch,HAGIWO 6Ch Trigger Sequencer,trigger sequencer (6-ch),MIT,x,kicad + gerbers,SMD,https://github.com/mzuelch/CATs-Eurosynth/tree/main/Modules/HAGIWO/6Ch%20Trigger%20Sequencer,,,,,
HAGIWO + mzuelch,HAGIWO OLED Display,display (OLED),MIT,x,kicad + gerbers,SMD,https://github.com/mzuelch/CATs-Eurosynth/tree/main/Modules/HAGIWO/Display,,,6HP · kicad + gerbers,https://github.com/mzuelch/CATs-Eurosynth/blob/main/Modules/HAGIWO/Display/Electronics/Front/HAGIWO%20Display%20Frontplatte.png,
HAGIWO + mzuelch,HAGIWO Ringfolder,ring modulator / wave folder,MIT,x,kicad + gerbers,both,https://github.com/mzuelch/CATs-Eurosynth/tree/main/Modules/HAGIWO/Ringfolder,,,,,
HAGIWO + mzuelch,HAGIWO Sync LFO,LFO (sync),MIT,x,kicad + gerbers,SMD,https://github.com/mzuelch/CATs-Eurosynth/tree/main/Modules/HAGIWO/Sync%20LFO,,,,,
HAGIWO + mzuelch,HAGIWO VCF Diode Ladder Filter,VCF (diode ladder),MIT,x,kicad,SMD,https://github.com/mzuelch/CATs-Eurosynth/tree/main/Modules/HAGIWO/VCF%20Diode%20Ladder%20Filter,,,,,
Haraldswerk + mzuelch,Haraldswerk NGF-E LFO,LFO,MIT,x,kicad + gerbers,THT,https://github.com/mzuelch/CATs-Eurosynth/tree/main/Modules/Haraldswerk/NGF-E%20LFO,,,,https://github.com/mzuelch/CATs-Eurosynth/blob/main/Modules/Haraldswerk/NGF-E%20LFO/Documentation/Rendering.jpg https://github.com/mzuelch/CATs-Eurosynth/blob/main/Modules/Haraldswerk/NGF-E%20LFO/Electronics/Front/Haraldswerk%20NGF-E%20LFO%20Front.png,
Music From Outer Space + mzuelch,MFOS Dual VCA #2,VCA (dual),MIT,x,kicad + gerbers,THT,https://github.com/mzuelch/CATs-Eurosynth/tree/main/Modules/MFOS/Dual%20VCA%20%232,,,,https://github.com/mzuelch/CATs-Eurosynth/blob/main/Modules/MFOS/Dual%20VCA%20%232/Documentation/Rendering.JPG,
Music From Outer Space + mzuelch,MFOS Eight Stage Phase Shifter,phaser (8-stage),MIT,x,kicad + gerbers,SMD,https://github.com/mzuelch/CATs-Eurosynth/tree/main/Modules/MFOS/Eight%20Stage%20Phase%20Shifter,,,,https://github.com/mzuelch/CATs-Eurosynth/blob/main/Modules/MFOS/Eight%20Stage%20Phase%20Shifter/Documentation/Rendering.jpg https://github.com/mzuelch/CATs-Eurosynth/blob/main/Modules/MFOS/Eight%20Stage%20Phase%20Shifter/Mechanics/MFOS%20Phaser%20Front.png,
Music From Outer Space + mzuelch,MFOS Noise Cornucopia,noise (multi-colour),MIT,x,kicad + gerbers,THT,https://github.com/mzuelch/CATs-Eurosynth/tree/main/Modules/MFOS/Noise%20Cornucopia,,,,https://github.com/mzuelch/CATs-Eurosynth/blob/main/Modules/MFOS/Noise%20Cornucopia/Electronics/Front/MFOS%20Noise%20Cornucopia%20Front.png https://github.com/mzuelch/CATs-Eurosynth/blob/main/Modules/MFOS/Noise%20Cornucopia/Mechanics/MFOS%20Noise%20Cornucopia%20Front.png,
mzuelch,Buffered Multiple (Slim Line),buffered multiple,MIT,x,kicad + gerbers,THT,https://github.com/mzuelch/CATs-Eurosynth/tree/main/Modules/Slim%20Line/Buffered%20Multiple,See alt. version: Buffered Multiple SMD,,,https://github.com/mzuelch/CATs-Eurosynth/blob/main/Modules/Slim%20Line/Buffered%20Multiple/Documentation/Rendering.JPG https://github.com/mzuelch/CATs-Eurosynth/blob/main/Modules/Slim%20Line/Buffered%20Multiple/Mechanics/Buffered%20Multiple.JPG,
mzuelch,Buffered Multiple SMD (Slim Line),buffered multiple,MIT,x,kicad + gerbers,SMD,https://github.com/mzuelch/CATs-Eurosynth/tree/main/Modules/Slim%20Line/Buffered%20Multiple%20SMD,See alt. version: Buffered Multiple (THT),,,https://github.com/mzuelch/CATs-Eurosynth/blob/main/Modules/Slim%20Line/Buffered%20Multiple%20SMD/Documentation/20230219_085442.jpg https://github.com/mzuelch/CATs-Eurosynth/blob/main/Modules/Slim%20Line/Buffered%20Multiple%20SMD/Documentation/Rendering.JPG https://github.com/mzuelch/CATs-Eurosynth/blob/main/Modules/Slim%20Line/Buffered%20Multiple%20SMD/Mechanics/Buffered%20Multiple.JPG,
mzuelch,Clock Divider (Slim Line),clock divider,MIT,x,kicad + gerbers,SMD,https://github.com/mzuelch/CATs-Eurosynth/tree/main/Modules/Slim%20Line/Clock%20Divider,,,,https://github.com/mzuelch/CATs-Eurosynth/blob/main/Modules/Slim%20Line/Clock%20Divider/Mechanics/Slimline%20Clock%20Divider%20Module%20Front.JPG,
mzuelch,Precision Adder (Slim Line),adder (precision),MIT,x,kicad + gerbers,SMD,https://github.com/mzuelch/CATs-Eurosynth/tree/main/Modules/Slim%20Line/Precision%20Adder,,,,,
mzuelch,Rectifier (Slim Line),rectifier,MIT,x,kicad,THT,https://github.com/mzuelch/CATs-Eurosynth/tree/main/Modules/Slim%20Line/Rectifier,See alt. version: Rectifier SMD,,,,
mzuelch,Rectifier SMD (Slim Line),rectifier,MIT,x,kicad + gerbers,SMD,https://github.com/mzuelch/CATs-Eurosynth/tree/main/Modules/Slim%20Line/Rectifier%20SMD,See alt. version: Rectifier (THT),,,https://github.com/mzuelch/CATs-Eurosynth/blob/main/Modules/Slim%20Line/Rectifier%20SMD/Documentation/ec778fda-3ce0-42d2-8429-7ae5b2f354bd.jpeg,
mzuelch,Sample&Hold (Slim Line),S&H,MIT,x,kicad + gerbers,THT,https://github.com/mzuelch/CATs-Eurosynth/tree/main/Modules/Slim%20Line/Sample%26Hold,See alt. version: Sample&Hold SMD,,,https://github.com/mzuelch/CATs-Eurosynth/blob/main/Modules/Slim%20Line/Sample%26Hold/Documentation/Rendering.jpg,
mzuelch,Sample&Hold SMD (Slim Line),S&H,MIT,x,kicad + gerbers,both,https://github.com/mzuelch/CATs-Eurosynth/tree/main/Modules/Slim%20Line/Sample%26Hold%20SMD,See alt. version: Sample&Hold (THT),X,,https://github.com/mzuelch/CATs-Eurosynth/blob/main/Modules/Slim%20Line/Sample%26Hold%20SMD/Documentation/20230718_183401.jpg https://github.com/mzuelch/CATs-Eurosynth/blob/main/Modules/Slim%20Line/Sample%26Hold%20SMD/Documentation/Rendering.jpg https://github.com/mzuelch/CATs-Eurosynth/blob/main/Modules/Slim%20Line/Sample%26Hold%20SMD/Mechanics/Sample%26Hold%20Module%20Front.JPG,
mzuelch,Single Attenuator (Slim Line),"attenuator (single, 60 mm fader)",MIT,x,kicad + gerbers,THT,https://github.com/mzuelch/CATs-Eurosynth/tree/main/Modules/Slim%20Line/Single%20Attenuator,,,,https://github.com/mzuelch/CATs-Eurosynth/blob/main/Modules/Slim%20Line/Single%20Attenuator/Documentation/Rendering.JPG https://github.com/mzuelch/CATs-Eurosynth/blob/main/Modules/Slim%20Line/Single%20Attenuator/Mechanics/Single%20Attenuator.JPG,
mzuelch,VCA (Slim Line),VCA,MIT,x,kicad + gerbers,THT,https://github.com/mzuelch/CATs-Eurosynth/tree/main/Modules/Slim%20Line/VCA,,,,https://github.com/mzuelch/CATs-Eurosynth/blob/main/Modules/Slim%20Line/VCA/Mechanics/Slimline%20VCA%20Front.png,
mzuelch,Voltage Controlled Switch (Slim Line),voltage-controlled switch,MIT,x,kicad + gerbers,SMD,https://github.com/mzuelch/CATs-Eurosynth/tree/main/Modules/Slim%20Line/Voltage%20Controlled%20Switch,,,,https://github.com/mzuelch/CATs-Eurosynth/blob/main/Modules/Slim%20Line/Voltage%20Controlled%20Switch/Documentation/ea97082e-4144-41ba-bf36-c3e3d4d441ec.jpeg https://github.com/mzuelch/CATs-Eurosynth/blob/main/Modules/Slim%20Line/Voltage%20Controlled%20Switch/Mechanics/Slimline%20Voltage%20Controlled%20Switch%20Module%20Front.JPG,
mzuelch,4Ch Mixer (Standard Line),mixer (4-ch),MIT,x,kicad + gerbers,SMD,https://github.com/mzuelch/CATs-Eurosynth/tree/main/Modules/Standard%20Line/4Ch%20Mixer,,,,https://github.com/mzuelch/CATs-Eurosynth/blob/main/Modules/Standard%20Line/4Ch%20Mixer/Documentation/Rendering.jpg,
mzuelch,Atari Punk Console (Standard Line),Atari Punk Console,MIT,x,kicad + gerbers,THT,https://github.com/mzuelch/CATs-Eurosynth/tree/main/Modules/Standard%20Line/Atari%20Punk%20Console,,,,https://github.com/mzuelch/CATs-Eurosynth/blob/main/Modules/Standard%20Line/Atari%20Punk%20Console/Documentation/Rendering.jpg,
mzuelch,Baby8 Sequencer (Standard Line),sequencer (Baby 8),MIT,x,kicad + gerbers,THT,https://github.com/mzuelch/CATs-Eurosynth/tree/main/Modules/Standard%20Line/Baby8%20Sequencer,,,,https://github.com/mzuelch/CATs-Eurosynth/blob/main/Modules/Standard%20Line/Baby8%20Sequencer/Documentation/Rendering.jpg,
mzuelch,Classic ADSR (Standard Line),ADSR,MIT,x,kicad + gerbers,SMD,https://github.com/mzuelch/CATs-Eurosynth/tree/main/Modules/Standard%20Line/Classic%20ADSR,,,,,
mzuelch,Clock Divider (Standard Line),clock divider,MIT,x,kicad + gerbers,THT,https://github.com/mzuelch/CATs-Eurosynth/tree/main/Modules/Standard%20Line/Clock%20Divider,,,,https://github.com/mzuelch/CATs-Eurosynth/blob/main/Modules/Standard%20Line/Clock%20Divider/Documentation/Rendering.jpg,
mzuelch,Envelope Follower (Standard Line),envelope follower,MIT,x,kicad + gerbers,THT,https://github.com/mzuelch/CATs-Eurosynth/tree/main/Modules/Standard%20Line/Envelope%20Follower,,X,,,
mzuelch,LFO (Standard Line),LFO,MIT,x,kicad + gerbers,SMD,https://github.com/mzuelch/CATs-Eurosynth/tree/main/Modules/Standard%20Line/LFO,,,,https://github.com/mzuelch/CATs-Eurosynth/blob/main/Modules/Standard%20Line/LFO/Electronics/Front/Haraldswerk%20NGF-E%20LFO%20Front.png,
mzuelch,Manual Gate (Standard Line),manual gate,MIT,x,kicad + gerbers,THT,https://github.com/mzuelch/CATs-Eurosynth/tree/main/Modules/Standard%20Line/Manual%20Gate,,,,,
mzuelch,Power Module (Standard Line),power supply,MIT,x,kicad + gerbers,THT,https://github.com/mzuelch/CATs-Eurosynth/tree/main/Modules/Standard%20Line/Power%20Module,,,,,
mzuelch,Vactrol VCF (Standard Line),VCF (vactrol),MIT,x,kicad + gerbers,THT,https://github.com/mzuelch/CATs-Eurosynth/tree/main/Modules/Standard%20Line/Vactrol%20VCF,,,,https://github.com/mzuelch/CATs-Eurosynth/blob/main/Modules/Standard%20Line/Vactrol%20VCF/Mechanics/Vactrol%20VCF%20Front.png,
YuSynth + mzuelch,YuSynth Balanced Modulator,ring modulator (balanced),MIT,x,kicad + gerbers,both,https://github.com/mzuelch/CATs-Eurosynth/tree/main/Modules/YuSynth/Balanced%20Modulator,,,,https://github.com/mzuelch/CATs-Eurosynth/blob/main/Modules/YuSynth/Balanced%20Modulator/Electronics/Front/YuSynth%20Balanced%20Modulator%20Frontplatte.png,
Mutable Instruments,Blades,VCF (dual multimode),CC BY-SA 3.0 (hardware) / MIT (STM32 code) / GPL v3 (AVR code),x,eagle,SMD,https://github.com/pichenettes/eurorack/tree/master/blades/hardware_design,,,HP ? · ai,,
Mutable Instruments,Blinds,VC polarizer (quad),CC BY-SA 3.0 (hardware) / MIT (STM32 code) / GPL v3 (AVR code),x,eagle,SMD,https://github.com/pichenettes/eurorack/tree/master/blinds/hardware_design,,,HP ? · ai,,
Mutable Instruments,Braids,macro oscillator,CC BY-SA 3.0 (hardware) / MIT (STM32 code) / GPL v3 (AVR code),x,eagle,SMD,https://github.com/pichenettes/eurorack/tree/master/braids/hardware_design,,,HP ? · ai,,
Mutable Instruments,Branches,Bernoulli gate (dual),CC BY-SA 3.0 (hardware) / MIT (STM32 code) / GPL v3 (AVR code),x,eagle,SMD,https://github.com/pichenettes/eurorack/tree/master/branches/hardware_design,,,HP ? · ai,,
Mutable Instruments,Clouds,granular processor (texture synthesizer),CC BY-SA 3.0 (hardware) / MIT (STM32 code) / GPL v3 (AVR code),x,eagle,SMD,https://github.com/pichenettes/eurorack/tree/master/clouds/hardware_design,,,HP ? · ai,,
Mutable Instruments,Ears,contact microphone / preamp,CC BY-SA 3.0 (hardware) / MIT (STM32 code) / GPL v3 (AVR code),x,eagle,SMD,https://github.com/pichenettes/eurorack/tree/master/ears/hardware_design,,,HP ? · eagle,,
Mutable Instruments,Edges,"oscillator (quad chiptune, digital)",CC BY-SA 3.0 (hardware) / MIT (STM32 code) / GPL v3 (AVR code),x,eagle,both,https://github.com/pichenettes/eurorack/tree/master/edges/hardware_design,,,HP ? · ai,,
Mutable Instruments,Elements,modal synthesizer (voice),CC BY-SA 3.0 (hardware) / MIT (STM32 code) / GPL v3 (AVR code),x,eagle,SMD,https://github.com/pichenettes/eurorack/tree/master/elements/hardware_design,,,HP ? · ai,,
Mutable Instruments,Frames,keyframer / mixer,CC BY-SA 3.0 (hardware) / MIT (STM32 code) / GPL v3 (AVR code),x,eagle,SMD,https://github.com/pichenettes/eurorack/tree/master/frames/hardware_design,,,HP ? · ai,,
Mutable Instruments,Grids,drum sequencer (topographic),CC BY-SA 3.0 (hardware) / MIT (STM32 code) / GPL v3 (AVR code),x,eagle,SMD,https://github.com/pichenettes/eurorack/tree/master/grids/hardware_design,,,HP ? · ai,,
Mutable Instruments,Kinks,rectifier / analog logic / S&H / noise,CC BY-SA 3.0 (hardware) / MIT (STM32 code) / GPL v3 (AVR code),x,eagle,SMD,https://github.com/pichenettes/eurorack/tree/master/kinks/hardware_design,,,HP ? · ai,,
Mutable Instruments,Links,buffered multiple / mixer,CC BY-SA 3.0 (hardware) / MIT (STM32 code) / GPL v3 (AVR code),x,eagle,SMD,https://github.com/pichenettes/eurorack/tree/master/links/hardware_design,,,HP ? · ai,,
Mutable Instruments,Marbles,random sampler,CC BY-SA 3.0 (hardware) / MIT (STM32 code) / GPL v3 (AVR code),x,eagle,SMD,https://github.com/pichenettes/eurorack/tree/master/marbles/hardware_design,,,HP ? · ai,,
Mutable Instruments,Peaks,trigger converter (dual; envelope / LFO / drums),CC BY-SA 3.0 (hardware) / MIT (STM32 code) / GPL v3 (AVR code),x,eagle,SMD,https://github.com/pichenettes/eurorack/tree/master/peaks/hardware_design,,,HP ? · ai,,
Mutable Instruments,Plaits,macro oscillator,CC BY-SA 3.0 (hardware) / MIT (STM32 code) / GPL v3 (AVR code),x,eagle,SMD,https://github.com/pichenettes/eurorack/tree/master/plaits/hardware_design,,,HP ? · ai,,
Mutable Instruments,Rings,resonator,CC BY-SA 3.0 (hardware) / MIT (STM32 code) / GPL v3 (AVR code),x,eagle,SMD,https://github.com/pichenettes/eurorack/tree/master/rings/hardware_design,,,HP ? · ai,,
Mutable Instruments,Ripples,"VCF (2-pole BP / LP, 4-pole LP)",CC BY-SA 3.0 (hardware) / MIT (STM32 code) / GPL v3 (AVR code),x,eagle,SMD,https://github.com/pichenettes/eurorack/tree/master/ripples/hardware_design,,,HP ? · ai,,
Mutable Instruments,Shades,attenuverter (triple),CC BY-SA 3.0 (hardware) / MIT (STM32 code) / GPL v3 (AVR code),x,eagle,SMD,https://github.com/pichenettes/eurorack/tree/master/shades/hardware_design,,,HP ? · ai,,
Mutable Instruments,Shelves,EQ filter,CC BY-SA 3.0 (hardware) / MIT (STM32 code) / GPL v3 (AVR code),x,eagle,SMD,https://github.com/pichenettes/eurorack/tree/master/shelves/hardware_design,,,HP ? · ai,,
Mutable Instruments,Stages,segment generator,CC BY-SA 3.0 (hardware) / MIT (STM32 code) / GPL v3 (AVR code),x,eagle,SMD,https://github.com/pichenettes/eurorack/tree/master/stages/hardware_design,,,HP ? · ai,,
Mutable Instruments,Streams,dynamics gate (dual),CC BY-SA 3.0 (hardware) / MIT (STM32 code) / GPL v3 (AVR code),x,eagle,SMD,https://github.com/pichenettes/eurorack/tree/master/streams/hardware_design,,,HP ? · ai,,
Mutable Instruments,Tides,tidal modulator,CC BY-SA 3.0 (hardware) / MIT (STM32 code) / GPL v3 (AVR code),x,eagle,SMD,https://github.com/pichenettes/eurorack/tree/master/tides/hardware_design,,,HP ? · ai,,
Mutable Instruments,Tides (2018),tidal modulator,CC BY-SA 3.0 (hardware) / MIT (STM32 code) / GPL v3 (AVR code),x,eagle,SMD,https://github.com/pichenettes/eurorack/tree/master/tides2/hardware_design,,,HP ? · ai,,
Mutable Instruments,Veils,VCA (quad),CC BY-SA 3.0 (hardware) / MIT (STM32 code) / GPL v3 (AVR code),x,eagle,SMD,https://github.com/pichenettes/eurorack/tree/master/veils/hardware_design,,,HP ? · ai,,
Super Synthesis,2OPFM,FM oscillator (2-operator),CC0-1.0,https://github.com/supersynthesis/eurorack/blob/main/Production%20Modules/2OPFM/2OPFM_REV5_SCHEMATIC.pdf,diptrace + gerbers,SMD,https://github.com/supersynthesis/eurorack/tree/main/Production%20Modules/2OPFM,,,6HP · gerbers + dxf + ai,,
Super Synthesis,CHORUS,chorus,CC0-1.0,,gerbers,SMD,https://github.com/supersynthesis/eurorack/tree/main/Production%20Modules/CHORUS/jlcpcb,,,6HP · gerbers,,
Super Synthesis,EG,envelope,CC0-1.0,https://github.com/supersynthesis/eurorack/blob/main/Production%20Modules/EG/EG_REV1_SCHEMATIC.pdf,diptrace + gerbers,SMD,https://github.com/supersynthesis/eurorack/tree/main/Production%20Modules/EG,,,6HP · gerbers + ai,,
Super Synthesis,SVFs,VCF (state-variable),CC0-1.0,https://github.com/supersynthesis/eurorack/blob/main/Production%20Modules/SVFs/SVFs_REV3_SCHEMATIC.pdf,diptrace + gerbers,SMD,https://github.com/supersynthesis/eurorack/tree/main/Production%20Modules/SVFs,,,12HP · gerbers + ai,,
Super Synthesis,TVCA,VCA,CC0-1.0,https://github.com/supersynthesis/eurorack/blob/main/Production%20Modules/TVCA/TVCA_REV3_SCHEMATIC.pdf,diptrace + gerbers,SMD,https://github.com/supersynthesis/eurorack/tree/main/Production%20Modules/TVCA,,,6HP · gerbers + ai,,
Super Synthesis,VCAs,VCA (multi),CC0-1.0,https://github.com/supersynthesis/eurorack/blob/main/Production%20Modules/VCAs/VCAs_REV2_SCHEMATIC.pdf,diptrace + gerbers,SMD,https://github.com/supersynthesis/eurorack/tree/main/Production%20Modules/VCAs,,,12HP · gerbers + ai,,
Super Synthesis,OTAVCAs,VCA (OTA),CC0-1.0,https://github.com/supersynthesis/eurorack/blob/main/Unreleased/OTAVCAs/OTAVCAs_REV2_SCHEMATIC.pdf,diptrace + gerbers,SMD,https://github.com/supersynthesis/eurorack/tree/main/Unreleased/OTAVCAs,,?,12HP · gerbers,,
Super Synthesis,S&H,S&H,CC0-1.0,https://github.com/supersynthesis/eurorack/blob/main/Unreleased/S%26H/S%26H_REV1_SCHEMATIC.pdf,diptrace + gerbers,SMD,https://github.com/supersynthesis/eurorack/tree/main/Unreleased/S%26H,,?,6HP · gerbers + ai,,
tkilla64,3340 VCO,VCO (AS3340),MIT,https://github.com/tkilla64/eurorack/blob/main/3340-vco/3340-vco_sch.pdf,gerbers,both,https://github.com/tkilla64/eurorack/tree/main/3340-vco,,,,https://github.com/tkilla64/eurorack/blob/main/3340-vco/vco.jpg,
Hexinverter + tkilla64,909 Clap,clap (TR-909),MIT,https://github.com/tkilla64/eurorack/blob/main/909-clap/909hc_schematic_v1.pdf,gerbers,SMD,https://github.com/tkilla64/eurorack/tree/main/909-clap,TR-909 voice; uses the 909 Snare noise board,,,https://github.com/tkilla64/eurorack/blob/main/909-clap/909HC.jpg,
Roland + tkilla64,909 Cymbals,cymbal / crash (TR-909),MIT,https://github.com/tkilla64/eurorack/blob/main/909-cymbals/909_cymbal_sch_v2.pdf,gerbers,both,https://github.com/tkilla64/eurorack/tree/main/909-cymbals,,,,https://github.com/tkilla64/eurorack/blob/main/909-cymbals/909CY.jpg,
Roland + tkilla64,909 Hihat,hi-hat (TR-909),MIT,https://github.com/tkilla64/eurorack/blob/main/909-hihat/909_hihat_sch_v3.pdf,gerbers,both,https://github.com/tkilla64/eurorack/tree/main/909-hihat,,,,https://github.com/tkilla64/eurorack/blob/main/909-hihat/909_HH.jpg,
Hexinverter + tkilla64,909 Kick,bass drum (TR-909),MIT,https://github.com/tkilla64/eurorack/blob/main/909-kick/909_kick_sch_v2.pdf,gerbers,SMD,https://github.com/tkilla64/eurorack/tree/main/909-kick,,,,https://github.com/tkilla64/eurorack/blob/main/909-kick/909BD.JPG,
Hexinverter + tkilla64,909 Rimshot,rimshot (TR-909),MIT,https://github.com/tkilla64/eurorack/blob/main/909-rimshot/909-rim_sch_v1.pdf,gerbers,SMD,https://github.com/tkilla64/eurorack/tree/main/909-rimshot,,,,https://github.com/tkilla64/eurorack/blob/main/909-rimshot/909RIM.jpg,
Hexinverter + tkilla64,909 Snare,snare (TR-909),MIT,https://github.com/tkilla64/eurorack/blob/main/909-snare/909_snare_sch_v2.pdf,gerbers,SMD,https://github.com/tkilla64/eurorack/tree/main/909-snare,,,,https://github.com/tkilla64/eurorack/blob/main/909-snare/909_SD.jpg,
Roland + tkilla64,909 Toms,"toms (TR-909, hi / mid / low)",MIT,https://github.com/tkilla64/eurorack/blob/main/909-toms/sch_main_board_v1.pdf,gerbers,SMD,https://github.com/tkilla64/eurorack/tree/main/909-toms,inspired by the 9090 Toms,,,https://github.com/tkilla64/eurorack/blob/main/909-toms/909_TOMS.jpg,
tkilla64,Bass Buddy,sequencer (bass),MIT,https://github.com/tkilla64/eurorack/blob/main/bassbuddy/bass_buddy_sch.pdf,gerbers,both,https://github.com/tkilla64/eurorack/tree/main/bassbuddy,,,,https://github.com/tkilla64/eurorack/blob/main/bassbuddy/BB.jpg,https://github.com/tkilla64/eurorack/tree/main/bassbuddy/build/img
tkilla64,bmult,buffered multiple (dual 1-to-2),MIT,https://github.com/tkilla64/eurorack/blob/main/bmult/bmult_sch.pdf,gerbers,SMD,https://github.com/tkilla64/eurorack/tree/main/bmult,See also: bmult2,,,https://github.com/tkilla64/eurorack/blob/main/bmult/bmult.jpg,
tkilla64,bmult2,buffered multiple (dual 1-to-2),MIT,https://github.com/tkilla64/eurorack/blob/main/bmult2/sch_bmult2_v1.pdf,gerbers,SMD,https://github.com/tkilla64/eurorack/tree/main/bmult2,See also: bmult,,,https://github.com/tkilla64/eurorack/blob/main/bmult2/BMULT2.jpg,
tkilla64,busboard,"bus board (10 slots, +5V)",MIT,https://github.com/tkilla64/eurorack/blob/main/busboard/Sch_busboard_v2.pdf,gerbers,THT,https://github.com/tkilla64/eurorack/tree/main/busboard,,,,https://github.com/tkilla64/eurorack/blob/main/busboard/BUSBOARD.jpg,
tkilla64,CVC,"CV converter (uni- / bipolar, 4-ch)",MIT,https://github.com/tkilla64/eurorack/blob/main/cvc/cvc_sch_v2.pdf,gerbers,SMD,https://github.com/tkilla64/eurorack/tree/main/cvc,,,,https://github.com/tkilla64/eurorack/blob/main/cvc/cvc.jpg,
Moritz Klein + tkilla64,Diode VCF,VCF (diode ladder),MIT,https://github.com/tkilla64/eurorack/blob/main/diode-vcf/sch_diode_ladder-vcf_v2.pdf,gerbers,SMD,https://github.com/tkilla64/eurorack/tree/main/diode-vcf,,,,https://github.com/tkilla64/eurorack/blob/main/diode-vcf/VCF.JPG,
Music From Outer Space + tkilla64,Dual VCA,"VCA (dual, lin / log)",MIT,https://github.com/tkilla64/eurorack/blob/main/dvca/dvca_sch_v3.pdf,gerbers,SMD,https://github.com/tkilla64/eurorack/tree/main/dvca,,,,https://github.com/tkilla64/eurorack/blob/main/dvca/DVCA.jpg,
Rene Schmitz + tkilla64,FEITW,envelope (Fastest Envelope in the West),MIT,https://github.com/tkilla64/eurorack/blob/main/feitw/feitw_sch_v4.pdf,gerbers,SMD,https://github.com/tkilla64/eurorack/tree/main/feitw,,,,https://github.com/tkilla64/eurorack/blob/main/feitw/FEITW.jpg,
tkilla64,Long busboard,bus board (21 slots),MIT,https://github.com/tkilla64/eurorack/blob/main/long_busboard/sch_long_busboard_v1.pdf,gerbers,SMD,https://github.com/tkilla64/eurorack/tree/main/long_busboard,,,,https://github.com/tkilla64/eurorack/blob/main/long_busboard/LBUSBOARD.jpg,
tkilla64,MIDI Sync,clock divider / generator (MIDI sync),MIT,https://github.com/tkilla64/eurorack/blob/main/midi-sync/midi_sync_sch.pdf,gerbers,both,https://github.com/tkilla64/eurorack/tree/main/midi-sync,,,,https://github.com/tkilla64/eurorack/blob/main/midi-sync/MIDISYNC.jpg,
tkilla64,pmult,multiple (passive),MIT,https://github.com/tkilla64/eurorack/blob/main/pmult/sch_pmult.pdf,gerbers,,https://github.com/tkilla64/eurorack/tree/main/pmult,,,,https://github.com/tkilla64/eurorack/blob/main/pmult/PMULT.jpg,
tkilla64,S&H + Noise,S&H / noise,MIT,https://github.com/tkilla64/eurorack/blob/main/snh_noise/snh_noise_sch.pdf,gerbers,SMD,https://github.com/tkilla64/eurorack/tree/main/snh_noise,,,,https://github.com/tkilla64/eurorack/blob/main/snh_noise/SNHN.jpg,
tkilla64,umix,"mixer (utility, DC-coupled, offset)",MIT,https://github.com/tkilla64/eurorack/blob/main/umix/umix_sch.pdf,gerbers,both,https://github.com/tkilla64/eurorack/tree/main/umix,,,,https://github.com/tkilla64/eurorack/blob/main/umix/UMIX.jpg,
tkilla64,vc-LFO,LFO (VC),MIT,https://github.com/tkilla64/eurorack/blob/main/vc-lfo/vc-LFO-schematic.pdf,gerbers,both,https://github.com/tkilla64/eurorack/tree/main/vc-lfo,,,,https://github.com/tkilla64/eurorack/blob/main/vc-lfo/VC_LFO.jpg,
tpcarlson,3-Phase LFO,LFO (3-phase),CC BY-NC-SA 4.0,x,kicad,THT,https://github.com/tpcarlson/synth-diy/tree/main/3-phase-lfo,,,,,
tpcarlson,VCA,VCA (dual),CC BY-NC-SA 4.0,x,kicad,THT,https://github.com/tpcarlson/synth-diy/tree/main/VCA,,,6HP · kicad,https://github.com/tpcarlson/synth-diy/blob/main/VCA/images/vca-board.png,
tpcarlson,VCDO,wavetable oscillator (with sub-osc),CC BY-NC-SA 4.0,x,kicad,THT,https://github.com/tpcarlson/synth-diy/tree/main/VCDO,,,10HP · kicad,https://github.com/tpcarlson/synth-diy/blob/main/VCDO/images/vcdo-pcb.png,
tpcarlson,Cyclic,"trigger sequencer (8-ch, 16-step)",CC BY-NC-SA 4.0,x,kicad,both,https://github.com/tpcarlson/synth-diy/tree/main/cyclic,,X,,https://github.com/tpcarlson/synth-diy/blob/main/cyclic/images/case-resized.jpg,https://github.com/tpcarlson/synth-diy/blob/main/cyclic/ASSEMBLY.md
tpcarlson,Dice,"signal router (sequential switch, 1-to-6)",CC BY-NC-SA 4.0,x,kicad,both,https://github.com/tpcarlson/synth-diy/tree/main/d6,,,,https://github.com/tpcarlson/synth-diy/blob/main/d6/images/panel.jpg,https://github.com/tpcarlson/synth-diy/blob/main/d6/ASSEMBLY.md https://github.com/tpcarlson/synth-diy/tree/main/d6/images
tpcarlson,Drumfiend,trigger to MIDI (19-ch),CC BY-NC-SA 4.0,x,kicad,both,https://github.com/tpcarlson/synth-diy/tree/main/drumfiend,,,8HP · kicad,https://github.com/tpcarlson/synth-diy/blob/main/drumfiend/images/drumfiend-midi.png,https://github.com/tpcarlson/synth-diy/blob/main/drumfiend/ASSEMBLY.md https://github.com/tpcarlson/synth-diy/tree/main/drumfiend/images
Mutable Instruments + tpcarlson,Kinky Lynx,utility (Kinks + Links),CC BY-NC-SA 4.0,x,kicad,SMD,https://github.com/tpcarlson/synth-diy/tree/main/kinky-lynx,,,,,
tpcarlson,Ivy,phaser (switched capacitor),CC BY-NC-SA 4.0,x,kicad,both,https://github.com/tpcarlson/synth-diy/tree/main/leaky-bucket,,,,,
tpcarlson,Logic,"logic (4-ch, CD4xxx)",CC BY-NC-SA 4.0,x,kicad,both,https://github.com/tpcarlson/synth-diy/tree/main/logic,,,7HP · kicad,,https://github.com/tpcarlson/synth-diy/blob/main/logic/ASSEMBLY.md https://github.com/tpcarlson/synth-diy/tree/main/logic/images
tpcarlson,LPG,LPG (vactrol),CC BY-NC-SA 4.0,x,kicad,THT,https://github.com/tpcarlson/synth-diy/tree/main/lpg,,,4HP · kicad,https://github.com/tpcarlson/synth-diy/blob/main/lpg/images/lpg-board.png,
tpcarlson,Mix,mixer (5-to-1),CC BY-NC-SA 4.0,x,kicad,THT,https://github.com/tpcarlson/synth-diy/tree/main/mix,,,3HP · kicad,,
tpcarlson,Multimult,buffered multiple (6-way),CC BY-NC-SA 4.0,x,kicad,both,https://github.com/tpcarlson/synth-diy/tree/main/multimult,,,8HP · kicad,,
tpcarlson,Oak,expander (Sycamore),CC BY-NC-SA 4.0,x,kicad,SMD,https://github.com/tpcarlson/synth-diy/tree/main/oak,expander for Sycamore,,,https://github.com/tpcarlson/synth-diy/blob/main/oak/images/8b-leds.jpg https://github.com/tpcarlson/synth-diy/blob/main/oak/images/oak-annotated.jpg,https://github.com/tpcarlson/synth-diy/blob/main/oak/ASSEMBLY.md https://github.com/tpcarlson/synth-diy/tree/main/oak/images
tpcarlson,Oneshot,envelope (one-shot) / mixer,CC BY-NC-SA 4.0,x,kicad,both,https://github.com/tpcarlson/synth-diy/tree/main/oneshot,front PCB options for 1U and 3U,?,,,https://github.com/tpcarlson/synth-diy/blob/main/oneshot/ASSEMBLY.md https://github.com/tpcarlson/synth-diy/tree/main/oneshot/images
tpcarlson,Pentanoise,"noise (5-ch, binary)",CC BY-NC-SA 4.0,x,kicad,THT,https://github.com/tpcarlson/synth-diy/tree/main/pentanoise,,,HP ? · kicad,https://github.com/tpcarlson/synth-diy/blob/main/pentanoise/images/pentanoise-board.png,
tpcarlson,Rowan,expander (Sycamore),CC BY-NC-SA 4.0,x,kicad,SMD,https://github.com/tpcarlson/synth-diy/tree/main/rowan,expander for Sycamore,,,,https://github.com/tpcarlson/synth-diy/blob/main/rowan/ASSEMBLY.md https://github.com/tpcarlson/synth-diy/tree/main/rowan/images
tpcarlson,Sloth (Slew Limiter),slew limiter (dual),CC BY-NC-SA 4.0,x,kicad,both,https://github.com/tpcarlson/synth-diy/tree/main/slew-limiter,,,4HP · kicad,,
tpcarlson,Sycamore,"sequencer (looping, quantized)",CC BY-NC-SA 4.0,x,kicad,SMD,https://github.com/tpcarlson/synth-diy/tree/main/sycamore,"See expanders: Oak, Rowan",,,https://github.com/tpcarlson/synth-diy/blob/main/sycamore/images/15a-7-seg-rear.jpg https://github.com/tpcarlson/synth-diy/blob/main/sycamore/images/15b-7-seg-top.jpg https://github.com/tpcarlson/synth-diy/blob/main/sycamore/images/5a-light-pipe.jpg https://github.com/tpcarlson/synth-diy/blob/main/sycamore/images/panel.jpg,https://github.com/tpcarlson/synth-diy/blob/main/sycamore/ASSEMBLY-7-SEG-ALT.md https://github.com/tpcarlson/synth-diy/blob/main/sycamore/ASSEMBLY.md https://github.com/tpcarlson/synth-diy/tree/main/sycamore/images
tpcarlson,Through/Links,signal distributor / multiple,CC BY-NC-SA 4.0,x,kicad,,https://github.com/tpcarlson/synth-diy/tree/main/through,,,4HP · kicad,,
tpcarlson,Twoshot,one-shot generator (dual),CC BY-NC-SA 4.0,x,kicad,both,https://github.com/tpcarlson/synth-diy/tree/main/twoshot,,,,https://github.com/tpcarlson/synth-diy/blob/main/twoshot/images/panel.jpg,
tpcarlson,VCADSR,"ADSR (VC, EnvGen8)",CC BY-NC-SA 4.0,x,kicad,both,https://github.com/tpcarlson/synth-diy/tree/main/vcadsr,,?,HP ? · kicad,,https://github.com/tpcarlson/synth-diy/blob/main/vcadsr/ASSEMBLY.md https://github.com/tpcarlson/synth-diy/tree/main/vcadsr/images
Rene Schmitz + tpcarlson,YARM+,ring modulator,CC BY-NC-SA 4.0,x,kicad,THT,https://github.com/tpcarlson/synth-diy/tree/main/yarmplus,,,4HP · kicad,,https://github.com/tpcarlson/synth-diy/blob/main/yarmplus/ASSEMBLY.md https://github.com/tpcarlson/synth-diy/tree/main/yarmplus/images
Mutable Instruments + MMImodular,Cirrus,granular processor (Clouds rework),,https://github.com/MMImodular/Modules/blob/master/Cirrus/Cirrus%20Schematic.pdf,eagle + gerbers,SMD,https://github.com/MMImodular/Modules/tree/master/Cirrus,,,,,
MMImodular,Octaverter,attenuverter (8-ch),,https://github.com/MMImodular/Modules/blob/master/Octaverter/Octaverter%20Schematic.png,eagle,SMD,https://github.com/MMImodular/Modules/tree/master/Octaverter,,X,12HP · eagle,,
MMImodular,Planks,adder (dual 4:1 precision),,x,eagle,SMD,https://github.com/MMImodular/Modules/tree/master/Planks,,,,,
Buchla + MMImodular,Two Nine Five,"comb filter (10-band, Buchla 295)",,https://github.com/MMImodular/Modules/blob/master/Two%20Nine%20Five/Two%20Nine%20Five%20Schematic.png,eagle,both,https://github.com/MMImodular/Modules/tree/master/Two%20Nine%20Five,,,,,
QuinnFreedman,Biodata,biodata to CV (plants),CC BY-SA 4.0 (hardware),x,kicad,THT,https://github.com/QuinnFreedman/modular/tree/main/modules/Biodata,,,6HP · kicad,,https://github.com/QuinnFreedman/modular/blob/main/modules/Biodata/docs/assembly_instructions.md
QuinnFreedman,Boost,amplifier / overdrive,CC BY-SA 4.0 (hardware),x,kicad,THT,https://github.com/QuinnFreedman/modular/tree/main/modules/Boost,,,4HP · kicad,https://github.com/QuinnFreedman/modular/blob/main/modules/Boost/docs/images/00-boost-front.jpg https://github.com/QuinnFreedman/modular/blob/main/modules/Boost/docs/images/01-boost-back.jpg https://github.com/QuinnFreedman/modular/blob/main/modules/Boost/docs/images/tutorial_01.jpg https://github.com/QuinnFreedman/modular/blob/main/modules/Boost/docs/images/tutorial_02.jpg https://github.com/QuinnFreedman/modular/blob/main/modules/Boost/docs/images/tutorial_03.jpg https://github.com/QuinnFreedman/modular/blob/main/modules/Boost/docs/images/tutorial_04.jpg https://github.com/QuinnFreedman/modular/blob/main/modules/Boost/docs/images/tutorial_05.jpg https://github.com/QuinnFreedman/modular/blob/main/modules/Boost/docs/images/tutorial_06.jpg https://github.com/QuinnFreedman/modular/blob/main/modules/Boost/docs/images/tutorial_07.jpg https://github.com/QuinnFreedman/modular/blob/main/modules/Boost/docs/images/tutorial_08.jpg https://github.com/QuinnFreedman/modular/blob/main/modules/Boost/docs/images/tutorial_09.jpg,https://github.com/QuinnFreedman/modular/blob/main/modules/Boost/docs/assembly_instructions.md
QuinnFreedman,Drift,random modulation (Perlin noise),CC BY-SA 4.0 (hardware),x,kicad,THT,https://github.com/QuinnFreedman/modular/tree/main/modules/Drift,,,4HP · kicad,https://github.com/QuinnFreedman/modular/blob/main/modules/Drift/docs/images/00-drift-front.jpg https://github.com/QuinnFreedman/modular/blob/main/modules/Drift/docs/images/01-drift-back.jpg https://github.com/QuinnFreedman/modular/blob/main/modules/Drift/docs/images/tutorial_01.jpg https://github.com/QuinnFreedman/modular/blob/main/modules/Drift/docs/images/tutorial_02.jpg https://github.com/QuinnFreedman/modular/blob/main/modules/Drift/docs/images/tutorial_03.jpg https://github.com/QuinnFreedman/modular/blob/main/modules/Drift/docs/images/tutorial_04.jpg https://github.com/QuinnFreedman/modular/blob/main/modules/Drift/docs/images/tutorial_06.jpg https://github.com/QuinnFreedman/modular/blob/main/modules/Drift/docs/images/tutorial_07.jpg https://github.com/QuinnFreedman/modular/blob/main/modules/Drift/docs/images/tutorial_08.jpg https://github.com/QuinnFreedman/modular/blob/main/modules/Drift/docs/images/tutorial_10.jpg https://github.com/QuinnFreedman/modular/blob/main/modules/Drift/docs/images/tutorial_11.jpg https://github.com/QuinnFreedman/modular/blob/main/modules/Drift/docs/images/tutorial_12.jpg https://github.com/QuinnFreedman/modular/blob/main/modules/Drift/docs/images/tutorial_13.jpg,https://github.com/QuinnFreedman/modular/blob/main/modules/Drift/docs/assembly_instructions.md
QuinnFreedman,Lights,LED strip controller (CV),CC BY-SA 4.0 (hardware),x,kicad,both,https://github.com/QuinnFreedman/modular/tree/main/modules/Lights,,,2HP · kicad,,
Vult,Fuser,"mixer (CV / audio, 6-ch or dual 3-ch)",,,,THT,https://github.com/vult-dsp/Vult-DIY-Resources/tree/main/Fuser,,,,,https://github.com/vult-dsp/Vult-DIY-Resources/blob/main/Fuser/Vult%20Fuser%20Build%20Guide.pdf
Korg + Vult,Vorg,VCF (MS-20 style),,,,both,https://github.com/vult-dsp/Vult-DIY-Resources/tree/main/Vorg,,,,,https://github.com/vult-dsp/Vult-DIY-Resources/blob/main/Vorg/Vorg%20Build%20Guide.pdf
Vult,Wolv,wave folder,,,,THT,https://github.com/vult-dsp/Vult-DIY-Resources/tree/main/Wolv,,,,,https://github.com/vult-dsp/Vult-DIY-Resources/blob/main/Wolv/Vult%20Wolv%20Build%20Guide.pdf
Blattwerk,Dual Ears,envelope follower / gate (dual),,https://github.com/Cs4System/Eurorack/blob/main/Dual%20Ears/PCB/dual_ears.pdf,kicad,SMD,https://github.com/Cs4System/Eurorack/tree/main/Dual%20Ears,,,4HP · kicad + svg + dxf,,
Sebastian Jazura,Sub Modulator (6HP),"sub-oscillator (/2 /3 /4, XOR)",CC BY-SA 4.0,https://github.com/diysynth/EURORACK-MODULES/blob/main/SUB%20MODULATOR%20%286HP%29/SubMod_Schematics.png,gerbers,,https://github.com/diysynth/EURORACK-MODULES/tree/main/SUB%20MODULATOR%20%286HP%29,,,6HP · gerbers,https://github.com/diysynth/EURORACK-MODULES/blob/main/SUB%20MODULATOR%20%286HP%29/submod1.jpg https://github.com/diysynth/EURORACK-MODULES/blob/main/SUB%20MODULATOR%20%286HP%29/submod2.jpg https://github.com/diysynth/EURORACK-MODULES/blob/main/SUB%20MODULATOR%20%286HP%29/submod3.jpg,
GroundGrown,2PLUS Osc Breakout Euro,oscillator breakout (2PLUS),,x,eagle + gerbers,SMD,https://github.com/GroundGrown/eurorack-modules/blob/main/2PLUS%20Osc%20Breakout%20Euro.brd,,,HP ? · eagle,,
GroundGrown,AC Mixer v2,mixer (AC-coupled),,x,eagle + gerbers,SMD,https://github.com/GroundGrown/eurorack-modules/blob/main/AC%20mixer%20v2.brd,,,8HP · eagle,,
GroundGrown,ADSR 7555,ADSR (7555),,x,eagle + gerbers,SMD,https://github.com/GroundGrown/eurorack-modules/blob/main/ADSR%207555%20MAIN.brd,,,4HP · eagle,,
GroundGrown,Angelo Dual Filter,VCF (dual),,x,eagle + gerbers,both,https://github.com/GroundGrown/eurorack-modules/blob/main/Angelo%20Dual%20Filter%20MAIN%20v1.brd,,,16HP · eagle + gerbers,,
GroundGrown,Attenuverting Mixer Slim,attenuverting mixer (slim),,x,eagle + gerbers,SMD,https://github.com/GroundGrown/eurorack-modules/blob/main/Attenuverting%20Mixer%20Slim%20main%20v1.brd,,,HP ? · eagle,,
GroundGrown,Attenuverting Mixer with Mutes,attenuverting mixer (with mutes),,x,eagle + gerbers,SMD,https://github.com/GroundGrown/eurorack-modules/blob/main/Attenuverting%20mixer%20mutes.brd,,,7HP · eagle,,
GroundGrown,Buffered Multiple,buffered multiple,,x,eagle + gerbers,SMD,https://github.com/GroundGrown/eurorack-modules/blob/main/buffered%20multiple.brd,,,4HP · eagle,,
GroundGrown,DLPG,LPG (dual),,x,eagle + gerbers,SMD,https://github.com/GroundGrown/eurorack-modules/blob/main/DLPG%20main%20v3.brd,,,8HP · eagle,,
GroundGrown,Delay / Chorus PT2399,delay / chorus (PT2399),,x,eagle + gerbers,both,https://github.com/GroundGrown/eurorack-modules/blob/main/Delay.Chorus%20PT2399%20MAIN%20v1.1.brd,,,8HP · eagle,,
GroundGrown,Dual VCLFO,"LFO (dual, VC)",,x,eagle + gerbers,SMD,https://github.com/GroundGrown/eurorack-modules/blob/main/Dual%20VCLFO%20MAIN.brd,,,6HP · eagle,,
GroundGrown,Four Monks Expander 1 (mix lvl),"expander (Four Monks, mix level)",,x,eagle + gerbers,THT,https://github.com/GroundGrown/eurorack-modules/blob/main/Four%20Monks%20Expander%201%20%28mix%20lvl%29.brd,,,4HP · eagle,,
GroundGrown,Gate to Trig Converter,gate to trigger,,x,eagle + gerbers,SMD,https://github.com/GroundGrown/eurorack-modules/blob/main/Gate%20to%20Trig%20Converter%20V1.brd,,,4HP · eagle,,
GroundGrown,Noise Percussion,percussion (noise),,x,eagle + gerbers,SMD,https://github.com/GroundGrown/eurorack-modules/blob/main/Noise%20Percussion%20main.brd,,,10HP · eagle,,
GroundGrown,Output Mixer,output mixer,,x,eagle + gerbers,SMD,https://github.com/GroundGrown/eurorack-modules/blob/main/Output%20Mixer%20v1.1.brd,,,10HP · eagle,,
GroundGrown,Passive Attenuator,attenuator (passive),,x,eagle + gerbers,THT,https://github.com/GroundGrown/eurorack-modules/blob/main/Passive%20Attn.brd,,,2HP · eagle,,
GroundGrown,Passive Mult,multiple (passive),,x,eagle + gerbers,THT,https://github.com/GroundGrown/eurorack-modules/blob/main/Passive%20Mult.brd,,,2HP · eagle,,
GroundGrown,Quad VCA,VCA (quad),,x,eagle + gerbers,SMD,https://github.com/GroundGrown/eurorack-modules/blob/main/Quad%20VCA%20MAIN%20v1.brd,See alt. version: Quad VCA (no pots),,HP ? · eagle,,
GroundGrown,Quad VCA (no pots),"VCA (quad, CV only)",,x,eagle + gerbers,SMD,https://github.com/GroundGrown/eurorack-modules/blob/main/Quad%20VCA%20MAIN%20v1.brd,See alt. version: Quad VCA,,HP ? · eagle,,
GroundGrown,Slew and Hold,slew / S&H,,x,eagle + gerbers,SMD,https://github.com/GroundGrown/eurorack-modules/blob/main/Slew%20and%20Hold%20v1.brd,,,4HP · eagle,,
GroundGrown,Trig to Gate Converter,trigger to gate,,x,eagle + gerbers,SMD,https://github.com/GroundGrown/eurorack-modules/blob/main/Trig%20to%20Gate%20Converter%20main%20V1.brd,,,8HP · eagle,,
GroundGrown,VC Panning Mixer,mixer (VC panning),,x,eagle + gerbers,SMD,https://github.com/GroundGrown/eurorack-modules/blob/main/VC%20Panning%20Mixer%20main.brd,,,6HP · eagle,,
GroundGrown,Wave Fold Osc,oscillator (wavefolding),,x,eagle + gerbers,SMD,https://github.com/GroundGrown/eurorack-modules/blob/main/Wave%20Fold%20Osc%20MAIN%20V2.1.brd,,,12HP · eagle,,
GroundGrown,Gate Delay v2,gate delay,,x,eagle + gerbers,SMD,https://github.com/GroundGrown/eurorack-modules/blob/main/gate%20delay%20v2%20main.brd,,,4HP · eagle,,
GroundGrown,Mixer 4x1,mixer (4x1),,x,eagle + gerbers,SMD,https://github.com/GroundGrown/eurorack-modules/blob/main/mixer%204x1%20v1.brd,,,4HP · eagle,,
Stroh Modular,Basic Angle 3.2,function generator (angle generator),custom (free for DIY; contact the author before retail),https://github.com/DrJ3RK/DrJ3RK/blob/main/Schematics/BasicAngle-3.2-Schematic.PDF,,,https://github.com/DrJ3RK/DrJ3RK/blob/main/Schematics/BasicAngle-3.2-Schematic.PDF,,,,,
Stroh Modular,Divider 1.1,clock divider,custom (free for DIY; contact the author before retail),https://github.com/DrJ3RK/DrJ3RK/blob/main/Schematics/Divider%20-%201.1%20-%20Schematic.PDF,,,https://github.com/DrJ3RK/DrJ3RK/blob/main/Schematics/Divider%20-%201.1%20-%20Schematic.PDF,,,,,
Stroh Modular,Dual Linear SSI2164 VCA 2.0,"VCA (dual linear, SSI2164)",custom (free for DIY; contact the author before retail),https://github.com/DrJ3RK/DrJ3RK/blob/main/Schematics/Dual-Linear-SSI2164VCA-2.0-Schematic.PDF,,,https://github.com/DrJ3RK/DrJ3RK/blob/main/Schematics/Dual-Linear-SSI2164VCA-2.0-Schematic.PDF,,,,,
Stroh Modular,DualPower Linear Power Supply 1.2,power supply (linear),custom (free for DIY; contact the author before retail),https://github.com/DrJ3RK/DrJ3RK/blob/main/Schematics/DualPower%20-%20Linear%20Power%20Supply%20-%201.2%200%20Schematic.PDF,,,https://github.com/DrJ3RK/DrJ3RK/blob/main/Schematics/DualPower%20-%20Linear%20Power%20Supply%20-%201.2%200%20Schematic.PDF,,,,,
Stroh Modular,Dual VCA 2.5,VCA (dual) / mixer,custom (free for DIY; contact the author before retail),https://github.com/DrJ3RK/DrJ3RK/blob/main/Schematics/DualVCA%20-%202.5%20-%20Schematic.PDF,,,https://github.com/DrJ3RK/DrJ3RK/blob/main/Schematics/DualVCA%20-%202.5%20-%20Schematic.PDF,,,,,
Stroh Modular,Excessively Complex VCO 1.5,VCO,custom (free for DIY; contact the author before retail),https://github.com/DrJ3RK/DrJ3RK/blob/main/Schematics/Excessively%20Complex%20VCO%20-%201.5%20-%20Schematic.PDF,,,https://github.com/DrJ3RK/DrJ3RK/blob/main/Schematics/Excessively%20Complex%20VCO%20-%201.5%20-%20Schematic.PDF,,,,,
Stroh Modular,FOLDY 1.1,wave folder,custom (free for DIY; contact the author before retail),https://github.com/DrJ3RK/DrJ3RK/blob/main/Schematics/FOLDY%20-%201.1%20-%20Schematic.PDF,,,https://github.com/DrJ3RK/DrJ3RK/blob/main/Schematics/FOLDY%20-%201.1%20-%20Schematic.PDF,,,,,
Stroh Modular,FlexFilter 1.2,VCF,custom (free for DIY; contact the author before retail),https://github.com/DrJ3RK/DrJ3RK/blob/main/Schematics/FlexFilter-1.2-Schematic.PDF,,,https://github.com/DrJ3RK/DrJ3RK/blob/main/Schematics/FlexFilter-1.2-Schematic.PDF,,,,,
Stroh Modular,LFO 1.1,LFO,custom (free for DIY; contact the author before retail),https://github.com/DrJ3RK/DrJ3RK/blob/main/Schematics/LFO%20-%201.1%20-%20Schematic.PDF,,,https://github.com/DrJ3RK/DrJ3RK/blob/main/Schematics/LFO%20-%201.1%20-%20Schematic.PDF,,,,,
Stroh Modular,MIX-O-TRON 3.1,mixer,custom (free for DIY; contact the author before retail),https://github.com/DrJ3RK/DrJ3RK/blob/main/Schematics/MIX-O-TRON-3.1-Schematic.PDF,,,https://github.com/DrJ3RK/DrJ3RK/blob/main/Schematics/MIX-O-TRON-3.1-Schematic.PDF,,,,,
Stroh Modular,NeoVCO Core Board 2.3,VCO (core board),custom (free for DIY; contact the author before retail),https://github.com/DrJ3RK/DrJ3RK/blob/main/Schematics/NeoVCO-Core-Board-2.3%20-%20Schematic.PDF,,,https://github.com/DrJ3RK/DrJ3RK/blob/main/Schematics/NeoVCO-Core-Board-2.3%20-%20Schematic.PDF,,,,,
Stroh Modular,NoLight LPG 1.2,LPG,custom (free for DIY; contact the author before retail),https://github.com/DrJ3RK/DrJ3RK/blob/main/Schematics/NoLightLPG-1.2-Schematic.PDF,,,https://github.com/DrJ3RK/DrJ3RK/blob/main/Schematics/NoLightLPG-1.2-Schematic.PDF,,,,,
Stroh Modular,Phase 1.2,phase shifter,custom (free for DIY; contact the author before retail),https://github.com/DrJ3RK/DrJ3RK/blob/main/Schematics/Phase%20-%201.2%20-%20Schematic.PDF,,,https://github.com/DrJ3RK/DrJ3RK/blob/main/Schematics/Phase%20-%201.2%20-%20Schematic.PDF,,,,,
Stroh Modular,Pretzel 1.1,logic (XOR / AND / OR),custom (free for DIY; contact the author before retail),https://github.com/DrJ3RK/DrJ3RK/blob/main/Schematics/Pretzel%20-%201.1%20-%20Schematic.PDF,,,https://github.com/DrJ3RK/DrJ3RK/blob/main/Schematics/Pretzel%20-%201.1%20-%20Schematic.PDF,,,,,
Stroh Modular,PulseLatch 1.3,logic (latch),custom (free for DIY; contact the author before retail),https://github.com/DrJ3RK/DrJ3RK/blob/main/Schematics/PulseLatch%20-%201.3%20-%20Schematic.PDF,,,https://github.com/DrJ3RK/DrJ3RK/blob/main/Schematics/PulseLatch%20-%201.3%20-%20Schematic.PDF,,,,,
Stroh Modular,SHIFTY Register 1.3,shift register,custom (free for DIY; contact the author before retail),https://github.com/DrJ3RK/DrJ3RK/blob/main/Schematics/SHIFTY-Register%20-%201.3%20-%20Schematic.PDF,,,https://github.com/DrJ3RK/DrJ3RK/blob/main/Schematics/SHIFTY-Register%20-%201.3%20-%20Schematic.PDF,,,,,
Stroh Modular,Sample And/Or Hold 1.4,S&H / T&H,custom (free for DIY; contact the author before retail),https://github.com/DrJ3RK/DrJ3RK/blob/main/Schematics/Sample-AndOr-Hold%20-%201.4%20-%20Schematic.PDF,,,https://github.com/DrJ3RK/DrJ3RK/blob/main/Schematics/Sample-AndOr-Hold%20-%201.4%20-%20Schematic.PDF,,,,,
Stroh Modular,Scale and Translate 1.1,scale / offset (CV),custom (free for DIY; contact the author before retail),https://github.com/DrJ3RK/DrJ3RK/blob/main/Schematics/ScaleAndTranslate%20-%201.1%20-%20Schematic.PDF,,,https://github.com/DrJ3RK/DrJ3RK/blob/main/Schematics/ScaleAndTranslate%20-%201.1%20-%20Schematic.PDF,,,,,
Stroh Modular,Smooth It 2.0,slew (VC),custom (free for DIY; contact the author before retail),https://github.com/DrJ3RK/DrJ3RK/blob/main/Schematics/Smooth%20It%20-%20VC%20Slew%20-%202.0%20-%20Schematic.PDF,,,https://github.com/DrJ3RK/DrJ3RK/blob/main/Schematics/Smooth%20It%20-%20VC%20Slew%20-%202.0%20-%20Schematic.PDF,,,,,
Stroh Modular,Sreddal Filter 1.0,VCF (ladder),custom (free for DIY; contact the author before retail),https://github.com/DrJ3RK/DrJ3RK/blob/main/Schematics/Sreddal-Filter%20-%201.0%20-%20Schematic.PDF,,,https://github.com/DrJ3RK/DrJ3RK/blob/main/Schematics/Sreddal-Filter%20-%201.0%20-%20Schematic.PDF,,,,,
Stroh Modular,SterereO Stereo Output Mixer 1.1,output mixer (stereo),custom (free for DIY; contact the author before retail),https://github.com/DrJ3RK/DrJ3RK/blob/main/Schematics/SterereO-Stereo%20Output%20Mixer%20-%201.1%20-%20Schematic.PDF,,,https://github.com/DrJ3RK/DrJ3RK/blob/main/Schematics/SterereO-Stereo%20Output%20Mixer%20-%201.1%20-%20Schematic.PDF,,,,,
Stroh Modular,Transform 2.2,mixer / offset (CV),custom (free for DIY; contact the author before retail),https://github.com/DrJ3RK/DrJ3RK/blob/main/Schematics/Transform%20-%202.2%20-%20Schematic.PDF,,,https://github.com/DrJ3RK/DrJ3RK/blob/main/Schematics/Transform%20-%202.2%20-%20Schematic.PDF,,,,,
Stroh Modular,Voltage Controlled Angle Generator Plus 3.1,function generator (VC angle generator),custom (free for DIY; contact the author before retail),https://github.com/DrJ3RK/DrJ3RK/blob/main/Schematics/Voltage%20Controlled%20Angle%20Generator%20Plus%20-%203.1%20-%20Schematic.PDF,,,https://github.com/DrJ3RK/DrJ3RK/blob/main/Schematics/Voltage%20Controlled%20Angle%20Generator%20Plus%20-%203.1%20-%20Schematic.PDF,,,,,
Bastl Instruments,Cinnamon,"VCF (state-variable, VC)",CC BY-SA,https://github.com/bastl-instruments/bastlSchematics/blob/master/CINNAMON_V1.2.pdf,,,https://github.com/bastl-instruments/bastlSchematics/blob/master/CINNAMON_V1.2.pdf,,,,,
Bastl Instruments,Ciao!,output (quad line out / headphone amp),CC BY-SA,https://github.com/bastl-instruments/bastlSchematics/blob/master/CIAO%21_V1.1.pdf,,,https://github.com/bastl-instruments/bastlSchematics/blob/master/CIAO%21_V1.1.pdf,,,,,
Bastl Instruments,Little Nerd,clock / trigger / gate processor,CC BY-SA,https://github.com/bastl-instruments/bastlSchematics/blob/master/LITTLE_NERD_V1.1.pdf,,,https://github.com/bastl-instruments/bastlSchematics/blob/master/LITTLE_NERD_V1.1.pdf,,,,,
Bastl Instruments,Popcorn,sequencer (non-linear CV),CC BY-SA,https://github.com/bastl-instruments/bastlSchematics/blob/master/POPCORN_V1.1%20%2B%20EXPANDERS.pdf,,,https://github.com/bastl-instruments/bastlSchematics/blob/master/POPCORN_V1.1%20%2B%20EXPANDERS.pdf,,,,,
Bastl Instruments,Quattro Figaro,"VCA (quad, CV inverters, mixed outputs)",CC BY-SA,https://github.com/bastl-instruments/bastlSchematics/blob/master/QUATTRO_FIGARO_V1.3.pdf,,,https://github.com/bastl-instruments/bastlSchematics/blob/master/QUATTRO_FIGARO_V1.3.pdf,,,,,
Bastl Instruments,Solenoid,solenoid driver (quad trigger),CC BY-SA,https://github.com/bastl-instruments/bastlSchematics/blob/master/SOLENOID_V1.1%20%2B%20EXPANDER.pdf,,,https://github.com/bastl-instruments/bastlSchematics/blob/master/SOLENOID_V1.1%20%2B%20EXPANDER.pdf,,,,,
Bastl Instruments,DC Motor,DC motor driver (dual bipolar),CC BY-SA,https://github.com/bastl-instruments/bastlSchematics/blob/master/DC_MOTOR_V1.1.pdf,,,https://github.com/bastl-instruments/bastlSchematics/blob/master/DC_MOTOR_V1.1.pdf,,,,,
Bastl Instruments,Servo,servo driver (dual CV),CC BY-SA,https://github.com/bastl-instruments/bastlSchematics/blob/master/SERVO_V1.1.pdf,,,https://github.com/bastl-instruments/bastlSchematics/blob/master/SERVO_V1.1.pdf,,,,,
Bastl Instruments,CV Trinity,modulation source (hex CV),CC BY-SA,https://github.com/bastl-instruments/bastlSchematics/blob/master/CV_TRINITY_V1.3%20%2B%20EXPANDER.pdf,,,https://github.com/bastl-instruments/bastlSchematics/blob/master/CV_TRINITY_V1.3%20%2B%20EXPANDER.pdf,,,,,
Bastl Instruments,grandPA,granular sampler (dual),CC BY-SA,https://github.com/bastl-instruments/bastlSchematics/blob/master/GRANDPA_V1.2.pdf,,,https://github.com/bastl-instruments/bastlSchematics/blob/master/GRANDPA_V1.2.pdf,,,,,
Bastl Instruments,Spa,expander (grandPA),CC BY-SA,https://github.com/bastl-instruments/bastlSchematics/blob/master/SPA_V1.1.pdf,,,https://github.com/bastl-instruments/bastlSchematics/blob/master/SPA_V1.1.pdf,,,,,
Bastl Instruments,Tea Kick,"drum voice (analog, kick)",CC BY-SA,https://github.com/bastl-instruments/bastlSchematics/blob/master/TEA_KICK_V1.1.pdf,,,https://github.com/bastl-instruments/bastlSchematics/blob/master/TEA_KICK_V1.1.pdf,,,,,
Bastl Instruments,Skis,envelope (dual decay) / VCA,CC BY-SA,https://github.com/bastl-instruments/bastlSchematics/blob/master/SKIS_1.2.pdf,,,https://github.com/bastl-instruments/bastlSchematics/blob/master/SKIS_1.2.pdf,,,,,
Bastl Instruments,ABC,mixer (6-ch),CC BY-SA,https://github.com/bastl-instruments/bastlSchematics/blob/master/ABC_V1.1.pdf,,,https://github.com/bastl-instruments/bastlSchematics/blob/master/ABC_V1.1.pdf,,,,,
Bastl Instruments,Tromso,VCO / comparator / S&H,CC BY-SA,https://github.com/bastl-instruments/bastlSchematics/blob/master/TROMSO_V1.0.pdf,,,https://github.com/bastl-instruments/bastlSchematics/blob/master/TROMSO_V1.0.pdf,,,,,
Bastl Instruments,Propust,filter (triple passive),CC BY-SA,https://github.com/bastl-instruments/bastlSchematics/blob/master/PROPUST_V1.0.pdf,,,https://github.com/bastl-instruments/bastlSchematics/blob/master/PROPUST_V1.0.pdf,,,,,
Bastl Instruments,Dynamo,dynamics processor,CC BY-SA,https://github.com/bastl-instruments/bastlSchematics/blob/master/DYNAMO_V1.1.pdf,,,https://github.com/bastl-instruments/bastlSchematics/blob/master/DYNAMO_V1.1.pdf,,,,,
Bastl Instruments,Hendrikson,instrument amplifier / CV crossfader,CC BY-SA,https://github.com/bastl-instruments/bastlSchematics/blob/master/HENDRIKSON_V1.1.pdf,eagle,SMD,https://github.com/bastl-instruments/bastlSchematics/blob/master/HENDRIKSON_V1.1.pdf,,,,,
Mutable Instruments + Sluisbrinkie,Andes (10HP),"modulation / drum (Peaks-based, adds CV inputs)",CC BY-SA 4.0,x,kicad + gerbers,THT,https://github.com/niektb/sluisbrinkie-eurorack-published/tree/main/Andes/Hardware/andes_10hp,"See alt. version (8HP SMD, 12HP)",,10HP · gerbers,,
Mutable Instruments + Sluisbrinkie,Andes (12HP),"modulation / drum (Peaks-based, adds CV inputs)",CC BY-SA 4.0,x,kicad,THT,https://github.com/niektb/sluisbrinkie-eurorack-published/tree/main/Andes/Hardware/andes_12hp,"See alt. version (8HP SMD, 10HP); README 2024 called the 12HP layout WIP, synced with 8HP 2025-02-02",?,,,
Mutable Instruments + Sluisbrinkie,"Andes (8HP, SMD)","modulation / drum (Peaks-based, adds CV inputs)",CC BY-SA 4.0,x,kicad + gerbers,SMD,https://github.com/niektb/sluisbrinkie-eurorack-published/tree/main/Andes/Hardware/andes_8hp,"See alt. version (10HP, 12HP); stacked back + front PCB (front_pcb/)",,8HP · kicad + gerbers + 3D,,
Sluisbrinkie + poetaster,Mutable Meta Module (MMM),DSP platform (hardware for arduinoMI Mutable Instruments ports),CC BY-SA 4.0,https://github.com/niektb/sluisbrinkie-eurorack-published/blob/main/Mutable%20Meta%20Module/Hardware/Schematic%20PDF/MMM_main.pdf,kicad + gerbers,SMD,https://github.com/niektb/sluisbrinkie-eurorack-published/tree/main/Mutable%20Meta%20Module/Hardware,"README: work-in-progress, don't build yet",X,8HP · kicad + gerbers,,
Sluisbrinkie,Braun,"oscilloscope (4-channel, RP2040)",CC BY-SA 4.0,x,kicad,SMD,https://github.com/niektb/sluisbrinkie-eurorack-published/tree/main/Sluisbrinkie%20Braun/Hardware/PI_SCOPE,,,8HP · kicad,,
Sluisbrinkie,DIVN,clock divider,CC BY-SA 4.0,https://github.com/niektb/sluisbrinkie-eurorack-published/blob/main/Sluisbrinkie%20DIVN/divn/divn.pdf,kicad,SMD,https://github.com/niektb/sluisbrinkie-eurorack-published/tree/main/Sluisbrinkie%20DIVN/divn,,,,,
Sluisbrinkie,Shannon,effects (FV-1 DSP),CC BY-SA 4.0,x,kicad,SMD,https://github.com/niektb/sluisbrinkie-eurorack-published/tree/main/Sluisbrinkie%20Shannon,stacked: fv1_module + fv1_front_module,,,,
Sluisbrinkie,Toepler+,"oscillator / synth voice (programmable RP2040, MIDI)",CC BY-SA 4.0,x,kicad,both,https://github.com/niektb/sluisbrinkie-eurorack-published/tree/main/Sluisbrinkie%20Toepler%2B/Hardware/toepler_plus,stacked back + front PCB,,,,
hallmar,Fjöl,synth voice (4-voice MIDI phase-modulation),,https://github.com/hallmar/Eurorack-Modules/blob/master/Fj%C3%B6l-v0.6/Hardware/Untitled.pdf,kicad + gerbers,SMD,https://github.com/hallmar/Eurorack-Modules/tree/master/Fj%C3%B6l-v0.6/Hardware,"README: deprecated project, kept for archiving; stacked main + top board (fjol.kicad_pcb + top-board/fjol-top.kicad_pcb); copies/backups excluded",,HP ? · kicad + gerbers + svg,https://github.com/hallmar/Eurorack-Modules/blob/master/Fj%C3%B6l-v0.6/Documentation/IMG_6093.jpeg https://github.com/hallmar/Eurorack-Modules/blob/master/Fj%C3%B6l-v0.6/Documentation/fjol.jpeg,
hallmar,Jump,"utility (case-to-case link, 11 signals)",,x,eagle,THT,https://github.com/hallmar/Eurorack-Modules/tree/master/Jump/hardware,,,4HP · eagle,,
hallmar,Polyg v2,"synth voice (8-voice MIDI, Teensy)",,x,kicad + gerbers,SMD,https://github.com/hallmar/Eurorack-Modules/tree/master/Polyg%20v2/hardware,,,8HP · eagle,https://github.com/hallmar/Eurorack-Modules/blob/master/Polyg%20v2/images/polyg.jpg,
hallmar,Tvinna,"audio interface (2-in USB, Teensy 3.2)",,x,eagle,SMD,https://github.com/hallmar/Eurorack-Modules/tree/master/Tvinna/Hardware,,,4HP · eagle,,
Electric Noodle Box,Llethrau,slew / sample & hold / trigger processor,CERN-OHL-W-2.0,https://github.com/AidanTek/ElectricNoodleBox/blob/master/ModularSeries/Llethrau/Llethrau-schem.png,eagle,THT,https://github.com/AidanTek/ElectricNoodleBox/tree/master/ModularSeries/Llethrau,stacked main + Controls board (counted together),,,,
Electric Noodle Box,The Left Hand Path,chaos / random voltage source,CERN-OHL-W-2.0,https://github.com/AidanTek/ElectricNoodleBox/blob/master/ModularSeries/TheLeftHandPathFoC/Controls/LeftHandPath_Controls-schem.pdf,eagle,THT,https://github.com/AidanTek/ElectricNoodleBox/tree/master/ModularSeries/TheLeftHandPathFoC,stacked main + Controls board (counted together),,HP ? · eagle,,
Electric Noodle Box,The Right Hand Path SVG,"sequencer (sequential voltage generator, ATtiny861)",CERN-OHL-W-2.0,https://github.com/AidanTek/ElectricNoodleBox/blob/master/ModularSeries/TheRightHandPathSVG/TheRightHandPathSVG-schem.pdf,eagle,THT,https://github.com/AidanTek/ElectricNoodleBox/tree/master/ModularSeries/TheRightHandPathSVG,"stacked main + Controls board (Controls_v2 counted, v1 superseded)",,,,
Super Synthesis,PHRSR,sequencer (2-ch step / knob recorder),CC0-1.0,https://github.com/supersynthesis/eurorack/blob/main/Production%20Modules/PHRSR/PHRSR_REV7_SCHEMATIC.pdf,diptrace + gerbers,SMD,https://github.com/supersynthesis/eurorack/tree/main/Production%20Modules/PHRSR,,,6HP · gerbers + ai,,
Super Synthesis,ROOM,reverb,CC0-1.0,,gerbers,SMD,https://github.com/supersynthesis/eurorack/tree/main/Production%20Modules/ROOM/jlcpcb,DipTrace sources in ROOM/diptrace; counts from the JLCPCB BOM,,6HP · gerbers,,
Super Synthesis,SCANNER,crossfader / scanner (CV morph),CC0-1.0,https://github.com/supersynthesis/eurorack/blob/main/Production%20Modules/SCANNER/SCANNER_REV2_SCHEMATIC.pdf,diptrace + gerbers,SMD,https://github.com/supersynthesis/eurorack/tree/main/Production%20Modules/SCANNER,,,6HP · gerbers + ai,,
Super Synthesis,PNGBL,"VCF (state-variable, pingable)",CC0-1.0,https://github.com/supersynthesis/eurorack/blob/main/Unreleased/PNGBL/SVF_V2.pdf,diptrace + gerbers,SMD,https://github.com/supersynthesis/eurorack/tree/main/Unreleased/PNGBL,Unreleased/ folder (not sold),?,6HP · gerbers,,
vauxflores,Duber,VCF,,x,eagle + gerbers,both,https://github.com/vauxflores/Electronics/tree/master/Eurorack/Duber/Revision,Revision folder (Version 1 superseded),,14HP · gerbers,,
vauxflores,Fabrica de Unicornios Muertos,VCF (switched-capacitor),,x,eagle + gerbers,THT,https://github.com/vauxflores/Electronics/tree/master/Eurorack/Fabrica,,,6HP · eagle + gerbers,,
HAGIWO + mzuelch,HAGIWO Arduino VCO,VCO (Arduino; 2-op FM / additive / chord firmwares),MIT,x,kicad + gerbers,SMD,https://github.com/mzuelch/CATs-Eurosynth/tree/main/Modules/HAGIWO/Arduino%20VCO,"one main board, three alternative front panels (one per firmware)",,,,
HAGIWO + mzuelch,HAGIWO MultiOut,"quantizer / CV output (XIAO + 2x MCP4725, multi-firmware)",MIT,x,kicad + gerbers,SMD,https://github.com/mzuelch/CATs-Eurosynth/tree/main/Modules/HAGIWO/Multiout,main + control + front boards,,HP ? · dxf,,
YuSynth + mzuelch,YuSynth Improved Steiner VCF,VCF (Steiner-Parker),MIT,x,kicad + gerbers,SMD,https://github.com/mzuelch/CATs-Eurosynth/tree/main/Modules/YuSynth/Improved%20Steiner%20VCF,"main + control + front boards (one module, not a collection)",,,https://github.com/mzuelch/CATs-Eurosynth/blob/main/Modules/YuSynth/Improved%20Steiner%20VCF/Documentation/Rendering.jpg,
Deftaudio,Eurorack Compute,computer mount (PC faceplate + eurorack-to-USB 5V power adapter),BSD,,,,https://github.com/Deftaudio/Midi-boards/tree/master/Eurorack_Compute,,,,https://github.com/Deftaudio/Midi-boards/blob/master/Eurorack_Compute/Eurorack_Compute_Andgle1.jpg https://github.com/Deftaudio/Midi-boards/blob/master/Eurorack_Compute/Eurorack_Compute_Andgle2.jpg https://github.com/Deftaudio/Midi-boards/blob/master/Eurorack_Compute/Eurorack_Compute_Andgle3.jpg https://github.com/Deftaudio/Midi-boards/blob/master/Eurorack_Compute/Eurorack_Compute_Front.jpg,
Mutable Instruments,Warps,meta-modulator,CC BY-SA 3.0 (hardware) / MIT (STM32 code) / GPL v3 (AVR code),x,eagle,SMD,https://github.com/pichenettes/eurorack/tree/master/warps/hardware_design,,,HP ? · ai,,
Mutable Instruments,Yarns,"MIDI interface (MIDI to CV/gate, arpeggiator)",CC BY-SA 3.0 (hardware) / MIT (STM32 code) / GPL v3 (AVR code),x,eagle,SMD,https://github.com/pichenettes/eurorack/tree/master/yarns/hardware_design,,,HP ? · ai,,
odeliy,Anomaly,VCF,,x,kicad + gerbers,SMD,https://github.com/odeliy/noise-reap/tree/master/modules/anomaly,,,6HP · kicad + gerbers,,
odeliy,Foundation,"drum voice (bass drum, electro-organic)",,x,kicad + gerbers,SMD,https://github.com/odeliy/noise-reap/tree/master/modules/foundation,,,10HP · kicad + gerbers,,
odeliy,Paradox,VCO (complex),,x,kicad + gerbers,SMD,https://github.com/odeliy/noise-reap/tree/master/modules/paradox,,,8HP · kicad + gerbers,,
shannon-greenlight,Bonk Daddy (2HP),"expander (Bonkulator: front-panel USB, power sensing)",GPL v3,https://github.com/shannon-greenlight/bonkulator/blob/main/BonkDaddy/BonkDaddy2HP_Board/BonkDaddy2HP_Board.pdf,kicad + gerbers,SMD,https://github.com/shannon-greenlight/bonkulator/tree/main/BonkDaddy/BonkDaddy2HP_Board,See alt. version (Bonk Daddy),,,,
shannon-greenlight,Bonk Daddy,"expander (Bonkulator: front-panel USB, power sensing)",GPL v3,https://github.com/shannon-greenlight/bonkulator/blob/main/BonkDaddy/BonkDaddyBoard/BonkDaddyBoard.pdf,kicad + gerbers,THT,https://github.com/shannon-greenlight/bonkulator/tree/main/BonkDaddy/BonkDaddyBoard,See alt. version (Bonk Daddy 2HP),,,,
coriolisinstruments,Corona,"tube drive (vacuum tube, feedback control)",,x,kicad + gerbers,THT,https://github.com/coriolisinstruments/EurorackModules/tree/master/Corona/hardware,README status: prototyping (2018); 2 boards,X,16HP · kicad + gerbers + pdf,,
coriolisinstruments,Multibus,"buffered multiple / CV distribution (9x 1-to-3, mixable)",,https://github.com/coriolisinstruments/EurorackModules/blob/master/Multibus/hardware/Multibus/schematics.pdf,kicad + gerbers,SMD,https://github.com/coriolisinstruments/EurorackModules/tree/master/Multibus/hardware/Multibus,README: prototyping,X,,,
tpcarlson,Cornucopia,"power supply (for Doepfer busboards, external brick)",CERN-OHL-P v2,x,kicad,SMD,https://github.com/tpcarlson/synth-diy/tree/main/cornucopia/hardware/cornucopia,,,,,
Mutable Instruments + tpcarlson,Lattice,"drum sequencer (Grids clone, THT)",CC BY-NC-SA 4.0,x,kicad,THT,https://github.com/tpcarlson/synth-diy/tree/main/lattice/lattice,README: UNTESTED,X,,,
BurningForceKin,Omnitool,"utility (button, glide, manual CV, sample & hold)",,x,,THT,https://github.com/BurningForceKin/ModularSynthStuff/tree/gh-pages/Omnitool,main + control boards (gerbers only),,HP ? · 3D,,
BurningForceKin,Wesp,"VCF (Wasp-style, CD4069 + LM13700)",,x,,THT,https://github.com/BurningForceKin/ModularSynthStuff/tree/gh-pages/Wesp,"V1 (Wesp.sch, gerbers) and WespV2/ (gerbers + BOM) in this folder; main + control boards",,HP ? · 3D,,
Kymatica Devices + RYO (Ljunggren Audio),2xVCX,VCA (dual) / crossfader / four-quadrant multiplier,CC0,https://github.com/LjungrennAudio/ryomodular-com-2xvcx/blob/main/docs/RYO%202xVCX%20schematic.pdf,,,https://github.com/LjungrennAudio/ryomodular-com-2xvcx,,,,,https://github.com/LjungrennAudio/ryomodular-com-2xvcx/blob/main/docs/RYO%202xVCX%20Assembly%20Guide.pdf https://github.com/LjungrennAudio/ryomodular-com-2xvcx/blob/main/docs/docs_src/RYO_2xVCX_Assembly_Guide.pdf
Moog + cslammy,CP3 (clone),mixer (Moog CP3 clone),MIT,https://github.com/cslammy/CP3/blob/main/CP3%20schematics%207-22-PCB%20layouts-NOS%20transistor%20info.pdf,gerbers,THT,https://github.com/cslammy/CP3,,,HP ? · gerbers,,
Mystic Circuits,Vert,sample & hold / DAC,CC BY-SA 3.0,x,eagle + gerbers,both,https://github.com/mysticcircuits/Vert,,,,,
Meng Qi + scanner darkly,two > one,switch (2 to 1),CC BY-SA 4.0,,gerbers,,https://github.com/scanner-darkly/two-one/tree/main/tgo%20core,gerbers + .numbers BOMs only; README asks derivatives not to use the names,,,,
Pl0p,GateOmatix,"gate sequencer (64-step, 8 parts)",,https://github.com/Pl0p/Modular_Synth/blob/main/OLD/GateOmatix/Hardware/Main_board.pdf,kicad + gerbers,THT,https://github.com/Pl0p/Modular_Synth/tree/main/OLD/GateOmatix/Hardware,in the repo's OLD/ folder; main + CPU boards,,,https://github.com/Pl0p/Modular_Synth/blob/main/OLD/GateOmatix/Hardware/Kicad/Main_board.png,
Emute-Lab-Instruments,uSEQ Ins 1.0,"sequencer (livecodeable, RP2040; uSEQ variant board)",,x,kicad,SMD,https://github.com/Emute-Lab-Instruments/uSEQ/tree/main/hardware/uSeqIns1.0,"See alt. version (uSEQ, p424); not described in hardware.md",,,,
nanassound,Mini (USB-C power supply) V3.0,"power supply (USB-C, +/-12V + 5V)",CC BY-SA 4.0,https://github.com/nanassound/eurorack-nanassound/blob/main/Mini/V3.0/V3.0.pdf,kicad + gerbers,SMD,https://github.com/nanassound/eurorack-nanassound/tree/main/Mini/V3.0,V3.0 is the newest of V1.0-V3.0,,,,
yorkmodular-cc,Resonant BPF (2HP),"filter (resonant band-pass, fixed)",CC BY-SA 4.0,https://github.com/yorkmodular-cc/resonant-filters/blob/main/rbpf-schematic.png,kicad,SMD,https://github.com/yorkmodular-cc/resonant-filters,"panel: 2hp-bpf-panel.kicad_pcb; See alt. version (Resonant HPF) - the repo description also names a low-pass, but no LP board is in the repo",,,,
little-scale,4022 Eight Stage Counter,"counter / sequencer (8-stage, CD4022)",,https://github.com/little-scale/eurorack/blob/master/4000-series/4022_counter.sch,eagle,THT,https://github.com/little-scale/eurorack/tree/master/4000-series,one of four 4000-series boards in 4000-series/,,,,
little-scale,4024 Seven Stage Binary Counter,"clock divider (7-stage binary counter, CD4024)",,https://github.com/little-scale/eurorack/blob/master/4000-series/4024_bin_counter.sch,eagle,THT,https://github.com/little-scale/eurorack/tree/master/4000-series,one of four 4000-series boards in 4000-series/,,,,
little-scale,4028 Binary Addressable Sequencer,"sequencer (binary addressable, CD4028)",,https://github.com/little-scale/eurorack/blob/master/4000-series/4028_bcd.sch,eagle,THT,https://github.com/little-scale/eurorack/tree/master/4000-series,one of four 4000-series boards in 4000-series/,,,,
little-scale,4093 Quad LFO,"LFO (quad, CD4093)",,https://github.com/little-scale/eurorack/blob/master/4000-series/4093_quad_lfo.sch,eagle,THT,https://github.com/little-scale/eurorack/tree/master/4000-series,one of four 4000-series boards in 4000-series/,,,,
nickajeglin,Mixer (mix),mixer,,https://github.com/nickajeglin/Eurorack-pcbs/blob/master/Mixer/mix.sch,kicad,SMD,https://github.com/nickajeglin/Eurorack-pcbs/tree/master/Mixer,"See alt. version (three mixer boards in Mixer/: mix, simplemix, simplemixsmall)",,,,
nickajeglin,Mixer (simplemix),mixer,,https://github.com/nickajeglin/Eurorack-pcbs/blob/master/Mixer/simplemix.sch,kicad,both,https://github.com/nickajeglin/Eurorack-pcbs/tree/master/Mixer,"See alt. version (three mixer boards in Mixer/: mix, simplemix, simplemixsmall)",,,,
nickajeglin,Mixer (simplemix small),mixer,,x,kicad,SMD,https://github.com/nickajeglin/Eurorack-pcbs/tree/master/Mixer,"See alt. version (three mixer boards in Mixer/: mix, simplemix, simplemixsmall)",,,,
minisystem,860,VCF (multimode),,x,kicad + gerbers,SMD,https://github.com/minisystem/860,"main board 860.kicad_pcb counted; 860_backplane(_2) back panel, 860_panelized and no_future.kicad_pcb boards not counted",,HP ? · kicad + gerbers + svg + pdf,,
microresearch,ERD/SIR,"pattern / waveform generator (stochastic, epidemic-simulation)",,https://github.com/microresearch/ERD/blob/master/ERDERD.pdf,kicad + gerbers,,https://github.com/microresearch/ERD,shares the repo root with ERD/ERD; manual erdsir_modes_reader.pdf,,,,
todbot,Trinket Touring Machine,"algorithmic melody generator (Turing Machine homage, Trinket M0)",GPL v3,https://github.com/todbot/TrinketTouringMachine/blob/master/firmware/pot-button-trinket-test/pot-button-test-schematic.png,eagle,THT,https://github.com/todbot/TrinketTouringMachine,touringmach3 is the newest of touringmach0-3 (older boards not counted); TrinketTrigger.brd in the same folder still to check,,4HP · eagle,,
Lars Bengtsson (L71),Eurorack Mini PSU,"power supply (switching, Traco DC converter)",CC BY-SA,x,eagle,THT,https://github.com/L71/small_projects,"one of several boards in the small_projects root; breakouts, breadboard adapters, test boards and blank panels there are not modules",,,,
Lars Bengtsson (L71),Eurorack +5V adapter,"power (+5V from -12V, DC-DC)",CC BY-SA,x,eagle,SMD,https://github.com/L71/small_projects,"one of several boards in the small_projects root; breakouts, breadboard adapters, test boards and blank panels there are not modules",,,,
Lars Bengtsson (L71),Passive LPG,LPG (passive),CC BY-SA,x,eagle,THT,https://github.com/L71/small_projects,"one of several boards in the small_projects root; breakouts, breadboard adapters, test boards and blank panels there are not modules",,4HP · svg,,
Voltage Foundry Modular,ClockForge,"clock generator / modulation source (4 outs: mult/div, Euclidean, envelopes)",GPL v3,x,kicad,both,https://github.com/VoltageFoundryMod/ForgeSeries/tree/main/apps/clk,"one firmware app of the ForgeSeries platform (6HP, XIAO RP2040, OLED, 3 CV in / 4 out); hardware: https://github.com/VoltageFoundryMod/ForgeSeries-Hardware (MainPCB_SMD_V3.1 + ControlPCB_SMD_V3.1); same hardware as the other Forge apps",,,https://github.com/VoltageFoundryMod/ForgeSeries/blob/main/apps/clk/docs/XIAO_RP2040.png,
Voltage Foundry Modular,NoteForge,quantizer (dual),GPL v3,x,kicad,both,https://github.com/VoltageFoundryMod/ForgeSeries/tree/main/apps/dq,"one firmware app of the ForgeSeries platform (6HP, XIAO RP2040, OLED, 3 CV in / 4 out); hardware: https://github.com/VoltageFoundryMod/ForgeSeries-Hardware (MainPCB_SMD_V3.1 + ControlPCB_SMD_V3.1); same hardware as the other Forge apps",,,,
Voltage Foundry Modular,GravityForge,generative sequencer (physics-based),GPL v3,x,kicad,both,https://github.com/VoltageFoundryMod/ForgeSeries/tree/main/apps/gen,"one firmware app of the ForgeSeries platform (6HP, XIAO RP2040, OLED, 3 CV in / 4 out); hardware: https://github.com/VoltageFoundryMod/ForgeSeries-Hardware (MainPCB_SMD_V3.1 + ControlPCB_SMD_V3.1); same hardware as the other Forge apps",,,,
Voltage Foundry Modular,ForgeView,oscilloscope / spectrum analyzer / tuner,GPL v3,x,kicad,both,https://github.com/VoltageFoundryMod/ForgeSeries/tree/main/apps/scp,"one firmware app of the ForgeSeries platform (6HP, XIAO RP2040, OLED, 3 CV in / 4 out); hardware: https://github.com/VoltageFoundryMod/ForgeSeries-Hardware (MainPCB_SMD_V3.1 + ControlPCB_SMD_V3.1); same hardware as the other Forge apps",,,,
Voltage Foundry Modular,ChaosForge,chaos / modulation source (dual strange attractor),GPL v3,x,kicad,both,https://github.com/VoltageFoundryMod/ForgeSeries/tree/main/apps/att,"one firmware app of the ForgeSeries platform (6HP, XIAO RP2040, OLED, 3 CV in / 4 out); hardware: https://github.com/VoltageFoundryMod/ForgeSeries-Hardware (MainPCB_SMD_V3.1 + ControlPCB_SMD_V3.1); same hardware as the other Forge apps",,,,
Voltage Foundry Modular,WeaveForge,Analog Shift Register / Turing Machine sequencer (dual shift register),GPL v3,x,kicad,both,https://github.com/VoltageFoundryMod/ForgeSeries/tree/main/apps/wea,"one firmware app of the ForgeSeries platform (6HP, XIAO RP2040, OLED, 3 CV in / 4 out); hardware: https://github.com/VoltageFoundryMod/ForgeSeries-Hardware (MainPCB_SMD_V3.1 + ControlPCB_SMD_V3.1); same hardware as the other Forge apps",,,,
Voltage Foundry Modular,Forge Expander 1,expander (4 outputs + 1 CV input for a Forge host),GPL v3,x,kicad,SMD,https://github.com/VoltageFoundryMod/ForgeSeries/tree/main/apps/exp1,hardware: https://github.com/VoltageFoundryMod/ForgeSeries-Hardware (Kicad/Expander-4Outs1In_V1.0); Expander2_V1.0 there is not documented yet,,,,
Neutron Sound,QVCA,"VCA (quad, with mix)",,https://github.com/jakplugg/Neutron_Sound_build_docs/blob/master/DipTrace%20Schematic%20-%20qvca.pdf,,,https://github.com/jakplugg/Neutron_Sound_build_docs,docs repo: QVCA schematic + build guide; QAT (quad attenuverter) and Orgone Accumulator V3 have build guides only (Orgone has its own row from jakplugg/Orgone-accumulator),,,https://github.com/jakplugg/Neutron_Sound_build_docs/blob/master/qat%20component%20side.jpg https://github.com/jakplugg/Neutron_Sound_build_docs/blob/master/qat%20negative%20points.jpg https://github.com/jakplugg/Neutron_Sound_build_docs/blob/master/qat%20positive%20points.jpg https://github.com/jakplugg/Neutron_Sound_build_docs/blob/master/qat_control_side.jpg https://github.com/jakplugg/Neutron_Sound_build_docs/blob/master/qvca%20negative%20points.jpg https://github.com/jakplugg/Neutron_Sound_build_docs/blob/master/qvca%20positive%20points.jpg https://github.com/jakplugg/Neutron_Sound_build_docs/blob/master/qvca_component_side.jpg https://github.com/jakplugg/Neutron_Sound_build_docs/blob/master/qvca_control_side.jpg,https://github.com/jakplugg/Neutron_Sound_build_docs/blob/master/Neutron%20Sound%20Orgone%20Accumulator%20V3%20Build%20Guide%20LQ.pdf
shorepine,AMYboard,"synth voice (AMY engine: Juno-6 / DX7 patches, MIDI + CV, ESP32-S3)",MIT,https://github.com/shorepine/tulipcc/blob/main/docs/pcbs/tulip4_board_v4r9/tulipcc-schematic.pdf,kicad + gerbers,SMD,https://github.com/shorepine/tulipcc/tree/main/docs/pcbs/amyboard,amyboard-v1.5.brd is the newest of v1.0-v1.5; the rest of the repo is the Tulip computer (not eurorack),,HP ? · svg + dxf + ai + 3D,,
Stroh Modular,Bit Station (REV 3.0),noise source (digital / bit),,https://github.com/DrJ3RK/DrJ3RK/blob/main/Schematics/BitStation-REV3.0-Schematic.PDF,,,https://github.com/DrJ3RK/DrJ3RK,,,,,
This is not Rocket Science (TiNRS),Tuesday,sequencer (procedural / generative),MIT,https://github.com/ThisIsNotRocketScience/Eurorack-Modules/blob/master/Production/TINRS%20-%20Tuesday%20%28third%20batch%29.sch,kicad + diptrace + gerbers,SMD,https://github.com/ThisIsNotRocketScience/Eurorack-Modules/tree/master/Production,"third batch = newest production board in Production (README: ""Please refer to the Production folder if you are looking for boards to build ... latest production versions""); a KiCad Tuesday1.1 is in Development (ruling logged)",,,,
This is not Rocket Science (TiNRS),Wobbler,LFO,MIT,https://github.com/ThisIsNotRocketScience/Eurorack-Modules/blob/master/Production/TINRS%20-%20Wobbler%20%28third%20batch%29.sch,kicad + diptrace + gerbers,SMD,https://github.com/ThisIsNotRocketScience/Eurorack-Modules/tree/master/Production,"third batch = newest production board in Production (README: ""Please refer to the Production folder if you are looking for boards to build ... latest production versions""); See alt. version (Wobbler²)",,,,
This is not Rocket Science (TiNRS),Edgecutter,envelope (visual),MIT,https://github.com/ThisIsNotRocketScience/Eurorack-Modules/blob/master/Production/TINRS%20-%20Edgecutter%20r2%20%28first%20bodge%29.sch,kicad + diptrace + gerbers,SMD,https://github.com/ThisIsNotRocketScience/Eurorack-Modules/tree/master/Production,"r2 is newer than the first-batch board in Production (README: ""Please refer to the Production folder if you are looking for boards to build ... latest production versions"")",,,,
This is not Rocket Science (TiNRS),BigBus (Error),bus board,MIT,https://github.com/ThisIsNotRocketScience/Eurorack-Modules/blob/master/Production/BigBus_Error_rev2.sch,kicad + diptrace + gerbers,both,https://github.com/ThisIsNotRocketScience/Eurorack-Modules/tree/master/Production,"rev2 is newer than BigBus_Error in Production (README: ""Please refer to the Production folder if you are looking for boards to build ... latest production versions"")",,,,
This is not Rocket Science (TiNRS),Wobbler²,LFO / drum synth,MIT,x,kicad,,https://github.com/ThisIsNotRocketScience/Eurorack-Modules/tree/master/Development/Eurorack%20Set%202021/Wobbler2_kicad,TiNRS Wobbler2.kicad_pcb reads 0 parts; count is the whole folder (SMDLeds + pico boards); See alt. version (Wobbler),,,,
Rebel Technology,Bela Modular,"DSP platform (Bela core, audio + CV I/O)",GPL v3,x,eagle,both,https://github.com/RebelTechnology/RebelTechnology/tree/main/BelaModular,"core + expander boards (BelaCore, BelaExpander)",,,,
Rebel Technology,Bit Reactor,bitcrusher / sample-rate reducer,GPL v3,x,eagle,both,https://github.com/RebelTechnology/RebelTechnology/tree/main/BitReactor,,,10HP · svg + dxf + ai,,
Rebel Technology,Expander 0x10,expander (STM32 I/O),GPL v3,x,eagle,both,https://github.com/RebelTechnology/RebelTechnology/tree/main/Expander,Expander + ExpanderBottom boards,,,,
Rebel Technology,Genius,"DSP platform (programmable OWL, STM32H743)",GPL v3,x,eagle,SMD,https://github.com/RebelTechnology/RebelTechnology/tree/main/Genius,,,10HP · eagle,,
Rebel Technology,Klasmata,sequencer (Euclidean),GPL v3,x,eagle,THT,https://github.com/RebelTechnology/RebelTechnology/tree/main/Klasmata,,,,,
Rebel Technology,Midio,"MIDI interface (USB, OLED)",GPL v3,x,eagle,both,https://github.com/RebelTechnology/RebelTechnology/tree/main/Midio,,,,,
Rebel Technology,OWL Modular,DSP platform (programmable OWL),GPL v3,x,eagle,both,https://github.com/RebelTechnology/RebelTechnology/tree/main/OwlModular,,,HP ? · svg,,
Rebel Technology,Phoreo,trigger modulator / clock multiplier / repeater,GPL v3,x,eagle,THT,https://github.com/RebelTechnology/RebelTechnology/tree/main/Phoreo,,,,,
Rebel Technology,Porter,expander (I/O),GPL v3,x,eagle,SMD,https://github.com/RebelTechnology/RebelTechnology/tree/main/Porter,,,,,
Rebel Technology,QuadFM,oscillator (quad FM),GPL v3,x,eagle,both,https://github.com/RebelTechnology/RebelTechnology/tree/main/QuadFM,,,,,
Rebel Technology,Stoicheia,sequencer (Euclidean),GPL v3,https://github.com/RebelTechnology/RebelTechnology/blob/main/Stoicheia/schematics/EuclideanSequencer.png,eagle,THT,https://github.com/RebelTechnology/RebelTechnology/tree/main/Stoicheia,,,10HP · svg + dxf,https://github.com/RebelTechnology/RebelTechnology/blob/main/Stoicheia/photos/DSC_8125.jpg https://github.com/RebelTechnology/RebelTechnology/blob/main/Stoicheia/photos/DSC_8134.jpg https://github.com/RebelTechnology/RebelTechnology/blob/main/Stoicheia/photos/DSC_8136.jpg https://github.com/RebelTechnology/RebelTechnology/blob/main/Stoicheia/photos/DSC_8140.jpg,
Rebel Technology,Mod Matrix Mixer 2x4x2 (vactrol),mixer (vactrol mod matrix 2x4x2),GPL v3,https://github.com/RebelTechnology/RebelTechnology/blob/main/VactrolMixer/schematics/VactrolMixer.png,eagle,THT,https://github.com/RebelTechnology/RebelTechnology/tree/main/VactrolMixer,"VactrolMixer.brd (SMD, 67 parts) in the same folder not counted - relation unclear (ruling logged)",,,,
Rebel Technology,Wizard (Eurorack),DSP platform (programmable OWL; Eurorack version of the Wizard),GPL v3,x,eagle,SMD,https://github.com/RebelTechnology/RebelTechnology/tree/main/Wizard,EuroWizard.brd counted; Wizard.brd in the same folder is the desktop Wizard,,,,
Look Mum No Computer + GMSN,Safety Valve,distortion (tube),CC BY 4.0,x,eagle,both,https://github.com/robgmsn/gmsn/tree/master/LMNC/safetyValve,,,11HP · eagle,,
vauxflores,Number 24 Euro,fuzz (3-transistor),,x,eagle,THT,https://github.com/vauxflores/Electronics/tree/master/Eurorack/24,,,8HP · eagle,,
vauxflores,GS,waveshaper / filter,,x,eagle + gerbers,THT,https://github.com/vauxflores/Electronics/tree/master/Eurorack/GS,,,4HP · eagle + gerbers,,
vauxflores,Menu de Secreciones,"delay (PT2399-style karaoke chip, with LFO)",,x,eagle,THT,https://github.com/vauxflores/Electronics/tree/master/Eurorack/Menu%20de%20Secreciones,,,10HP · eagle,,
vauxflores,Ordovician Restraint,"VCF (state-variable, LP/BP/HP)",,x,eagle + gerbers,THT,https://github.com/vauxflores/Electronics/tree/master/Eurorack/Ordovician%20Restraint,,,8HP · eagle + gerbers,,
Bastl Instruments,Kong,"drumpad interface (dual, trigger + velocity CV)",CC BY-SA,https://github.com/bastl-instruments/bastlSchematics/blob/master/KONG_V1.0.pdf,,,https://github.com/bastl-instruments/bastlSchematics/blob/master/KONG_V1.0.pdf,,,,,
Bastl Instruments,Clutch,attenuator (quad) / volume pedal to CV,CC BY-SA,https://github.com/bastl-instruments/bastlSchematics/blob/master/CLUTCH_V1.0.pdf,,,https://github.com/bastl-instruments/bastlSchematics/blob/master/CLUTCH_V1.0.pdf,,,,,
Bastl Instruments,Sense,sensor interface (analog sensor calibration),CC BY-SA,https://github.com/bastl-instruments/bastlSchematics/blob/master/SENSE_V1.0.pdf,,,https://github.com/bastl-instruments/bastlSchematics/blob/master/SENSE_V1.0.pdf,,,,,
Bastl Instruments,Dup Dup,"footswitch interface (dual, voltage controlled)",CC BY-SA,https://github.com/bastl-instruments/bastlSchematics/blob/master/DUPDUP_V1.0.pdf,,,https://github.com/bastl-instruments/bastlSchematics/blob/master/DUPDUP_V1.0.pdf,,,,,
Bastl Instruments,Noise Square,noise / square-wave source,CC BY-SA,https://github.com/bastl-instruments/bastlSchematics/blob/master/NOIS_SQUARE_V1.3.pdf,,,https://github.com/bastl-instruments/bastlSchematics/blob/master/NOIS_SQUARE_V1.3.pdf,,,,,
Bastl Instruments,Juice Board,"bus board (21 x 16-pin, fused, +5V regulator)",CC BY-SA,https://github.com/bastl-instruments/bastlSchematics/blob/master/JUICE_BOARD_V1.3.pdf,,,https://github.com/bastl-instruments/bastlSchematics/blob/master/JUICE_BOARD_V1.3.pdf,,,,,
Bastl Instruments,+5V Passport,"power (+5V from +12V, inline 16-pin adapter)",CC BY-SA,https://github.com/bastl-instruments/bastlSchematics/blob/master/%2B5V%20PASSPORT.pdf,,,https://github.com/bastl-instruments/bastlSchematics/blob/master/%2B5V%20PASSPORT.pdf,,,,,
Bastl Instruments,Knit Rider EXP,"expander (Knit Rider: reset, clock out)",CC BY-SA,https://github.com/bastl-instruments/bastlSchematics/blob/master/KNIT_RIDER_EXP_V1.1.pdf,eagle,SMD,https://github.com/bastl-instruments/bastlSchematics,Eagle files in '_eagle files/',,,,
Bastl Instruments,Knit Rider,trigger / gate sequencer (six-voice),CC BY-SA,https://github.com/bastl-instruments/bastlSchematics/blob/master/_eagle%20files/knitRider_T_1_4_redukce%20led.sch,eagle,SMD,https://github.com/bastl-instruments/bastlSchematics,Eagle files in '_eagle files/' (board 'knitRider_T_1_4_redukce led'),,,,
microresearch,ERD/ERD (Earth Return Distortion),VCA / distortion (earth-conditioned),,https://github.com/microresearch/ERD/blob/master/ERDERD.pdf,kicad + gerbers,,https://github.com/microresearch/ERD,shares the repo root with ERD/SIR; ERD_reviseforextrajacks_vampire boards are a revised layout,,,,
todbot,TrinketTrigger,"touch CV / gate source (capacitive buttons, Trinket M0)",GPL v3,https://github.com/todbot/TrinketTouringMachine/blob/master/firmware/pot-button-trinket-test/pot-button-test-schematic.png,eagle,SMD,https://github.com/todbot/TrinketTouringMachine,board hardware/TrinketTrigger.brd in the TrinketTouringMachine repo; firmware/README in todbot/TrinketTrigger,,,,
Sluisbrinkie,Müller,"utility (buffered stereo mult, adders, sum/difference, passive mult)",CC BY-SA 4.0,https://github.com/niektb/sluisbrinkie-eurorack-published/blob/main/Sluisbrinkie%20M%C3%BCller/kicad/muller/muller.pdf,kicad,SMD,https://github.com/niektb/sluisbrinkie-eurorack-published/tree/main/Sluisbrinkie%20M%C3%BCller,,,4HP · kicad + gerbers,,
mzuelch,Abakus,"CV mixer / processor (4 faders; sum, inverted sum, min, max)",MIT,x,kicad + gerbers,SMD,https://github.com/mzuelch/CATs-Eurosynth/tree/main/Modules/Standard%20Line/Abakus,main + control + front boards,,,,
BurningForceKin,Paco,"multiple (passive, dual) with switch",,x,gerbers,,https://github.com/BurningForceKin/ModularSynthStuff/tree/gh-pages/Paco,,,HP ? · 3D,,
yorkmodular-cc,Resonant HPF (2HP),"filter (resonant high-pass, fixed, multiple-feedback)",CC BY-SA 4.0,https://github.com/yorkmodular-cc/resonant-filters/blob/main/rhpf-schematic.png,kicad,SMD,https://github.com/yorkmodular-cc/resonant-filters,"panel: rhpf.kicad_pcb (no parts, panel text only); See alt. version (Resonant BPF, p890); no low-pass board in the repo",,,,
L71,0x01 MAX261 Dual Filter,"VCF (dual, MAX261 switched-capacitor, LP/BP/HP/notch/AP)",CC BY-SA 4.0 (PCB/panel) / GPL v3 (firmware),x,eagle,THT,https://github.com/L71/0x01_max261,"stacked front-panel + power/CPU boards (Max2_FP_v2, Max2_PWR_CPU)",,16HP · svg + ai,,
L71,0x02 AD/ASR Envelope,"envelope (AD / ASR, bipolar CV generator)",,x,eagle,THT,https://github.com/L71/0x02_env,"README: ""** Work in progress **""",X,8HP · svg + ai,,
L71,0x03 2ch Quantizer,quantizer (2-ch),CC BY-SA 4.0 (PCB/panel) / GPL v3 (firmware),x,eagle,THT,https://github.com/L71/0x03_2ch_quantizer,,,6HP · svg,,
L71,1LFO (v2),"LFO (triangle + square, range switch)",,x,eagle,SMD,https://github.com/L71/1LFO,"v2 counted; 1LFO.brd (v1) is the older version; README: ""Both versions have been built and works well""",,4HP · svg,,
L71,2xVCA,"VCA (dual, LM13700)",CC BY-SA 4.0,x,eagle,THT,https://github.com/L71/2xVCA,See alt. version (2xVCA SMD),,HP ? · svg,,
L71,2xVCA (SMD),"VCA (dual, LM13700)",CC BY-SA 4.0,x,eagle,SMD,https://github.com/L71/2xVCA,See alt. version (2xVCA),,6HP · svg,,
L71,3xCV,CV utility (triple adder / attenuator / inverter),,x,eagle,SMD,https://github.com/L71/3xCV,"README: ""** work in progress **""",X,12HP · svg,,
L71,ADSR2 (v3),"envelope (ADSR, CMOS logic)",,x,eagle,SMD,https://github.com/L71/ADSR2,"adsr_v3 counted; adsr2 (""known design bugs"") and adsr2_v2 (""will likely not be prototyped"") are older versions in the same repo",,6HP · svg,,
Bleep Labs + L71,Bleep Drum Eurorack,"drum voice (Bleep Drum, sample based)",CC BY-SA 4.0,x,eagle,THT,https://github.com/L71/BleepDrum-Eurorack,,,12HP · svg,https://github.com/L71/BleepDrum-Eurorack/blob/master/HowItLooks.jpg,
Bastl Instruments + L71,LoFi Sampler,"sampler / filter / distortion (lo-fi, ISD1820)",,https://github.com/L71/lofisampler/blob/main/lofisampler.pdf,eagle,THT,https://github.com/L71/lofisampler,panel: lofisampler-1.0-PCB-panel.brd,,12HP · eagle,,
L71,4520 Divider,clock divider (8-bit binary counter),CC BY-SA 4.0,x,eagle,both,https://github.com/L71/Logic,one of three modules in L71/Logic,,,,
L71,234 Sync Clock Divider,"clock divider (/2, /3, /4 sync)",CC BY-SA 4.0,x,eagle,both,https://github.com/L71/Logic,one of three modules in L71/Logic,,,,
L71,Trigger,"gate utility (edge detectors, inverters, OR)",CC BY-SA 4.0,x,eagle,THT,https://github.com/L71/Logic,one of three modules in L71/Logic,,6HP · svg,,
Korg + L71,MS20 VCF,VCF (Korg MS-20 style),,https://github.com/L71/MS20VCF/blob/master/ms20-original-electro-music.pdf,eagle,THT,https://github.com/L71/MS20VCF,panel: MS20-1.0-8HP-PCB-panel.brd,,8HP · eagle + svg,,
Formanta + L71,Polivoks VCF,VCF (Polivoks style),,https://github.com/L71/PolivoksVCF/blob/master/polivoks_schem.pdf,eagle,THT,https://github.com/L71/PolivoksVCF,panel: PolivoksVCF-1.0-8HP-PCB-panel.brd,,8HP · eagle,,
L71,ToneControl,preamp (dual input) + tilt tone control,CC BY-SA 4.0,x,eagle,both,https://github.com/L71/ToneControl,panel: ToneControl-1.0-6HP-PCB-panel.brd,,6HP · eagle,,
L71,XOR,noise generator (XOR logic oscillators),,x,eagle,SMD,https://github.com/L71/XOR,,,8HP · svg,,
YuSynth + promesoft,"Moog VCF (YuSynth, KicadJE)",VCF (Moog ladder),,https://github.com/promesoft/KicadJE_MoogVCF/blob/master/KicadJE_MoogVCF_1_revB/KicadJE_Yousynth_MoogVCF_revB.sch,kicad + gerbers,,https://github.com/promesoft/KicadJE_MoogVCF/tree/master/KicadJE_MoogVCF_1_revB,one of three YuSynth-based circuits on the revB board (d 2026-09-26: three separate modules),?,,,
YuSynth + promesoft,"Wavefolder (YuSynth / J. Haible, KicadJE)",wavefolder,,https://github.com/promesoft/KicadJE_MoogVCF/blob/master/KicadJE_MoogVCF_1_revB/KicadJE_Yousynth_WaveFolder.sch,kicad + gerbers,,https://github.com/promesoft/KicadJE_MoogVCF/tree/master/KicadJE_MoogVCF_1_revB,one of three YuSynth-based circuits on the revB board (d 2026-09-26: three separate modules),,,,
YuSynth + promesoft,"555 ADSR (YuSynth, KicadJE)","envelope (ADSR, 555)",,https://github.com/promesoft/KicadJE_MoogVCF/blob/master/KicadJE_MoogVCF_1_revB/KicadJE_Yousynth_ADSR.sch,kicad + gerbers,,https://github.com/promesoft/KicadJE_MoogVCF/tree/master/KicadJE_MoogVCF_1_revB,one of three YuSynth-based circuits on the revB board (d 2026-09-26: three separate modules),,,,
Lars Bengtsson (L71),Eurorack passive distribution,bus board (passive power distribution),CC BY-SA,x,eagle,,https://github.com/L71/small_projects,one of several boards in the small_projects root,,,,
Stroh Modular,555 AD Envelope,"envelope (AD, 555)",custom (free for DIY; contact the author before retail),https://github.com/DrJ3RK/DrJ3RK/blob/main/Bits-Pieces-Small-Circuits/555%20AD%20Envelope.PDF,,,https://github.com/DrJ3RK/DrJ3RK/blob/main/Bits-Pieces-Small-Circuits/555%20AD%20Envelope.PDF,schematic-only circuit (Bits-Pieces-Small-Circuits); d 2026-09-26: include if eurorack-format,,,,
Stroh Modular,Gene Splicer,"rectifier / splicer (dual, with CV)",custom (free for DIY; contact the author before retail),https://github.com/DrJ3RK/DrJ3RK/blob/main/Bits-Pieces-Small-Circuits/Gene%20Splicer.PDF,,,https://github.com/DrJ3RK/DrJ3RK/blob/main/Bits-Pieces-Small-Circuits/Gene%20Splicer.PDF,schematic-only circuit (Bits-Pieces-Small-Circuits); d 2026-09-26: include if eurorack-format,,,,
Stroh Modular,PicoSubMix,"mixer (audio, expandable)",custom (free for DIY; contact the author before retail),https://github.com/DrJ3RK/DrJ3RK/blob/main/Bits-Pieces-Small-Circuits/PicoSubMix.PDF,,,https://github.com/DrJ3RK/DrJ3RK/blob/main/Bits-Pieces-Small-Circuits/PicoSubMix.PDF,schematic-only circuit (Bits-Pieces-Small-Circuits); d 2026-09-26: include if eurorack-format,,,,
Stroh Modular,Simple Lockhart Folding Stage,wavefolder (Lockhart),custom (free for DIY; contact the author before retail),https://github.com/DrJ3RK/DrJ3RK/blob/main/Bits-Pieces-Small-Circuits/Simple%20Lockhart%20Folding%20Stage.PDF,,,https://github.com/DrJ3RK/DrJ3RK/blob/main/Bits-Pieces-Small-Circuits/Simple%20Lockhart%20Folding%20Stage.PDF,schematic-only circuit (Bits-Pieces-Small-Circuits); d 2026-09-26: include if eurorack-format,,,,
Stroh Modular,G&T - Gate to Trigger,gate to trigger converter,custom (free for DIY; contact the author before retail),https://github.com/DrJ3RK/DrJ3RK/blob/main/Bits-Pieces-Small-Circuits/G%26T%20-%20Gate%20to%20Trigger.PDF,,,https://github.com/DrJ3RK/DrJ3RK/blob/main/Bits-Pieces-Small-Circuits/G%26T%20-%20Gate%20to%20Trigger.PDF,schematic-only circuit (Bits-Pieces-Small-Circuits); d 2026-09-26: include if eurorack-format; schematic shows +12 / -12 rails plus a +15 label - check the supply,,,,
Stroh Modular,PicoVCO,VCO (small),custom (free for DIY; contact the author before retail),https://github.com/DrJ3RK/DrJ3RK/blob/main/Bits-Pieces-Small-Circuits/PicoVCO.PDF,,,https://github.com/DrJ3RK/DrJ3RK/blob/main/Bits-Pieces-Small-Circuits/PicoVCO.PDF,schematic-only circuit (Bits-Pieces-Small-Circuits); d 2026-09-26: include if eurorack-format; schematic shows +12 / -12 rails plus a +15 label - check the supply,,,,
Stroh Modular,Simple Active One Pole Low Pass Gate (XVIVE 5C1),"LPG (one-pole, vactrol XVIVE 5C1)",custom (free for DIY; contact the author before retail),https://github.com/DrJ3RK/DrJ3RK/blob/main/Bits-Pieces-Small-Circuits/Simple%20Active%20One%20Pole%20Low%20Pass%20Gate%20XVIVE%205C1.PDF,,,https://github.com/DrJ3RK/DrJ3RK/blob/main/Bits-Pieces-Small-Circuits/Simple%20Active%20One%20Pole%20Low%20Pass%20Gate%20XVIVE%205C1.PDF,schematic-only circuit (Bits-Pieces-Small-Circuits); d 2026-09-26: include if eurorack-format; schematic shows +12 / -12 rails plus a +15 label - check the supply,,,,
microresearch,All the Colours of the Noise,noise voice (dual noise / clocked filters / shift registers),GPL,x,kicad + gerbers,SMD,https://github.com/microresearch/allcolours/tree/master/all_colours_kicad,,,,,
microresearch,ERD/TOAD,analogue computer (birdsong / chaotic oscillator models),,x,kicad,SMD,https://github.com/microresearch/allcolours/tree/master/TOAD/FINAL_FINAL,,,,,
microresearch,caput draconis,"shift register (quad serpentine, 64 modes) / pattern generator / audio processor",GPL,x,kicad,SMD,https://github.com/microresearch/allcolours/tree/master/SR_segments/segments_fixed_adc,,,,,
microresearch,amissio,"switch (touch-toggled, 4 patch connections)",GPL,x,kicad,SMD,https://github.com/microresearch/allcolours/tree/master/touch_toggle_final/touch_toggle_latest_ADG,,,,,
microresearch,conjunctio,comparator (quad) / signal router (4 conditional switches),GPL,x,kicad,SMD,https://github.com/microresearch/allcolours/tree/master/comparator_v2,,,12HP · kicad,,
microresearch,acquisitio,VCA (quad) with offsets / subtraction,GPL,x,kicad,SMD,https://github.com/microresearch/allcolours/tree/master/Offset_torework,,,,,
microresearch,ERD/POPULUS,"patch matrix (touch-toggled 7x7, passive)",,x,kicad,SMD,https://github.com/microresearch/allcolours/tree/master/populus/touch_toggle_KICAD,,,,,
microresearch,ERD/FUSE,"pyrotechnic igniter trigger (gate to e-match, 4 ch)",,x,kicad,SMD,https://github.com/microresearch/allcolours/tree/master/pyro000_PCB,,,,,
This is not Rocket Science (TiNRS),Ardabil,utility (dual adder / attenuverter / offset / VCA),MIT,x,eagle,SMD,https://github.com/ThisIsNotRocketScience/Eurorack-Modules/tree/master/Development/Eurorack%20Set%202021,,,,,
This is not Rocket Science (TiNRS),Switch,"switch (passive, dual 3-position)",MIT,x,eagle,THT,https://github.com/ThisIsNotRocketScience/Eurorack-Modules/tree/master/Development/Eurorack%20Set%202021,,,,,
This is not Rocket Science (TiNRS),RectangularThing,synth voice (VCO / VCF / EG),MIT,x,eagle + gerbers,SMD,https://github.com/ThisIsNotRocketScience/Eurorack-Modules/tree/master/Development/Eurorack%20Set%209,,,HP ? · eagle + dxf,https://github.com/ThisIsNotRocketScience/Eurorack-Modules/blob/master/Development/Eurorack%20Set%209/FrontPanels/a.jpg,
Rebel Technology,Gonies,"envelope generator (dual, tempo-synced; cycling LFO mode)",GPL v3,x,eagle,SMD,https://github.com/RebelTechnology/RebelTechnology/tree/main/Gonies,,,,,
Rebel Technology,Open Sound Module,OSC-to-CV/gate interface (WiFi),GPL v3,x,eagle,SMD,https://github.com/RebelTechnology/RebelTechnology/tree/main/OpenSound,,,,,
BruteClaw,Comb Filter,filter (comb),GPL v3,https://github.com/BruteClaw/Analog-Synth/blob/main/Unfinished%20Designs/Comb_Filter/Schematic.pdf,kicad,SMD,https://github.com/BruteClaw/Analog-Synth/tree/main/Unfinished%20Designs/Comb_Filter,in the repo's Unfinished Designs/ folder (d 2026-09-26: included as a prototype),X,,,
GMSN,Pure Quantiser,quantizer,CC BY 4.0,x,eagle,both,https://github.com/robgmsn/gmsn/tree/master/pureModular/pureQuantiser,d 2026-09-26: prototypes included when marked,X,8HP · eagle,,
rob-scape,Daisy Seed Breakout (DC-DC + op-amps),dev board (Daisy Seed),CC BY-NC-SA 4.0,,gerbers,SMD,https://github.com/rob-scape/daisy-seed-breakout-boards/tree/main/daisy-seed-dcdc-opamps,"dev board, not a module - IN per d's standing ruling ""Dev boards are IN"" (STATE.md Decided); was wrongly in skips.tsv until 2026-09-26 12:40",,,,
rob-scape,Daisy Seed Breakout (MCP6004 + mux),dev board (Daisy Seed),CC BY-NC-SA 4.0,,gerbers,SMD,https://github.com/rob-scape/daisy-seed-breakout-boards/tree/main/daisy-seed-mcp6004-mux,"dev board, not a module - IN per d's standing ruling ""Dev boards are IN"" (STATE.md Decided); was wrongly in skips.tsv until 2026-09-26 12:40",,,,
Deftaudio,Eurorack Ammeter,"utility (current meter + bus bar, 11HP)",BSD 3-Clause,https://github.com/Deftaudio/Midi-boards/blob/master/Eurorack_Ammeter/Ammeter_sch.pdf,,,https://github.com/Deftaudio/Midi-boards/tree/master/Eurorack_Ammeter,found 2026-09-26 checking the Deftaudio Tindie store (d); folder has schematic PDF + user guide only,,,https://github.com/Deftaudio/Midi-boards/blob/master/Eurorack_Ammeter/Ammeter_back.jpg https://github.com/Deftaudio/Midi-boards/blob/master/Eurorack_Ammeter/Ammeter_back2.jpg https://github.com/Deftaudio/Midi-boards/blob/master/Eurorack_Ammeter/Ammeter_front.jpg https://github.com/Deftaudio/Midi-boards/blob/master/Eurorack_Ammeter/Ammeter_front2.jpg https://github.com/Deftaudio/Midi-boards/blob/master/Eurorack_Ammeter/Ammeter_rack.jpg https://github.com/Deftaudio/Midi-boards/blob/master/Eurorack_Ammeter/Ammeter_rack2.jpg https://github.com/Deftaudio/Midi-boards/blob/master/Eurorack_Ammeter/Ammeter_side.jpg https://github.com/Deftaudio/Midi-boards/blob/master/Eurorack_Ammeter/Ammeter_side2.jpg,
Deftaudio,Eurorack MIDI BLE 2x2,"MIDI interface (BLE + USB, 2 in / 2 out TRS, 4HP)",BSD 3-Clause,https://github.com/Deftaudio/Midi-boards/blob/master/Eurorack_MIDI-BLE_2x2/Eurorack_MIDI-BLE_2x2_sch.pdf,,,https://github.com/Deftaudio/Midi-boards/tree/master/Eurorack_MIDI-BLE_2x2,"found 2026-09-26 checking the Deftaudio Tindie store (d); added after the old pin 4e6e8dc, repo re-pinned to a5cfa31; board drawing as PDF (_brd.pdf), firmware .uf2 only",,,https://github.com/Deftaudio/Midi-boards/blob/master/Eurorack_MIDI-BLE_2x2/Eurorack_MIDI-BLE_2x2_back.jpg https://github.com/Deftaudio/Midi-boards/blob/master/Eurorack_MIDI-BLE_2x2/Eurorack_MIDI-BLE_2x2_front.jpg https://github.com/Deftaudio/Midi-boards/blob/master/Eurorack_MIDI-BLE_2x2/Eurorack_MIDI-BLE_2x2_side.jpg,https://github.com/Deftaudio/Midi-boards/blob/master/Eurorack_MIDI-BLE_2x2/Eurorack_MIDI-BLE_2x2_Assembly_Guide.pdf
recursinging,kxmx_bluemchen,programmable module (Daisy Seed),CC BY-NC-SA 3.0 (hardware) / MIT (firmware),x,gerbers + EasyEDA (maker site),,https://github.com/recursinging/kxmx_bluemchen,"hardware design files are on the maker site, not in the repo (repo = firmware): schematic PDFs https://kxmx-bluemchen.recursinging.com/media/schematic_kxmx_bluemchen_back.pdf and _front.pdf, gerbers, EasyEDA easyeda.com/recursinging/kxmx_bluemchen (site: https://kxmx-bluemchen.recursinging.com/); the site also has kxmx_nehcmeulb (back PCB) and a 1U version (not rowed yet); added d 2026-09-26 12:33",,,,
apfaudio,eurorack-pmod (R3.5),"audio interface (FPGA PMOD, AK4619VN codec, 4 in / 4 out)",CERN-OHL-S v2,https://github.com/apfaudio/eurorack-pmod/blob/master/hardware/schematics/eurorack-pmod-r3.5.pdf,kicad,SMD,https://github.com/apfaudio/eurorack-pmod/tree/master/hardware/eurorack-pmod-r3.5,"3HP; OSHWA-certified (README); older revisions r2.2-r3.3 skipped; hardware of apfaudio/eurorack-pmod-usb-soundcard (OUT, firmware); added d 2026-09-26 12:33",,,,
Sebastian Jazura,3340 VCO (4HP),VCO (3340),CC BY-SA 4.0,https://github.com/diysynth/EURORACK-MODULES/blob/main/3340%20VCO%20%284HP%29/3340_VCO_schematic.png,gerbers,,https://github.com/diysynth/EURORACK-MODULES/tree/main/3340%20VCO%20%284HP%29,,,4HP · gerbers,https://github.com/diysynth/EURORACK-MODULES/blob/main/3340%20VCO%20%284HP%29/VCO3340_1.jpg https://github.com/diysynth/EURORACK-MODULES/blob/main/3340%20VCO%20%284HP%29/VCO3340_2.jpg,
Sebastian Jazura,ADSR (4HP),ADSR,CC BY-SA 4.0,https://github.com/diysynth/EURORACK-MODULES/blob/main/ADSR%20%284HP%29/ADSR_schematic.png,gerbers,,https://github.com/diysynth/EURORACK-MODULES/tree/main/ADSR%20%284HP%29,,,,https://github.com/diysynth/EURORACK-MODULES/blob/main/ADSR%20%284HP%29/ADSR1.jpg https://github.com/diysynth/EURORACK-MODULES/blob/main/ADSR%20%284HP%29/ADSR2.jpg https://github.com/diysynth/EURORACK-MODULES/blob/main/ADSR%20%284HP%29/ADSR3.jpg,
Sebastian Jazura,Dual VCA,VCA (dual),CC BY-SA 4.0,https://github.com/diysynth/EURORACK-MODULES/blob/main/DUAL%20VCA/Eurorack_VCA_schematic.png,gerbers,,https://github.com/diysynth/EURORACK-MODULES/tree/main/DUAL%20VCA,,,3HP · gerbers,https://github.com/diysynth/EURORACK-MODULES/blob/main/DUAL%20VCA/Dualvca.jpg,
Sebastian Jazura,0HP Attenuator,attenuator (passive),CC BY-SA 4.0,,gerbers,,https://github.com/diysynth/EURORACK-MODULES/tree/main/0HP%20STUFF/0HP%20Attenuator,,,,https://github.com/diysynth/EURORACK-MODULES/blob/main/0HP%20STUFF/0HP%20Attenuator/att0hp.jpg,
Sebastian Jazura,0HP Mixer,"mixer (passive, 3-channel)",CC BY-SA 4.0,,gerbers,,https://github.com/diysynth/EURORACK-MODULES/tree/main/0HP%20STUFF/0HP%20MIXER,,,,https://github.com/diysynth/EURORACK-MODULES/blob/main/0HP%20STUFF/0HP%20MIXER/0HPMix_Render.jpg https://github.com/diysynth/EURORACK-MODULES/blob/main/0HP%20STUFF/0HP%20MIXER/0hpMixer.jpg,
Sebastian Jazura,0HP Multiple,multiple,CC BY-SA 4.0,,gerbers,,https://github.com/diysynth/EURORACK-MODULES/tree/main/0HP%20STUFF/0HP%20MULTIPLE,,,,https://github.com/diysynth/EURORACK-MODULES/blob/main/0HP%20STUFF/0HP%20MULTIPLE/0hpMulti1.jpg https://github.com/diysynth/EURORACK-MODULES/blob/main/0HP%20STUFF/0HP%20MULTIPLE/0hpMulti2.jpg,
Sluisbrinkie,Edison,sampler / recorder (ISD1820),CC BY-SA 4.0,https://github.com/niektb/sluisbrinkie-eurorack-published/blob/main/Sluisbrinkie%20Edison/Schematic%20PDF/edison.pdf,,,https://github.com/niektb/sluisbrinkie-eurorack-published/tree/main/Sluisbrinkie%20Edison,,,,,
Bastl Instruments + Sluisbrinkie,Kepler,synth voice / drums (Kastle port),CC BY-SA 4.0,https://github.com/niektb/sluisbrinkie-eurorack-published/blob/main/Sluisbrinkie%20Kepler/Schematic%20PDF/kastle.pdf,,,https://github.com/niektb/sluisbrinkie-eurorack-published/tree/main/Sluisbrinkie%20Kepler,,,,https://github.com/niektb/sluisbrinkie-eurorack-published/blob/main/Sluisbrinkie%20Kepler/Photo%27s/20240104_133151.jpg https://github.com/niektb/sluisbrinkie-eurorack-published/blob/main/Sluisbrinkie%20Kepler/Photo%27s/20240104_133254.jpg https://github.com/niektb/sluisbrinkie-eurorack-published/blob/main/Sluisbrinkie%20Kepler/Photo%27s/20240104_133423.jpg https://github.com/niektb/sluisbrinkie-eurorack-published/blob/main/Sluisbrinkie%20Kepler/Photo%27s/20240104_133646.jpg https://github.com/niektb/sluisbrinkie-eurorack-published/blob/main/Sluisbrinkie%20Kepler/Photo%27s/20240104_133847.jpg,
