id	vendor	module_name	type	type_confidence	format	sold_as_and_docs	open_source	link	type_basis	notes	date_checked
c1	Nonlinear Circuits	Dichotomy Paradox	harmonic generator / CV pattern generator	secondary source	?	? (from $15)	not stated	https://www.nonlinearcircuits.com/modules/p/dichotomyparadox	"MS: ""harmonically rich sounds or complex CV pattern generator"""		2026-09-26
c2	Nonlinear Circuits	7555 VCO	VCO (sawtooth, hard sync)	secondary source	4HP? (MS, unverified)	? (from $12)	not stated	https://www.nonlinearcircuits.com/modules/p/7555vco	"MS: ""Wide ranging sawtooth VCO with hardest hard sync"""		2026-09-26
c3	Nonlinear Circuits	Winnits	chaos generator (triple reverse sigmoid)	secondary source	8HP	? (from $14)	not stated	https://www.nonlinearcircuits.com/modules/p/winnits	"MS: ""triple reverse sigmoid chaos in 8HP"""		2026-09-26
c4	Nonlinear Circuits	SPECTRUM SHAPER	VC comb filter (36-channel)	vendor listing	?	? (from $50)	not stated	https://www.nonlinearcircuits.com/modules/p/spectrumshaper	"NLC-title: ""36 channel VC comb filter"""		2026-09-26
c5	Nonlinear Circuits	BURHANS TIMBRE	waveshaper (timbre) + CV/gate pattern generator	vendor listing	?	? (from $14)	not stated	https://www.nonlinearcircuits.com/modules/p/burhans	"NLC-title: ""Timbre and CV/gate pattern generator"""		2026-09-26
c6	Nonlinear Circuits	FREQY	frequency shifter	secondary source	?	? (from $14)	not stated	https://www.matrixsynth.com/2026/04/new-freqy-epilogue-vcf-rong-mid-modules.html	"MS: ""Frequency Shifter without dome filters"""		2026-09-26
c7	Nonlinear Circuits	Rong Mid	ring modulator (Ming Rod variant, VC phase)	secondary source	?	? (from $14)	not stated	https://www.nonlinearcircuits.com/s/RONG-MID-build-and-BOM.pdf	"MS: ""Ming Rodulator with VC phase control"""		2026-09-26
c8	Nonlinear Circuits	Epilogue VCF	VCF (lowpass)	secondary source	?	? (from $14)	not stated	https://www.matrixsynth.com/2026/04/new-freqy-epilogue-vcf-rong-mid-modules.html	"MS: ""Low pass filter with unusual feedback paths"""		2026-09-26
c9	Nonlinear Circuits	1u Reverse Sigmoid	chaos CV source	secondary source	1U tile	single option ($11)	not stated	https://www.matrixsynth.com/2026/04/hows-serenity.html	"MS: ""reverse sigmoid chaos circuit running as CV source"""		2026-09-26
c10	Nonlinear Circuits	How's the Serenity	chaos generator (quad reverse sigmoid)	secondary source	?	? (from $20)	not stated	https://www.nonlinearcircuits.com/modules/p/serenity	"MS: ""Quad reverse sigmoid chaos module"""		2026-09-26
c11	Nonlinear Circuits	4HP Neuron	neuron: waveshaper / gate / pulse generator	secondary source	4HP	? (from $10)	not stated	https://www.matrixsynth.com/2025/12/nonlinearcircuits-introduces-4hp-neuron.html	"MS: ""Complex audio waveshaper, gate or pulse generator"""		2026-09-26
c12	Nonlinear Circuits	The Shaver Mystery	?	unknown	?	? (from $14)	not stated				2026-09-26
c13	Nonlinear Circuits	Bulbous Also Tapered VCF	VCF	name only	?	? (from $14)	not stated				2026-09-26
c14	Nonlinear Circuits	DACTROL	vactrol 4-bit multiplying DAC (CV)	vendor page	4HP	PCB; panel; PCB+panel (from $10)	not stated	https://www.nonlinearcircuits.com/modules/p/dactrol	"NLC: ""a vactrol-based multiplying-DAC (digital to analog converter)"""		2026-09-26
c15	Nonlinear Circuits	Path Filter	filter (between phaser and switching filter)	secondary source	?	? (from $12)	not stated	https://www.matrixsynth.com/2025/07/nonlinearcircuits-immix-1-googoomux-1.html	"MS: ""somewhere between a phaser and switching filter"""		2026-09-26
c16	Nonlinear Circuits	GooGooMux	mux/demux router (8-way)	secondary source	?	? (from $10)	not stated	https://www.nonlinearcircuits.com/modules/p/googoomux	"MS: ""DG408 based mux / demux"""		2026-09-26
c17	Nonlinear Circuits	IMMIX	VCA / mixer	secondary source	?	? (from $10)	not stated	https://www.nonlinearcircuits.com/modules/p/immix	"MS: ""SSI2190 based VCA/mixer with inverting and non-inverting inputs"""		2026-09-26
c18	Nonlinear Circuits	Demux Phaser	phaser (gate controlled)	secondary source	?	? (from $14)	not stated	https://www.matrixsynth.com/2025/07/nonlinearcircuits-immix-1-googoomux-1.html	"MS: ""Gate controlled phaser"""		2026-09-26
c19	Nonlinear Circuits	Coupled Comparators	comparator	name only	?	? (from $14)	not stated				2026-09-26
c20	Nonlinear Circuits	Phone Charger	?	unknown	?	? (from $12)	not stated				2026-09-26
c21	Nonlinear Circuits	Comparators	comparator	name only	?	? (from $12)	not stated				2026-09-26
c22	Nonlinear Circuits	Molecular Relaxation Simulator	complex slew / envelope generator	vendor listing	?	? (from $12)	not stated	https://www.nonlinearcircuits.com/modules/p/molrelaxsim	"NLC-title: ""complex slew & envelope generator"""		2026-09-26
c23	Nonlinear Circuits	PSEUDO	pattern and noise generator	vendor listing	?	? (from $12)	not stated	https://www.nonlinearcircuits.com/modules/p/pseudo	"NLC-title: ""pattern and noise generator"""		2026-09-26
c24	Nonlinear Circuits	Tin Teardrop VCF	VCF	name only	?	? (from $12)	not stated				2026-09-26
c25	Nonlinear Circuits	Fast & Bulbous VCF	VCF / phaser (switchable)	vendor listing	?	? (from $12)	not stated	https://www.nonlinearcircuits.com/modules/p/fastbulbous	"NLC-title: ""Is it a VCF or a phaser?"""		2026-09-26
c26	Nonlinear Circuits	LOGORRHEA	vocoder filter bank (10 channels)	secondary source	8HP	? (from $12)	not stated	https://www.nonlinearcircuits.com/modules/p/logorrhea	"MS: ""Vocoder back half crammed into 8HP with 10 filter channels"""		2026-09-26
c27	Nonlinear Circuits	MACRAME	mixer (6-ch VC level + VC panning)	secondary source	21HP? (MS, unverified)	? (from $16)	not stated	https://www.nonlinearcircuits.com/modules/p/macrame	"MS: ""6 channel mixer with voltage controlled level and panning"""		2026-09-26
c28	Nonlinear Circuits	Moldy Rapture VCO	VCO	name only	?	? (from $14)	not stated	https://www.nonlinearcircuits.com/modules/p/moldyrapture			2026-09-26
c29	Nonlinear Circuits	Isolate	EQ isolator	vendor listing	?	? (from $12)	not stated	https://www.nonlinearcircuits.com/modules/p/isolate	"NLC-title: ""EQ isolator"""		2026-09-26
c30	Nonlinear Circuits	George	logic	vendor listing	?	? (from $10)	not stated	https://www.nonlinearcircuits.com/modules/p/george	"NLC-title: ""Logic!"""		2026-09-26
c31	Nonlinear Circuits	CellF Action	synth voice section (cellF system)	secondary source	84HP	single option ($50)	not stated	https://www.nonlinearcircuits.com/modules/p/cellfaction	"MS: ""West-Coast/Buchla approach to synthesis"""		2026-09-26
c32	Nonlinear Circuits	CellF Voice	synth voice	secondary source	84HP	single option ($50)	not stated	https://www.matrixsynth.com/2019/11/nonlinearcircuits-cellf-eurorack.html	"MG: ""synth voice"""		2026-09-26
c33	Nonlinear Circuits	SPLISH	?	unknown	?	? (from $10)	not stated	https://www.nonlinearcircuits.com/modules/p/splish			2026-09-26
c34	Nonlinear Circuits	Gator	?	unknown	?	? (from $10)	not stated	https://www.nonlinearcircuits.com/modules/p/gator			2026-09-26
c35	Nonlinear Circuits	Let's Get Fenestrated	window comparator (triple)	secondary source	?	? (from $12)	not stated	https://www.nonlinearcircuits.com/modules/p/fenestrated	"MS: ""Triple window comparator, each section has different features"""		2026-09-26
c36	Nonlinear Circuits	RAZORS	harmonic generator (dual VC frequency tripler)	vendor listing	?	? (from $10)	not stated	https://www.nonlinearcircuits.com/modules/p/razors	"NLC-title: ""Harmonic generators"""		2026-09-26
c37	Nonlinear Circuits	1u MulCho	?	unknown	1U tile	single option ($10)	not stated	https://www.nonlinearcircuits.com/modules/p/mulcho			2026-09-26
c38	Nonlinear Circuits	Frisson	?	unknown	?	? (from $12)	not stated	https://www.nonlinearcircuits.com/modules/p/frisson			2026-09-26
c39	Nonlinear Circuits	Snake Joke	? (designed by Tom Hirst)	unknown	?	? (from $12)	not stated	https://www.nonlinearcircuits.com/modules/p/snakejoke	"NLC-title: ""Snake Joke by Tom Hirst"""		2026-09-26
c40	Nonlinear Circuits	I was Sitting in a Room	?	unknown	?	? (from $15)	not stated	https://www.nonlinearcircuits.com/modules/p/sittinginaroom			2026-09-26
c41	Nonlinear Circuits	MULTS	passive multiples (x2)	vendor listing	?	single option ($8)	not stated	https://www.nonlinearcircuits.com/modules/p/mults	"NLC-title: ""two mults!"""		2026-09-26
c42	Nonlinear Circuits	MORE	?	unknown	?	? (from $12)	not stated				2026-09-26
c43	Nonlinear Circuits	1u passive XOR	logic (passive XOR)	vendor listing	1U tile	single option ($10)	not stated	https://www.nonlinearcircuits.com/modules/p/1u-xor	"NLC-title: ""1U XOR"""		2026-09-26
c44	Nonlinear Circuits	Sandy Freckle	random pulse / burst generator	secondary source	?	? (from $10)	not stated	https://www.matrixsynth.com/2023/09/sandy-freckle.html	"MS: ""Random pulse/burst generator with three interconnected sections"""		2026-09-26
c45	Nonlinear Circuits	FOURIER	additive (Fourier) synthesis	vendor listing	?	? (from $15)	not stated	https://www.nonlinearcircuits.com/modules/p/fourier	"NLC-title: ""Fourier synthesis"""		2026-09-26
c46	Nonlinear Circuits	Is Carp Lust Wrong?	?	unknown	?	? (from $12)	not stated	https://www.nonlinearcircuits.com/modules/p/carplust			2026-09-26
c47	Nonlinear Circuits	This 2 shall pass	?	unknown	?	? (from $10)	not stated				2026-09-26
c48	Nonlinear Circuits	CHOMUL	?	unknown	?	? (from $10)	not stated	https://www.nonlinearcircuits.com/modules/p/chomul			2026-09-26
c49	Nonlinear Circuits	MUN	vocoder (10-channel)	secondary source	22HP	PCB; panel; PCB+panel (from $15)	not stated	https://www.nonlinearcircuits.com/modules/p/mun	"MS: ""10 channel vocoder based on the Syntovox 222"""		2026-09-26
c50	Nonlinear Circuits	De-Escalate	?	unknown	?	? (from $8)	not stated	https://www.nonlinearcircuits.com/modules/p/deescalate			2026-09-26
c51	Nonlinear Circuits	CMOSC	oscillators (gated)	vendor listing	?	? (from $10)	not stated	https://www.nonlinearcircuits.com/modules/p/cmosc	"NLC-title: ""gated oscillators"""		2026-09-26
c52	Nonlinear Circuits	BEAT FREQS	?	unknown	?	? (from $12)	not stated				2026-09-26
c53	Nonlinear Circuits	LET'S BRONZE UP	?	unknown	?	? (from $10)	not stated	https://www.nonlinearcircuits.com/modules/p/letsbronzeup			2026-09-26
c54	Nonlinear Circuits	STOCHAOS	chaos vs random gate/CV generator	vendor listing	?	? (from $10)	not stated	https://www.nonlinearcircuits.com/modules/p/stochaos	"NLC-title: ""chaos vs random gate and CV generator"""		2026-09-26
c55	Nonlinear Circuits	TINKLE	drum voice + distortion	vendor listing	?	? (from $10)	not stated	https://www.nonlinearcircuits.com/modules/p/tinkle	"NLC-title: ""TINKLE drum module and distortion"""		2026-09-26
c56	Nonlinear Circuits	Frolic	?	unknown	?	? (from $14)	not stated	https://www.nonlinearcircuits.com/modules/p/frolic			2026-09-26
c57	Nonlinear Circuits	Intimacy	?	unknown	?	? (from $12)	not stated	https://www.nonlinearcircuits.com/modules/p/intimacy			2026-09-26
c58	Nonlinear Circuits	The Suppository of all Wisdom	?	unknown	?	? (from $10)	not stated	https://www.nonlinearcircuits.com/modules/p/suppository			2026-09-26
c59	Nonlinear Circuits	Ming Rod	ring modulator	name only	?	? (from $10)	not stated	https://www.nonlinearcircuits.com/modules/p/mingrod			2026-09-26
c60	Nonlinear Circuits	Valmorification	? (part of NLC FM system)	unknown	?	? (from $10)	not stated	https://www.nonlinearcircuits.com/modules/p/valmorification	"NLC blog: ""ultimate FM system, with FM OPs, Valmorifications and Mixers"""		2026-09-26
c61	Nonlinear Circuits	FM OP	FM operator / oscillator	vendor listing	?	? (from $10)	not stated	https://www.nonlinearcircuits.com/modules/p/fmop	"NLC blog: ""ultimate FM system, with FM OPs, Valmorifications and Mixers"""		2026-09-26
c62	Nonlinear Circuits	Encephalo Adjuster	phaser (24-stage, LDR)	secondary source	?	? (from $10)	not stated	https://www.nonlinearcircuits.com/modules/p/encephaloadjuster	"MS: ""24 stage phase shifter using LDRs"""		2026-09-26
c63	Nonlinear Circuits	Poultry in Motion	?	unknown	?	? (from $12)	not stated	https://www.nonlinearcircuits.com/modules/p/poultryinmotion			2026-09-26
c64	Nonlinear Circuits	Product	?	unknown	?	? (from $10)	not stated	https://www.matrixsynth.com/2025/05/nonlinear-circuits-product-whats-it.html			2026-09-26
c65	Nonlinear Circuits	Big Jobs	?	unknown	?	? (from $12)	not stated	https://www.nonlinearcircuits.com/modules/p/bigjobs			2026-09-26
c66	Nonlinear Circuits	Stooges	?	unknown	?	? (from $10)	not stated	https://www.nonlinearcircuits.com/modules/p/stooges			2026-09-26
c67	Nonlinear Circuits	Bongo Fury	?	unknown	?	? (from $12)	not stated	https://www.nonlinearcircuits.com/modules/p/bongo-fury			2026-09-26
c68	Nonlinear Circuits	LDRama	CV generator (LDR / light reactive)	secondary source	?	? (from $20)	not stated	https://www.nonlinearcircuits.com/modules/p/ldrama	"MS: ""generates CV in reaction to the video"""		2026-09-26
c69	Nonlinear Circuits	Helvetica Scenario	?	unknown	?	? (from $10)	not stated	https://www.nonlinearcircuits.com/modules/p/helvetica-scenario			2026-09-26
c70	Nonlinear Circuits	1u Difference Rectifier	difference rectifier (waveshaper / CV)	secondary source	1U tile	? (from $10)	not stated	https://www.nonlinearcircuits.com/modules/p/1u-diff-rect	"MS: ""difference rectifier circuits which output complex mixes"""		2026-09-26
c71	Nonlinear Circuits	1u PiLLs	chaotic oscillator (PLL + vactrol)	secondary source	1U tile	? (from $12)	not stated	https://www.nonlinearcircuits.com/modules/p/1u-pill	"MS: ""chaotic audio rate module based on PLL and vactrol controlled"""		2026-09-26
c72	Nonlinear Circuits	1u Sloth Chaos	chaos CV generator (slow)	vendor page	1U tile	? (from $6)	not stated	https://www.nonlinearcircuits.com/modules/p/1u-sloth-chaos			2026-09-26
c73	Nonlinear Circuits	1u Signum	chaos	name only	1U tile	? (from $10)	not stated	https://www.nonlinearcircuits.com/modules/p/1u-signum			2026-09-26
c74	Nonlinear Circuits	1050Mixseq	sequencer / mixer / sequential switch	secondary source	16HP	? (from $20)	not stated	https://www.nonlinearcircuits.com/modules/p/1050mixseq	"MG: ""Sequencer, mixer, sequential switch, rectifier"""		2026-09-26
c75	Nonlinear Circuits	1/n	clock divider (divide by n)	vendor listing	?	? (from $10)	not stated		"NLC listing: ""1/n (Divide by n)"""		2026-09-26
c76	Nonlinear Circuits	32:1	multiplexer (32:1 / 1:32)	secondary source	14HP	? (from $15)	not stated		"MG: ""A 1:32 or 32:1 Multiplexer"""		2026-09-26
c77	Nonlinear Circuits	329 Phase Flange	phaser / flanger (10-stage)	secondary source	12HP	? (from $15)	not stated	https://www.nonlinearcircuits.com/modules/p/329-phase-flange	"MG: ""10 stage Phaser/Flanger based on the Aries 329"""		2026-09-26
c78	Nonlinear Circuits	4hp MIX	mixer	vendor page	4HP	? (from $6)	not stated	https://www.nonlinearcircuits.com/modules/p/4hp-mix			2026-09-26
c79	Nonlinear Circuits	4SEQ	sequencer (4-stage)	secondary source	8HP	? (from $12)	not stated	https://www.nonlinearcircuits.com/modules/p/4seq	"MG: ""4 stages sequencer"""		2026-09-26
c80	Nonlinear Circuits	8bit Cipher	random gate & voltage source	secondary source	10HP	? (from $12)	not stated	https://www.nonlinearcircuits.com/modules/p/8bit-cipher	"MG: ""Random Gate & Voltage source"""		2026-09-26
c81	Nonlinear Circuits	ADSR312	envelope (ADSR)	secondary source	8HP	? (from $12)	not stated	https://www.nonlinearcircuits.com/modules/p/asdr312	"MG: ""ADSR312 - envelope generator"""		2026-09-26
c82	Nonlinear Circuits	ARSEq	attack-release sequencer	secondary source	10HP	? (from $15)	not stated	https://www.nonlinearcircuits.com/modules/p/arseq	"MG: ""Attack Release Sequencer"""		2026-09-26
c83	Nonlinear Circuits	BaDum Tisss	drum voice (snare / hi-hat)	secondary source	8HP	? (from $12)	not stated	https://www.nonlinearcircuits.com/modules/p/badum-tisss	"MG: ""Snare/hi-hat module"""		2026-09-26
c84	Nonlinear Circuits	Balter	?	unknown	?	? (from $10)	not stated	https://www.nonlinearcircuits.com/modules/p/balter			2026-09-26
c85	Nonlinear Circuits	BBX291 VCF	VCF (vari-bandwidth, Buchla 291 style)	secondary source	?	? (from $15)	not stated	https://www.nonlinearcircuits.com/modules/p/bbx291	"MS: ""Vari-bandwidth VCF based on the Buchla 291"""		2026-09-26
c86	Nonlinear Circuits	Bi-di Choppers	switch	name only	?	? (from $12)	not stated	https://www.nonlinearcircuits.com/modules/p/bi-di-choppers			2026-09-26
c87	Nonlinear Circuits	Beat Freq	?	unknown	?	? (from $10)	not stated	https://www.nonlinearcircuits.com/modules/p/beat-freq			2026-09-26
c88	Nonlinear Circuits	Bindubba	step sequencer (16-stage, 2 clocks)	secondary source	28HP	? (from $22)	not stated	https://www.nonlinearcircuits.com/modules/p/bindubba	"MG: ""16 stage, two clock input (horizontal and vertical) step sequencer"""		2026-09-26
c89	Nonlinear Circuits	Bong0	drum voice (twin-T)	secondary source	4HP	? (from $10)	not stated	https://www.nonlinearcircuits.com/modules/p/bong0	"MG: ""Twin-T based drum module"""		2026-09-26
c90	Nonlinear Circuits	BOOLs	logic (4 chained gates)	secondary source	8HP	? (from $10)	not stated	https://www.nonlinearcircuits.com/modules/p/bools	"MG: ""4 chained logic gates with stepped and smooth outputs"""		2026-09-26
c91	Nonlinear Circuits	Brain Custard	chaotic oscillator (audio rate)	secondary source	12HP	? (from $17)	not stated	https://www.nonlinearcircuits.com/modules/p/brain-custard	"MG: ""Audio rate chaotic oscillator"""		2026-09-26
c92	Nonlinear Circuits	Cellular Automata	sequencer / logic (cellular automata)	name only	?	? (from $13)	not stated	https://www.nonlinearcircuits.com/modules/p/cellular-automata			2026-09-26
c93	Nonlinear Circuits	CEM3340 VCO	VCO (CEM3340)	secondary source	18HP	? (from $25)	not stated	https://www.nonlinearcircuits.com/modules/p/cem3340-vco	"MG: ""Aries-based CEM3340 VCO"""		2026-09-26
c94	Nonlinear Circuits	Chopper	analogue switch	secondary source	8HP	? (from $12)	not stated		"MG: ""Mad Analogue Switch"""		2026-09-26
c95	Nonlinear Circuits	Choral Generator	chorus (triple BBD)	secondary source	?	? (from $14)	not stated	https://www.nonlinearcircuits.com/modules/p/choralgen	"MS: ""Triple BBD chorus module to process audio and CV"""		2026-09-26
c96	Nonlinear Circuits	CLUMP	?	unknown	?	? (from $15)	not stated	https://www.nonlinearcircuits.com/modules/p/clump			2026-09-26
c97	Nonlinear Circuits	Cluster	matrix mixer (8x4, CV controlled)	secondary source	42HP	? (from $20)	not stated	https://www.nonlinearcircuits.com/modules/p/cluster	"MG: ""8x4 CV Controlled Matrix Mixer"""		2026-09-26
c98	Nonlinear Circuits	Delay No More	delay (dual serial PT2399)	secondary source	8HP	? (from $10)	not stated	https://www.nonlinearcircuits.com/modules/p/delay-no-more	"MG: ""Dual (serial) PT2399 delay"""		2026-09-26
c99	Nonlinear Circuits	DelayNoMore3	delay	name only	?	? (from $18)	not stated	https://www.nonlinearcircuits.com/modules/p/delay-no-more-3			2026-09-26
c100	Nonlinear Circuits	Dispersion Delay	delay	name only	?	? (from $18)	not stated	https://www.nonlinearcircuits.com/modules/p/dispersion-delay			2026-09-26
c101	Nonlinear Circuits	Digital Filter Simulator	?	unknown	?	? (from $14)	not stated	https://www.nonlinearcircuits.com/modules/p/digital-filter-simulator			2026-09-26
c102	Nonlinear Circuits	Divide & Conquer	clock divider	secondary source	8HP	? (from $10)	not stated	https://www.nonlinearcircuits.com/modules/p/divide-and-conquer	"MG: ""Clock divider module"""		2026-09-26
c103	Nonlinear Circuits	Divine CMOS	clock divider / ring mod / CV-gate pattern generator	secondary source	8HP	? (from $12)	not stated		"MG: ""Clock divider, ring modulator / sub harmonic generator"""		2026-09-26
c104	Nonlinear Circuits	Doof	drum voice	secondary source	8HP	? (from $12)	not stated	https://www.nonlinearcircuits.com/modules/p/doof	"MG: ""Drum module"""		2026-09-26
c105	Nonlinear Circuits	Double Penetration Filter	VCF (diode ladder into transistor ladder)	secondary source	12HP	? (from $10)	not stated		"MG: ""Diode Ladder Filter feeding into a transistor ladder via opto-couplers"""		2026-09-26
c106	Nonlinear Circuits	Dual Low Pass Gate	LPG (dual)	vendor page	?	? (from $14)	not stated	https://www.nonlinearcircuits.com/modules/p/dual-lpg			2026-09-26
c107	Nonlinear Circuits	Dual LFO	LFO (dual) + difference rectifier	secondary source	8HP	? (from $10)	not stated		"MG: ""dual LFO with difference rectifier"""		2026-09-26
c108	Nonlinear Circuits	Dual LFO/VCO	LFO / VCO (dual)	secondary source	?	? (from $12)	not stated	https://www.nonlinearcircuits.com/modules/p/dual-lfo	"MS: ""CV and sync, sine, square, tri and stepped outputs"""		2026-09-26
c109	Nonlinear Circuits	Dual OTA VCO	VCO (dual, OTA)	secondary source	14HP	? (from $10)	not stated	https://www.nonlinearcircuits.com/modules/p/dual-ota-vco	"MG: ""A dual tri-core OTA VCO"""		2026-09-26
c110	Nonlinear Circuits	Envelope follower	envelope follower	secondary source	4HP	? (from $8)	not stated	https://www.nonlinearcircuits.com/modules/p/4hp-envelope-follower	"MG: ""Based on the EF in the Buchla Easel"""		2026-09-26
c111	Nonlinear Circuits	Feague	VCF (4-pole) + quadrature oscillator	secondary source	10HP	? (from $12)	not stated	https://www.nonlinearcircuits.com/modules/p/feague	"MG: ""Four pole VCF and quadrature oscillator"""		2026-09-26
c112	Nonlinear Circuits	FK1T VCF	VCF (Korg FK-1 based)	secondary source	8HP	? (from $18)	not stated	https://www.nonlinearcircuits.com/modules/p/fk1t-vcf	"MG: ""VCF based on Korg FK-1 pedal"""		2026-09-26
c113	Nonlinear Circuits	Flipflop chaos	chaos generator (flip-flop)	secondary source	8HP	? (from $10)	not stated	https://www.nonlinearcircuits.com/modules/p/flipflop-chaos	"MG: ""Flip-flop chaos"""		2026-09-26
c114	Nonlinear Circuits	GENiE	neurons (x3) + difference rectifier	secondary source	?	? (from $12)	not stated	https://www.nonlinearcircuits.com/modules/p/genie	"MS: ""3 neuron circuits and a difference rectifier"""		2026-09-26
c115	Nonlinear Circuits	Giant B0n0	delay (vactrol PLL)	secondary source	12HP	? (from $15)	not stated		"MG: ""Vactrol PLL delay"""		2026-09-26
c116	Nonlinear Circuits	Hyperchaos Deluxe	chaos generator	secondary source	10HP	? (from $14)	not stated	https://www.nonlinearcircuits.com/modules/p/hyperchaos-deluxe	"MG: ""Expanded version of Primal Hyperchaos"""		2026-09-26
c117	Nonlinear Circuits	I can't believe it's not a VCO	?	unknown	?	? (from $12)	not stated	https://www.nonlinearcircuits.com/modules/p/i-cant-believe-its-not-a-vco			2026-09-26
c118	Nonlinear Circuits	Ian Fritz Hypster	chaos generator (Ian Fritz design)	name only	?	? (from $14)	not stated	https://www.nonlinearcircuits.com/modules/p/ian-fritz-hypster			2026-09-26
c119	Nonlinear Circuits	It's 555	?	unknown	?	? (from $14)	not stated				2026-09-26
c120	Nonlinear Circuits	Kareishuu VCO	VCO	name only	?	? (from $14)	not stated	https://www.nonlinearcircuits.com/modules/p/kareishuu-vco			2026-09-26
c121	Nonlinear Circuits	Let's Splosh	?	unknown	?	? (from $14)	not stated	https://www.nonlinearcircuits.com/modules/p/lets-splosh			2026-09-26
c122	Nonlinear Circuits	Low Pass Gate	LPG	secondary source	8HP	? (from $12)	not stated		"MG: ""Low Pass Gate"""		2026-09-26
c123	Nonlinear Circuits	LUX	?	unknown	?	? (from $8)	not stated				2026-09-26
c124	Nonlinear Circuits	Mixer	mixer + headphone amp	secondary source	8HP	? (from $12)	not stated	https://www.nonlinearcircuits.com/modules/p/mixer	"MG: ""Mixer with headphone amplifier section"""		2026-09-26
c125	Nonlinear Circuits	Mogue	mixer / VCA (1088)	secondary source	?	? (from $12)	not stated	https://www.nonlinearcircuits.com/modules/p/mogue	"MS: ""can be clean but also distort in a very musical way"""		2026-09-26
c126	Nonlinear Circuits	Mobius PiLL	chaotic oscillator (cross-coupled PLLs + LPGs)	secondary source	?	? (from $14)	not stated	https://www.matrixsynth.com/2019/09/nonlinearcircuits-mobius-pill-audio.html	"MS: ""contains two cross-coupled PLLs and two LPGs"""		2026-09-26
c127	Nonlinear Circuits	Multiband Distortion Processor	distortion (multiband)	secondary source	18HP	? (from $25)	not stated	https://www.nonlinearcircuits.com/modules/p/multiband-distortion-processor	"MG: ""Multi-band distortion processor"""		2026-09-26
c128	Nonlinear Circuits	Neuron	neuron / difference rectifier	secondary source	8HP	? (from $14)	not stated	https://www.nonlinearcircuits.com/modules/p/8hp-neuron	"MG: ""Neuron / Difference Rectifier"""		2026-09-26
c129	Nonlinear Circuits	Noiro-ze	?	unknown	?	? (from $12)	not stated	https://www.nonlinearcircuits.com/modules/p/noir0-ze			2026-09-26
c130	Nonlinear Circuits	Null-A2	synth voice (complete)	secondary source	42HP	? (from $40)	not stated	https://www.nonlinearcircuits.com/modules/p/null-a	"MG: ""All-in-one analogue synth packed into 42HP"""		2026-09-26
c131	Nonlinear Circuits	Numberwang	gate generator	secondary source	14HP	? (from $17)	not stated	https://www.nonlinearcircuits.com/modules/p/numberwang	"MG: ""Gate generator"""		2026-09-26
c132	Nonlinear Circuits	Plague of Demons	VCO (through-zero)	secondary source	12HP	? (from $14)	not stated	https://www.nonlinearcircuits.com/modules/p/plague-of-demons	"MG: ""Through-zero VCO"""		2026-09-26
c133	Nonlinear Circuits	Primal Hyperchaos	chaos generator	secondary source	8HP	? (from $10)	not stated		"MG: ""Variable range chaos generator"""		2026-09-26
c134	Nonlinear Circuits	Resonate	?	unknown	?	? (from $10)	not stated				2026-09-26
c135	Nonlinear Circuits	Router	router / signal switch	secondary source	8HP	? (from $18)	not stated		"MG: ""can deliver 1 into 4, 4 into 4 and 4 into 1"""		2026-09-26
c136	Nonlinear Circuits	Sauce of Unce	random voltage source (Buchla 265 style)	secondary source	10HP	? (from $17)	not stated	https://www.nonlinearcircuits.com/modules/p/sauce-of-unce	"MG: ""Buchla 265 DIY clone (functionally)"""		2026-09-26
c137	Nonlinear Circuits	Segue	VC panner / crossfader / VCA	secondary source	8HP	? (from $10)	not stated		"MG: ""VC panner, VC cross-fader, VCA and VC attenuator"""		2026-09-26
c138	Nonlinear Circuits	Serious Filter	VCF (ARP 4023 based)	secondary source	8HP	? (from $10)	not stated		"MG: ""VCF based on ARP 4023"""		2026-09-26
c139	Nonlinear Circuits	Shat-Noir	?	unknown	?	? (from $12)	not stated	https://www.nonlinearcircuits.com/modules/p/shat-noir			2026-09-26
c140	Nonlinear Circuits	Signum Hyperchaos	chaos generator	name only	?	? (from $12)	not stated				2026-09-26
c141	Nonlinear Circuits	Sly Grogan	envelope (ringing transient)	secondary source	8HP	? (from $12)	not stated	https://www.nonlinearcircuits.com/modules/p/sly-grogan	"MG: ""Ringing transient envelope generator"""		2026-09-26
c142	Nonlinear Circuits	Sloth Chaos	chaos CV generator (slow)	secondary source	4HP	? (from $8)	not stated	https://www.nonlinearcircuits.com/modules/p/4hp-sloth-chaos	"MG: ""Slow Chaos"""		2026-09-26
c143	Nonlinear Circuits	Sloth DK	chaos CV generator (slow)	name only	?	? (from $10)	not stated	https://www.nonlinearcircuits.com/modules/p/sloth-dk			2026-09-26
c144	Nonlinear Circuits	SPASM	?	unknown	?	? (from $12)	not stated	https://www.nonlinearcircuits.com/modules/p/spasm			2026-09-26
c145	Nonlinear Circuits	Squid Axon	analog shift register (chaotic)	secondary source	8HP	? (from $12)	not stated	https://www.nonlinearcircuits.com/modules/p/squid-axon	"MG: ""Chaotic Analogue Shift Register ASR"""		2026-09-26
c146	Nonlinear Circuits	Statues	?	unknown	?	? (from $10)	not stated	https://www.nonlinearcircuits.com/modules/p/statues			2026-09-26
c147	Nonlinear Circuits	The Big Room	?	unknown	?	? (from $14)	not stated	https://www.nonlinearcircuits.com/modules/p/the-big-room			2026-09-26
c148	Nonlinear Circuits	Timbre & Timbre	waveshaper (dual Buchla timbre)	secondary source	8HP	? (from $12)	not stated	https://www.nonlinearcircuits.com/modules/p/timbre-and-timbre	"MG: ""Dual Buchla Timbre"""		2026-09-26
c149	Nonlinear Circuits	Timbre!	waveshaper (Buchla Easel timbre)	secondary source	8HP	? (from $12)	not stated		"MG: ""Buchla Music Easel Timbre section clone"""		2026-09-26
c150	Nonlinear Circuits	Tracky Dacks	envelope (VC)	vendor listing	?	? (from $12)	not stated	https://www.nonlinearcircuits.com/modules/p/trackydacks	"NLC listing: ""Tracky Dacks (VC EG)"""		2026-09-26
c151	Nonlinear Circuits	Triad	envelope (triple AD/AR)	secondary source	8HP	? (from $12)	not stated		"MG: ""Triple AD/AR envelope generator with normalled triggering"""		2026-09-26
c152	Nonlinear Circuits	Triple Sloth	chaos CV generator (slow, x3)	secondary source	12HP (v1) / 8HP (v2)	? (from $10)	not stated	https://www.nonlinearcircuits.com/modules/p/triple-sloth	"MG: ""6x slow chaotic modulation"""		2026-09-26
c153	Nonlinear Circuits	Vac PiLL	LFO / oscillator (vactrol PLL)	secondary source	4HP	? (from $10)	not stated	https://www.nonlinearcircuits.com/modules/p/vac-pill	"MG: ""LFO/Oscillator"""		2026-09-26
c154	Nonlinear Circuits	VCAs	VCA (x3) + fuzz/distortion	secondary source	8HP	? (from $12)	not stated	https://www.nonlinearcircuits.com/modules/p/vcas	"MS: ""3 VCAs and a fuzz/distortion"""		2026-09-26
c155	Nonlinear Circuits	Wangernumb	multi-function (3-4 modules in one)	secondary source	14HP	? (from $15)	not stated	https://www.nonlinearcircuits.com/modules/p/wangernumb	"MG: ""Wangernumb is 3 modules in one...or 4"""		2026-09-26
c156	Nonlinear Circuits	VC ADSR	envelope (VC ADSR)	name only	?	? (from $10)	not stated				2026-09-26
c157	Nonlinear Circuits	Covfefe Bussboard	bus board	vendor page	?	single option ($20)	not stated				2026-09-26
c158	Nonlinear Circuits	Small PSU	power supply	vendor page	?	single option ($8)	not stated	https://www.nonlinearcircuits.com/modules/p/small-psu			2026-09-26
c159	AI Synthesis	AI001 Multiple	passive multiple	vendor page	eurorack 2HP	PCB / PCB+panel / full kit / built; build guide + manual PDF	not stated	https://aisynthesis.com/product/multiple-eurorack-synthesizer-module/	Split and distribute your modular's signals to multiple destinations		2026-09-26
c160	AI Synthesis	AI002 Audio and CV Mixer	mixer (3-in audio/CV)	vendor page	eurorack 6HP	PCB / PCB+panel / full kit / built; build guide, manual, schematic	not stated	https://aisynthesis.com/product/eurorack-audio-and-cv-mixer/	Perfect for adding audio inputs to a filter		2026-09-26
c161	AI Synthesis	AI003 Looping ADSR Envelope Generator	envelope (looping ADSR / LFO)	vendor page	eurorack 8HP	PCB / PCB+panel / full kit / built; build guide + manual PDF	not stated	https://aisynthesis.com/product/looping-adsr-envelope-generator-diy-kit/	A looping ADSR Envelope Generator		2026-09-26
c162	AI Synthesis	AI004 OTA Voltage Controlled Filter	VCF (MS-20 style OTA, LP/HP switchable)	vendor page	eurorack 8HP	PCB / PCB+panel / full kit / built; build guide, schematic, BOM	not stated	https://aisynthesis.com/product/diy-ms-20-filter/	switchable between Lowpass and Hi Pass modes		2026-09-26
c163	AI Synthesis	AI006 Eurorack Stomp Box Adapter	level converter / pedal FX interface	vendor page	eurorack 2HP	PCB / PCB+panel / full kit / built; build guide + manual	not stated	https://aisynthesis.com/product/ai006-eurorack-stomp-box-adapter/	Converts the higher signal levels of a modular system		2026-09-26
c164	AI Synthesis	AI007 Quad VCA Mixer	VCA (quad) / mixer	vendor page	eurorack 12HP	PCB / PCB+panel / full kit / built; build guide + manual	not stated	https://aisynthesis.com/product/ai007-quad-vca-mixer/	Compact, high quality, and flexible way to control voltage		2026-09-26
c165	AI Synthesis	AI008 Eurorack Matrix Mixer	matrix mixer (4 in x 3 out)	vendor page	eurorack 10HP	PCB / PCB+panel / full kit / built; manual, build guide, schematic	not stated	https://aisynthesis.com/product/ai008-eurorack-matrix-mixer/	Route any inputs to any outputs.		2026-09-26
c166	AI Synthesis	AI010 Switching Attenuator	attenuator (dual passive)	vendor page	eurorack 2HP	PCB / full kit / built; build guide + manual	not stated	https://aisynthesis.com/product/eurorack-attenuator/	change the output from 0V to 100% of the input		2026-09-26
c167	AI Synthesis	AI011 Analog Voltage Controlled Oscillator	VCO (analog, 3340)	vendor page	eurorack 8HP	PCB / PCB+panel / full kit / built; build guide, manual, schematic	not stated	https://aisynthesis.com/product/ai011-voltage-controlled-oscillator/	Robust and stable analog Eurorack VCO		2026-09-26
c168	AI Synthesis	AI012 Eurorack Wave Animator	waveshaper (VC dual-pulse wave animator)	vendor page	eurorack 8HP	PCB / PCB+panel / full kit / built; manual, build guide, schematic	not stated	https://aisynthesis.com/product/ai012-eurorack-wave-animator/	Produces two pulses per input wave cycle		2026-09-26
c169	AI Synthesis	AI016 Eurorack Tape Echo Interface	tape delay interface (3-head deck)	vendor page	eurorack 6HP	PCB / PCB+panel / full kit / built; manual, build guide, schematic/BOM	not stated	https://aisynthesis.com/product/ai016-eurorack-tape-echo-interface/	provides op-amp saturation on the input when pushed		2026-09-26
c170	AI Synthesis	AI017 Low Pass Gate	LPG (VCF/VCA)	vendor page	eurorack 8HP	PCB / PCB+panel / full kit / built; build guide, manual, schematic	not stated	https://aisynthesis.com/product/ai017-low-pass-gate/	can be used as a Voltage Controlled Filter, Voltage controlled Amplifier		2026-09-26
c171	AI Synthesis	AI018 Eurorack Stereo Matrix Mixer	matrix mixer (stereo)	vendor page	eurorack 18HP	PCB / PCB+panel / full kit / built; build guide, manual, schematic	not stated	https://aisynthesis.com/product/ai018-eurorack-stereo-matrix-mixer/	Route audio or cv signals from multiple sources to different destinations		2026-09-26
c172	AI Synthesis	AI022 Harmonic Mixer	mixer (discrete, saturating)	vendor page	eurorack 6HP	PCB / PCB+panel / full kit / built; build guide, manual, schematic	not stated	https://aisynthesis.com/product/harmonic-cp3-style-mixer/	As gain increases harmonics and analog warmth are added.		2026-09-26
c173	AI Synthesis	AI024 Eurorack X Filter	VCF (4-pole LP, self-oscillating)	vendor page	eurorack 6HP	PCB / PCB+panel / full kit / built; build guide + manual	not stated	https://aisynthesis.com/product/ai024-eurorack-x-filter/	Clean, classic, creamy filtering of classic 80s synths		2026-09-26
c174	AI Synthesis	AI026 Line I/O Interface	line-level I/O interface	vendor page	eurorack 4HP	PCB / PCB+panel / full kit / built; build guide, manual, schematic	not stated	https://aisynthesis.com/product/ai026-eurorack-line-interface/	converts between +/- 2V Line Signals and +/- 5V Eurorack signals		2026-09-26
c175	AI Synthesis	AI028 Voltage Controlled Matrix Mixer	VC matrix mixer (6x6, 36 VCAs)	vendor page	eurorack 16HP	presoldered SMD PCB / PCB+panel / presoldered kit / built; build guide, manual, schematic	not stated	https://aisynthesis.com/product/ai028-voltage-controlled-matrix-mixer/	36 Linear VCAs to control how much each input is fed		2026-09-26
c176	AI Synthesis	AI106 West Coast Eurorack Mixer	mixer (discrete, West Coast style)	vendor page	eurorack 6HP	PCB / PCB+panel / full kit / built; build guide + manual	not stated	https://aisynthesis.com/product/ai106-west-coast-eurorack-mixer/	Updates vintage West Coast synthesizer mixer designs into a modern form		2026-09-26
c177	AI Synthesis	AI250 Eurorack BXR	digital processor (boxcar averager, internal VCO)	vendor page	eurorack 14HP	PCB / PCB+panel / full kit / built; manual, build guide, firmware	not stated	https://aisynthesis.com/product/ai250-eurorack-bxr/	processes audio or cv signals against either another signal		2026-09-26
c178	Barton Musical Circuits	BMC001 Simple CV Quantizer	quantizer	vendor listing	?	web shop $14	not stated	https://www.bartonmusicalcircuits.com/cvquant/index.html	"store: ""outputs only voltages related to each othe.."""		2026-09-26
c179	Barton Musical Circuits	BMC003 CV Arpeggiator	arpeggiator (CV)	vendor listing	?	web shop $16	not stated	https://www.bartonmusicalcircuits.com/arpeggiator/index.html	"store: ""turning single notes into arpeggios in your modular synth"""		2026-09-26
c180	Barton Musical Circuits	BMC004 VC Master Clock/Divider	clock / divider	vendor listing	?	web shop $24	not stated	https://www.bartonmusicalcircuits.com/vcclock/index.html	"store: ""generates a clock signal output and up to six additional outputs"""		2026-09-26
c181	Barton Musical Circuits	Voltage to Rhythm Converter	CV-to-gate rhythm generator	name only	?	?	not stated	https://www.bartonmusicalcircuits.com/v2r/index.html	"index: ""VOLTAGE TO RHYTHM CONVERTER"""		2026-09-26
c182	Barton Musical Circuits	Multi-Window Comparator	comparator (multi-window)	name only	?	?	not stated	https://www.bartonmusicalcircuits.com/MWC/index.html	"index: ""MULTI-WINDOW COMPARATOR"""		2026-09-26
c183	Barton Musical Circuits	User Writable Quantizer	quantizer (user scales)	name only	?	?	not stated	https://www.bartonmusicalcircuits.com/uwq/index.html	"index: ""USER WRITABLE QUANTIZER"""		2026-09-26
c184	Barton Musical Circuits	Dual Decaying Noise	noise / percussion	name only	?	?	not stated	https://www.bartonmusicalcircuits.com/ddn/index.html	"index: ""DUAL DECAYING NOISE"""		2026-09-26
c185	Barton Musical Circuits	Wave Animator	waveshaper (wave animator)	name only	?	?	not stated	https://www.bartonmusicalcircuits.com/saw/index.html	"index: ""WAVE ANIMATOR"""		2026-09-26
c186	Barton Musical Circuits	BMC012 Stepped CV Generator	CV generator (trigger-stepped)	vendor listing	?	web shop $20	not stated	https://www.bartonmusicalcircuits.com/steppedcv/index.html	"store: ""uses trigger and gate signals to control a CV"""		2026-09-26
c187	Barton Musical Circuits	Random Resonator	resonator / random voice	name only	?	?	not stated	https://www.bartonmusicalcircuits.com/randres/index.html	"index: ""RANDOM RESONATOR"""		2026-09-26
c188	Barton Musical Circuits	BMC014 Gate Delay/Looper	gate delay / looper (1-bit)	vendor listing	?	web shop $14	not stated	https://www.bartonmusicalcircuits.com/gdelay/index.html	"store: ""a 1-bit digital delay/looper designed to be used with gate signals"""		2026-09-26
c189	Barton Musical Circuits	BMC015 VCA/Mixer	VCA / mixer (LM13700)	vendor listing	?	web shop $8	not stated	https://www.bartonmusicalcircuits.com/vcamix/index.html	"store: ""DIP package LM13700s have been replaced with SMD LM13700s"""		2026-09-26
c190	Barton Musical Circuits	BMC016 Dual Nice Quantizer	quantizer (dual)	vendor listing	?	web shop $18	not stated	https://www.bartonmusicalcircuits.com/dnq/index.html	"store: ""This is a two channel quantizer module."""		2026-09-26
c191	Barton Musical Circuits	BMC17 2LFO SH	LFO (x2) / S&H	vendor page	eurorack 8HP	PCB $8 + unfinished panel $8; schematic/build PDF	not stated	https://www.bartonmusicalcircuits.com/2LFO/index.html	All analog synthesizer module combining three different modules		2026-09-26
c192	Barton Musical Circuits	BMC018 Analog Drum	drum voice (analog)	vendor listing	?	web shop $8	not stated	https://www.bartonmusicalcircuits.com/drum/index.html	store: listing only		2026-09-26
c193	Barton Musical Circuits	BMC019 Delaying AR	envelope (AR with delay)	vendor listing	?	web shop $16	not stated	https://www.bartonmusicalcircuits.com/dar/index.html	"store: ""combines an Attack-Release Generator with a delay"""		2026-09-26
c194	Barton Musical Circuits	BMC020 1Song	generative voice (MCU)	vendor listing	?	web shop $18	not stated	https://www.bartonmusicalcircuits.com/1song/index.html	"store: ""microcontroller centered synthesizer module for generative (self composing)"""		2026-09-26
c195	Barton Musical Circuits	BMC021 Full Wave Dual Rectifier	rectifier / waveshaper	vendor listing	?	web shop $8	not stated	https://www.bartonmusicalcircuits.com/fwd/index.html	"store: ""used to alter the timbre and create new harmonic content"""		2026-09-26
c196	Barton Musical Circuits	BMC022 Automated Sequencer	step sequencer	vendor listing	?	web shop $20	not stated	https://www.bartonmusicalcircuits.com/autoseq/index.html	"store: ""It is a unique step sequencer"""		2026-09-26
c197	Barton Musical Circuits	BMC023 Decaying Analog Noise	noise / percussion	vendor listing	?	web shop $8	not stated	https://www.bartonmusicalcircuits.com/dan/index.html	store: listing only		2026-09-26
c198	Barton Musical Circuits	MIDI to Gate Converter	MIDI to gate	name only	?	?	not stated	https://www.bartonmusicalcircuits.com/M2G/index.html	"index: ""MIDI TO GATE CONVERTER"""		2026-09-26
c199	Barton Musical Circuits	BMC025 FM Drum	drum voice (FM)	vendor listing	?	web shop $8	not stated	https://www.bartonmusicalcircuits.com/fmd/index.html	store: listing only		2026-09-26
c200	Barton Musical Circuits	BMC026 Rando Chordo	chord generator (1 CV in, 4 voice CV out)	vendor listing	?	web shop $18	not stated	https://www.bartonmusicalcircuits.com/ranchord/index.html	"store: ""takes a single CV input and outputs 4 voice CV"""		2026-09-26
c201	Barton Musical Circuits	BMC027 Random Rhythms	gate sequencer (random, 4-ch)	vendor listing	?	web shop $18	not stated	https://www.bartonmusicalcircuits.com/ranrhythm/index.html	"store: ""a 4 channel randomized rhythm sequencer"""		2026-09-26
c202	Barton Musical Circuits	BMC028 Live Rhythm Quantizer	gate / rhythm quantizer	vendor listing	?	web shop $16	not stated	https://www.bartonmusicalcircuits.com/lrq/index.html	"store: ""make rhythms played on a live controller appear more in time"""		2026-09-26
c203	Barton Musical Circuits	BMC029 Single Multiplier/Divider	clock multiplier / divider (VC)	vendor listing	?	web shop $14	not stated	https://www.bartonmusicalcircuits.com/singlediv/index.html	"store: ""voltage controlled frequency divider/multiplier"""		2026-09-26
c204	Barton Musical Circuits	Guitar Input	instrument input / preamp	name only	?	?	not stated	https://www.bartonmusicalcircuits.com/gtrin/index.html	"index: ""GUITAR INPUT"""		2026-09-26
c205	Barton Musical Circuits	BMC031 QTLFO	LFO (quadrature trapezoid)	vendor listing	?	web shop $8	not stated	https://www.bartonmusicalcircuits.com/qtlfo/index.html	"store: ""Quadrature Trapezoidal Low Frequency Oscillator"""		2026-09-26
c206	Barton Musical Circuits	BMC032 Blended Bandpass	filter (manual bandpass)	vendor listing	?	web shop $8	not stated	https://www.bartonmusicalcircuits.com/bandpass/index.html	"store: ""a manually controlled bandpass filter module"""		2026-09-26
c207	Barton Musical Circuits	BMC033 4046 Shaper	waveshaper (4046 PLL)	vendor listing	?	web shop $8	not stated	https://www.bartonmusicalcircuits.com/4046/index.html	"store: ""all analog synthesizer module used to create new timbres"""		2026-09-26
c208	Barton Musical Circuits	BMC034 Switched Resistor VCF	VCF (switched resistor)	vendor listing	?	web shop $8	not stated	https://www.bartonmusicalcircuits.com/srv/index.html	"store: ""employs resistors with analog switches to control frequency"""		2026-09-26
c209	Barton Musical Circuits	BMC035 Bytewise Operator	CV logic (XOR / AND / sum / difference)	vendor listing	?	web shop $18	not stated	https://www.bartonmusicalcircuits.com/xor/index.html	"store: ""performs either XOR, AND, Summing or Difference operations"""		2026-09-26
c210	Barton Musical Circuits	BMC036 Digital Hi Hat	drum voice (hi-hat, digital)	vendor listing	?	web shop $18	not stated	https://www.bartonmusicalcircuits.com/hihat/index.html	"store: ""a percussion module which is loosely modeled on the hi-hat"""		2026-09-26
c211	Barton Musical Circuits	Eurorack Buffer	buffered multiple	name only	?	?	not stated	https://www.bartonmusicalcircuits.com/eurobuffer/index.html	"index: ""EURORACK BUFFER"""		2026-09-26
c212	Barton Musical Circuits	Panel Keyboard	keyboard controller	name only	?	?	not stated	https://www.bartonmusicalcircuits.com/keyboard/index.html	"index: ""PANEL KEYBOARD"""		2026-09-26
c213	Barton Musical Circuits	BMC039 Step Rhythm	gate sequencer (step)	vendor listing	?	web shop $20	not stated	https://www.bartonmusicalcircuits.com/steprhythm/index.html	"store: ""This is a step sequencer module."""		2026-09-26
c214	Barton Musical Circuits	BMC040 Dual Logic	logic (Boolean, 2-ch)	vendor listing	?	web shop $16	not stated	https://www.bartonmusicalcircuits.com/logic/index.html	"store: ""This is a Boolean logic module."""		2026-09-26
c215	Barton Musical Circuits	CV Spreader	CV processor (spread)	name only	?	?	not stated	https://www.bartonmusicalcircuits.com/cvspread/index.html	"index: ""CV SPREADER"""		2026-09-26
c216	Barton Musical Circuits	BMC42 Simple AR	envelope (AR/AD, digital)	vendor page	eurorack 6HP	PCB/PIC set $14 + unfinished panel $8; schematic, build instructions, parts list	not stated	https://www.bartonmusicalcircuits.com/simplear/index.html	Simple to use with just two pots and two toggles		2026-09-26
c217	Barton Musical Circuits	4X Decay	envelope (quad decay)	name only	?	?	not stated	https://www.bartonmusicalcircuits.com/4xd/index.html	"index: ""4X DECAY"""		2026-09-26
c218	Barton Musical Circuits	BMC044 4 Knob Sequencer	sequencer (4-step)	vendor listing	?	web shop $18	not stated	https://www.bartonmusicalcircuits.com/4knob/index.html	"store: ""generate lots of output from a very minimal amount"""		2026-09-26
c219	Barton Musical Circuits	Programmable Router	switch / router	name only	?	?	not stated	https://www.bartonmusicalcircuits.com/router/index.html	"index: ""PROGRAMMABLE ROUTER"""		2026-09-26
c220	Barton Musical Circuits	Digital Noise	noise source (digital)	name only	?	?	not stated	https://www.bartonmusicalcircuits.com/dignoise/index.html	"index: ""DIGITAL NOISE"""		2026-09-26
c221	Barton Musical Circuits	BMC47 Balanced Outputs	output (4x balanced, attenuated)	vendor page	eurorack 14HP	PCB $8 + unfinished panel $12; schematic/build docs	not stated	https://www.bartonmusicalcircuits.com/balanced/index.html	useful for multi-track recording or for live sound		2026-09-26
c222	Barton Musical Circuits	BMC048 Single Random Rhythm	gate sequencer (random, 1-ch)	vendor listing	?	web shop $16	not stated	https://www.bartonmusicalcircuits.com/singlerhythm/index.html	"store: ""a single channel version of the BMC27 Random Rhythm module"""		2026-09-26
c223	Barton Musical Circuits	BMC49 Attenuverting Mixer	mixer (5-ch attenuverting, DC)	vendor page	eurorack 8HP	PCB $8 + unfinished panel $8; schematic/build PDF	not stated	https://www.bartonmusicalcircuits.com/atnmix/index.html	An attenuverter is a single knob that attenuate and invert		2026-09-26
c224	Barton Musical Circuits	Manual Voltages	manual CV source	name only	?	?	not stated	https://www.bartonmusicalcircuits.com/manvolt/index.html	"index: ""MANUAL VOLTAGES"""		2026-09-26
c225	Barton Musical Circuits	BMC051 Preset Rhythms	drum-pattern gate generator (PIC)	vendor listing	?	web shop $16	not stated	https://www.bartonmusicalcircuits.com/preset/index.html	"store: ""a PIC-based rhythm generator inspired by old rhythm boxes"""		2026-09-26
c226	Barton Musical Circuits	Chordizer	chord generator	name only	?	?	not stated	https://www.bartonmusicalcircuits.com/chordizer/index.html	"index: ""CHORDIZER"""		2026-09-26
c227	Barton Musical Circuits	Four Quadrant Multiplier and Panner	ring modulator / VCA / panner	name only	?	?	not stated	https://www.bartonmusicalcircuits.com/4qmp/index.html	"index: ""FOUR QUADRANT MULTIPLIER AND PANNER"""		2026-09-26
c228	Barton Musical Circuits	BMC54 Stereo Output	output mixer (4-ch pan, headphone)	vendor page	eurorack 12HP	PCB $8 + unfinished panel $8; schematic/build PDF	not stated	https://www.bartonmusicalcircuits.com/stereoouts/index.html	4 channel panning mixer that provides stereo outputs		2026-09-26
c229	Barton Musical Circuits	BMC55 Sallen-Key VCF	VCF (Sallen-Key LP/HP)	vendor page	eurorack 6HP	PCB $8 + unfinished panel $8; schematic, build, parts PDF	not stated	https://www.bartonmusicalcircuits.com/skvcf/index.html	capable of self-oscillation		2026-09-26
c230	Barton Musical Circuits	Utility Buttons	manual gate buttons	name only	?	?	not stated	https://www.bartonmusicalcircuits.com/utilitybuttons/index.html	"index: ""Utility Buttons"""		2026-09-26
c231	Barton Musical Circuits	Gated Slew	slew limiter (gated)	name only	?	?	not stated	https://www.bartonmusicalcircuits.com/gslew/index.html	"index: ""GATED SLEW"""		2026-09-26
c232	Barton Musical Circuits	Yes No Maybe	Bernoulli gate / random gate	name only	?	?	not stated	https://www.bartonmusicalcircuits.com/yesnomaybe/index.html	"index: ""YES NO MAYBE"""		2026-09-26
c233	Barton Musical Circuits	Multi PWM	waveshaper (multi PWM)	name only	?	?	not stated	https://www.bartonmusicalcircuits.com/multipwm/index.html	"index: ""MULTI PWM"""		2026-09-26
c234	Barton Musical Circuits	Toggle Quantizer	quantizer (toggle scale select)	name only	?	?	not stated	https://www.bartonmusicalcircuits.com/tquant/index.html	"index: ""TOGGLE QUANTIZER"""		2026-09-26
c235	Barton Musical Circuits	VC Multiplexer	sequential switch / multiplexer	name only	?	?	not stated	https://www.bartonmusicalcircuits.com/mux/index.html	"index: ""VC MULTIPLEXER"""		2026-09-26
c236	Barton Musical Circuits	Simple Blend	crossfader	name only	?	?	not stated	https://www.bartonmusicalcircuits.com/blend/index.html	"index: ""SIMPLE BLEND"""		2026-09-26
c237	Barton Musical Circuits	4HP Binary Counter / Divider	clock divider (binary)	name only	eurorack 4HP (title)	?	not stated	https://www.bartonmusicalcircuits.com/4hp/binarycounter/index.html	"index: ""4HP BINARY COUNTER / DIVIDER"""		2026-09-26
c238	Barton Musical Circuits	4HP Decade Counter	clock divider / counter (decade)	name only	eurorack 4HP (title)	?	not stated	https://www.bartonmusicalcircuits.com/4hp/decade/index.html	"index: ""4HP DECADE COUNTER"""		2026-09-26
c239	Barton Musical Circuits	4HP 3In 4Out Logic Gates	logic	name only	eurorack 4HP (title)	?	not stated	https://www.bartonmusicalcircuits.com/4hp/3i4o/index.html	"index: ""4HP 3IN 4OUT LOGIC GATES"""		2026-09-26
c240	Barton Musical Circuits	4HP 2x3 Buffer	buffered multiple (2x3)	name only	eurorack 4HP (title)	?	not stated	https://www.bartonmusicalcircuits.com/4hp/2x3buffer/index.html	"index: ""4HP 2X3 Buffer"""		2026-09-26
c241	Barton Musical Circuits	4HP Quad Voltage Inverter	inverter (x4)	name only	eurorack 4HP (title)	?	not stated	https://www.bartonmusicalcircuits.com/4hp/4invert/index.html	"index: ""4HP Quad Voltage Inverter"""		2026-09-26
c242	Barton Musical Circuits	BMC68 4HP Unity Mixer	mixer (5-in unity, inv/non-inv outs)	vendor page	eurorack 4HP	PCB $8 + unfinished panel $7; schematic, parts, build PDF	not stated	https://www.bartonmusicalcircuits.com/4hp/unitymix/index.html	Unity gain means neither amplifying nor attenuating the input signals.		2026-09-26
c243	Barton Musical Circuits	4HP Gate to Trigger Converter	gate to trigger	name only	eurorack 4HP (title)	?	not stated	https://www.bartonmusicalcircuits.com/4hp/g2t/index.html	"index: ""4HP GATE TO TRIGGER CONVERTER"""		2026-09-26
c244	Barton Musical Circuits	Trigger to Gate Converter	trigger to gate	name only	?	?	not stated	https://www.bartonmusicalcircuits.com/t2g/index.html	"index: ""TRIGGER TO GATE CONVERTER"""		2026-09-26
c245	Barton Musical Circuits	4HP Dual SR Latch	logic (SR flip-flop x2)	name only	eurorack 4HP (title)	?	not stated	https://www.bartonmusicalcircuits.com/4hp/2latch/index.html	"index: ""4HP DUAL SR LATCH"""		2026-09-26
c246	Barton Musical Circuits	4HP 4In 3Out Logic Gates	logic	name only	eurorack 4HP (title)	?	not stated	https://www.bartonmusicalcircuits.com/4hp/4i3o/index.html	"index: ""4HP 4IN 3OUT LOGIC GATES"""		2026-09-26
c247	Barton Musical Circuits	4 Knob Dual Decaying Noise	noise / percussion	name only	?	?	not stated	https://www.bartonmusicalcircuits.com/4knobddn/index.html	"index: ""4 KNOB DUAL DECAYING NOISE"""		2026-09-26
c248	Barton Musical Circuits	Attenuate Offset Invert	attenuator / offset / inverter	name only	?	?	not stated	https://www.bartonmusicalcircuits.com/attoffinv/index.html	"index: ""ATTENUATE OFFSET INVERT"""		2026-09-26
c249	Barton Musical Circuits	Envelope Follower	envelope follower	name only	?	?	not stated	https://www.bartonmusicalcircuits.com/envelope/index.html	"index: ""ENVELOPE FOLLOWER"""		2026-09-26
c250	Barton Musical Circuits	4HP Common Input Logic Gates	logic	name only	eurorack 4HP (title)	?	not stated	https://www.bartonmusicalcircuits.com/4hp/cand/index.html	"index: ""4HP COMMON INPUT LOGIC GATES"""		2026-09-26
c251	Barton Musical Circuits	4HP Parallel DAC	DAC (gates to CV)	name only	eurorack 4HP (title)	?	not stated	https://www.bartonmusicalcircuits.com/4hp/dac/index.html	"index: ""4HP PARALLEL DAC"""		2026-09-26
c252	Barton Musical Circuits	Infrared Input	IR sensor controller	name only	?	?	not stated	https://www.bartonmusicalcircuits.com/irin/index.html	"index: ""INFRARED INPUT"""		2026-09-26
c253	Barton Musical Circuits	Rise Fall Detector	slope detector	name only	?	?	not stated	https://www.bartonmusicalcircuits.com/risefall/index.html	"index: ""RISE FALL DETECTOR"""		2026-09-26
c254	Barton Musical Circuits	Diode Low Pass Filter	VCF (diode LP)	name only	?	?	not stated	https://www.bartonmusicalcircuits.com/diodelpf/index.html	"index: ""DIODE LOW PASS FILTER"""		2026-09-26
c255	Barton Musical Circuits	4HP Gate Inverter	gate inverter	name only	eurorack 4HP (title)	?	not stated	https://www.bartonmusicalcircuits.com/4hp/gateinv/index.html	"index: ""4HP GATE INVERTER"""		2026-09-26
c256	Barton Musical Circuits	4HP Triangle Frequency Doubler	waveshaper (frequency doubler)	name only	eurorack 4HP (title)	?	not stated	https://www.bartonmusicalcircuits.com/4hp/freqdoubler/index.html	"index: ""4HP TRIANGLE FREQUENCY DOUBLER"""		2026-09-26
c257	Barton Musical Circuits	VC Delay	delay (VC)	name only	?	?	not stated	https://www.bartonmusicalcircuits.com/vcdelay/index.html	"index: ""VC DELAY"""		2026-09-26
c258	Barton Musical Circuits	2 Ch Voltage to Rhythm	CV-to-gate rhythm (2-ch)	name only	?	?	not stated	https://www.bartonmusicalcircuits.com/2chv2r/index.html	"index: ""2 CH VOLTAGE TO RHYTHM"""		2026-09-26
c259	Barton Musical Circuits	2X VC LFO	LFO (x2, VC)	name only	?	?	not stated	https://www.bartonmusicalcircuits.com/2vclfo/index.html	"index: ""2X VC LFO"""		2026-09-26
c260	Barton Musical Circuits	Diode High Pass Filter	VCF (diode HP)	name only	?	?	not stated	https://www.bartonmusicalcircuits.com/diodehp/index.html	"index: ""DIODE HIGH PASS FILTER"""		2026-09-26
c261	Barton Musical Circuits	VC Release	envelope (VC release)	name only	?	?	not stated	https://www.bartonmusicalcircuits.com/vcrelease/index.html	"index: ""VC RELEASE"""		2026-09-26
c262	Barton Musical Circuits	PWM VCA/Blend	VCA / crossfader (PWM)	name only	?	?	not stated	https://www.bartonmusicalcircuits.com/pwmvca/index.html	"index: ""PWM VCA/BLEND"""		2026-09-26
c263	Barton Musical Circuits	Transposer	pitch CV transposer	name only	?	?	not stated	https://www.bartonmusicalcircuits.com/transposer/index.html	"index: ""TRANSPOSER"""		2026-09-26
c264	Barton Musical Circuits	Wave Pulse Animator	waveshaper (pulse animator)	name only	?	?	not stated	https://www.bartonmusicalcircuits.com/pulsewave/index.html	"index: ""WAVE PULSE ANIMATOR"""		2026-09-26
c265	Barton Musical Circuits	10 Band Equalizer	EQ (10-band graphic)	name only	?	?	not stated	https://www.bartonmusicalcircuits.com/10band/index.html	"index: ""10 BAND EQUALIZER"""		2026-09-26
c266	Barton Musical Circuits	Sample Release	S&H / envelope hybrid	name only	?	?	not stated	https://www.bartonmusicalcircuits.com/samplerelease/index.html	"index: ""SAMPLE RELEASE"""		2026-09-26
c267	Barton Musical Circuits	Diode Shaper VCA	VCA (diode) / waveshaper	name only	?	?	not stated	https://www.bartonmusicalcircuits.com/diodevca/index.html	"index: ""DIODE SHAPER VCA"""		2026-09-26
c268	Barton Musical Circuits	Trimmed Balanced Outs	output (balanced)	name only	?	?	not stated	https://www.bartonmusicalcircuits.com/trimbal/index.html	"index: ""TRIMMED BALANCED OUTS"""		2026-09-26
c269	Barton Musical Circuits	NOR Subharmonizer	subharmonic generator	name only	?	?	not stated	https://www.bartonmusicalcircuits.com/norsub/index.html	"index: ""NOR SUBHARMONIZER"""		2026-09-26
c270	Barton Musical Circuits	4LFO	LFO (x4)	name only	?	?	not stated	https://www.bartonmusicalcircuits.com/4lfo/index.html	"index: ""4LFO"""		2026-09-26
c271	Barton Musical Circuits	Rectifier/Recombiner	rectifier / waveshaper	name only	eurorack 4HP? (URL)	?	not stated	https://www.bartonmusicalcircuits.com/4hprec/index.html	"index: ""RECTIFIER/RECOMBINER"""		2026-09-26
c272	Barton Musical Circuits	Toggle Router	switch / router	name only	?	?	not stated	https://www.bartonmusicalcircuits.com/togglerouter/index.html	"index: ""TOGGLE ROUTER"""		2026-09-26
c273	Barton Musical Circuits	Dual AR Generator	envelope (dual AR)	name only	?	?	not stated	https://www.bartonmusicalcircuits.com/dualar/index.html	"index: ""DUAL AR GENERATOR"""		2026-09-26
c274	Barton Musical Circuits	Deluxe Decaying Analog Noise	noise / percussion	name only	?	?	not stated	https://www.bartonmusicalcircuits.com/deluxedan/index.html	"index: ""DELUXE DECAYNG ANALOG NOISE"""		2026-09-26
c275	Barton Musical Circuits	Electret Microphone	microphone preamp / input	name only	?	?	not stated	https://www.bartonmusicalcircuits.com/microphone/index.html	"index: ""ELECTRET MICROPHONE"""		2026-09-26
c276	Barton Musical Circuits	Synchronized Resonator	resonator / oscillator	name only	?	?	not stated	https://www.bartonmusicalcircuits.com/synchres/index.html	"index: ""SYNCHRONIZED RESONATOR"""		2026-09-26
c277	Barton Musical Circuits	Clipper Bank	distortion / clipper	name only	eurorack 4HP? (URL)	?	not stated	https://www.bartonmusicalcircuits.com/4hpclip/index.html	"index: ""CLIPPER BANK"""		2026-09-26
c278	Barton Musical Circuits	Parallel Melody Generator	melody / CV sequencer	name only	?	?	not stated	https://www.bartonmusicalcircuits.com/pmelody/index.html	"index: ""PARALLEL MELODY GENERATOR"""		2026-09-26
c279	Barton Musical Circuits	JFET Phaser	phaser	name only	?	?	not stated	https://www.bartonmusicalcircuits.com/phaser/index.html	"index: ""JFET PHASER"""		2026-09-26
c280	Barton Musical Circuits	Resonant Glide	slew / portamento	name only	?	?	not stated	https://www.bartonmusicalcircuits.com/resglide/index.html	"index: ""RESONANT GLIDE"""		2026-09-26
c281	Barton Musical Circuits	Dual Comparator w/Logic	comparator + logic	name only	?	?	not stated	https://www.bartonmusicalcircuits.com/dualcomp/index.html	"index: ""DUAL COMPARATOR w/LOGIC"""		2026-09-26
c282	Barton Musical Circuits	MIDI to CV Converter	MIDI to CV	name only	?	?	not stated	https://www.bartonmusicalcircuits.com/midi2cv/index.html	"index: ""MIDI TO CV CONVERTER"""		2026-09-26
c283	Barton Musical Circuits	VC Distortion	distortion (VC)	name only	?	?	not stated	https://www.bartonmusicalcircuits.com/vcdist/index.html	"index: ""VC DISTORTION"""		2026-09-26
c284	Barton Musical Circuits	Rhythm to Voltage	gate to CV	name only	?	?	not stated	https://www.bartonmusicalcircuits.com/r2v/index.html	"index: ""RHYTHM TO VOLTAGE"""		2026-09-26
c285	Barton Musical Circuits	CMOS Chime	percussion voice (CMOS)	name only	?	?	not stated	https://www.bartonmusicalcircuits.com/cmoschime/index.html	"index: ""CMOS CHIME"""		2026-09-26
c286	Barton Musical Circuits	Divided Step Sequencer	step sequencer	name only	?	?	not stated	https://www.bartonmusicalcircuits.com/divseq/index.html	"index: ""DIVIDED STEP SEQUENCER"""		2026-09-26
c287	Barton Musical Circuits	Volt Compute	CV math	name only	eurorack 4HP? (URL)	?	not stated	https://www.bartonmusicalcircuits.com/4hp/voltcompute/index.html	"index: ""VOLT COMPUTE"""		2026-09-26
c288	Barton Musical Circuits	Diode Break Shaper	waveshaper (diode)	name only	?	?	not stated	https://www.bartonmusicalcircuits.com/dbreak/index.html	"index: ""DIODE BREAK SHAPER"""		2026-09-26
c289	Barton Musical Circuits	Resonance Loop VCF	VCF	name only	?	?	not stated	https://www.bartonmusicalcircuits.com/resloop/index.html	"index: ""RESONANCE LOOP VCF"""		2026-09-26
c290	Barton Musical Circuits	BMC116 VC Burst Generator	trigger burst generator (VC)	vendor listing	?	web shop $14	not stated	https://www.bartonmusicalcircuits.com/vcburst/index.html	"store: ""BMC116 VC Burst Generator ($14.00)"""		2026-09-26
c291	Barton Musical Circuits	BMC117 Simple Square VCO	VCO (square)	vendor listing	?	web shop $14	not stated	https://www.bartonmusicalcircuits.com/simplesquare/index.html	"store: ""BMC117 Simple Square VCO ($14.00)"""		2026-09-26
c292	Barton Musical Circuits	BMC118 Graphic Envelope Generator	envelope (graphic / multi-stage)	vendor listing	?	web shop $28	not stated	https://www.bartonmusicalcircuits.com/graphicenv/index.html	"store: ""BMC118 Graphic Envelope Generator ($28.00)"""		2026-09-26
c293	Barton Musical Circuits	BMC119 Digital Voltage Shift Register	shift register (CV)	vendor listing	?	web shop $18	not stated	https://www.bartonmusicalcircuits.com/shiftreg/index.html	"store: ""BMC119 Digital Voltage Shift Register ($18.00)"""		2026-09-26
c294	Barton Musical Circuits	BMC120 Digital Depth VCO	VCO (digital)	vendor listing	?	web shop $18	not stated	https://www.bartonmusicalcircuits.com/ddvco/index.html	"store: ""BMC120 Digital Depth VCO ($18.00)"""		2026-09-26
c295	Look Mum No Computer	1114 Eurorack Filter GRRR	VCF + VCA (distorting)	vendor page	eurorack (HP ?)	sold assembled; no schematic / licence found	not stated (no licence on LMNC pages)	https://www.lookmumnocomputer.com/1114-eurorack-filter-grrr	the Kosmo Format distorting Filter/VCA in eurorack format!		2026-09-26
c296	Look Mum No Computer	1222 Eurorack Oscillator	VCO (performance oscillator, with tuner)	vendor page	eurorack (HP ?)	SMT-assembled PCB + panel by special order; no licence	not stated (no licence on LMNC pages)	https://www.lookmumnocomputer.com/1222-eurorack-oscillator	1222 PERFORMANCE OSCILLATOR IN EURORACK FORMAT		2026-09-26
c297	Look Mum No Computer	2001 Eurorack Performance Sequencer	sequencer (dual 8 / 16 step)	vendor page	eurorack 48HP	? ; schematic and code on the 2001 keyboard sequencer page; no licence	not stated (no licence on LMNC pages)	https://www.lookmumnocomputer.com/2001sequencer	48HP width.		2026-09-26
c298	Look Mum No Computer	2399 Eurorack Triple Splashback	delay (3 x PT2399, sequenced)	vendor page	eurorack (HP ?)	SMT-assembled PCB + panel by special order; BOM PDF; no licence	not stated (no licence on LMNC pages)	https://www.lookmumnocomputer.com/2399-eurorack-triple-splashback	AN EXACT VERSION OF THE KOSMO FORMAT 2399 TRIPLE SPLASHBACK		2026-09-26
c299	Befaco	Iroi	stereo FX (atmospheric processor)	vendor page	eurorack 18HP	DIY kit; GitHub Befaco/Iroi GPL-3.0 (contents ?)	"no - non-commercial licence (Befaco About Us: designs published ""CC-NC-SA"")"	https://shop.befaco.org/full-kits/1432-iroi-diy-kit.html	A Shortcut for Atmospheric Processing		2026-09-26
c300	Befaco	Phono Amp	preamp (phono)	vendor page	eurorack (HP ?)	DIY kit	"no - non-commercial licence (Befaco About Us: designs published ""CC-NC-SA"")"	https://shop.befaco.org/full-kits/1390-phono-amp-diy-kit.html	Vinyl culture and modular synths coming together		2026-09-26
c301	Befaco	Pedal S-R	FX send / return interface	vendor page	eurorack (HP ?)	DIY kit	"no - non-commercial licence (Befaco About Us: designs published ""CC-NC-SA"")"	https://shop.befaco.org/full-kits/1388-pedal-s-r-diy-kit.html	The perfect interface to connect external FX to your modular		2026-09-26
c302	Befaco	Pedal Pow	power (powers guitar pedals)	vendor page	eurorack (HP ?)	DIY kit	"no - non-commercial licence (Befaco About Us: designs published ""CC-NC-SA"")"	https://shop.befaco.org/full-kits/1386-pedal-pow-diy-kit.html	Optimize your gig setup by powering your favorite pedals		2026-09-26
c303	Befaco	DivKid Mutes mk2	mutes (VCA based)	vendor page	eurorack (HP ?)	DIY kit	"no - non-commercial licence (Befaco About Us: designs published ""CC-NC-SA"")"	https://shop.befaco.org/full-kits/1384-divkid-mutes-mk2-diy-kit.html	DIY kit of the Divkid Mutes mk2 module		2026-09-26
c304	Befaco	Atte	attenuverter / offset / splitter (quad)	vendor page	eurorack (HP ?)	DIY kit	"no - non-commercial licence (Befaco About Us: designs published ""CC-NC-SA"")"	https://shop.befaco.org/full-kits/1344-atte-diy-kit.html	Quad Attenuator/Inverter, Splitter, and Offset Generator		2026-09-26
c305	Befaco	Mixer V3	mixer (4 to 1, audio / CV)	vendor page	eurorack (HP ?)	DIY kit	"no - non-commercial licence (Befaco About Us: designs published ""CC-NC-SA"")"	https://shop.befaco.org/full-kits/1342-mixer-v3-diy-kit.html	Utilitarian audio and CV mixer		2026-09-26
c306	Befaco	Slew	slew limiter / slope detector	vendor page	eurorack (HP ?)	DIY kit	"no - non-commercial licence (Befaco About Us: designs published ""CC-NC-SA"")"	https://shop.befaco.org/full-kits/1340-slew-diy-kit.html	Voltage-controlled lag processor and slope detector		2026-09-26
c307	Befaco	MuDi	clock multiplier / divider	vendor page	eurorack 2HP	DIY kit	"no - non-commercial licence (Befaco About Us: designs published ""CC-NC-SA"")"	https://shop.befaco.org/full-kits/1338-mudi-diy-kit.html	Clock Multiple, Conditioner, and Divider in a compact 2HP format		2026-09-26
c308	Befaco	A*B+C V4	voltage processor (attenuverter / offset / multiplier)	vendor page	eurorack (HP ?)	DIY kit	"no - non-commercial licence (Befaco About Us: designs published ""CC-NC-SA"")"	https://shop.befaco.org/full-kits/1336-abc-v4-diy-kit.html	Voltage-Controlled Voltage Processor		2026-09-26
c309	Befaco	Bandit	filter bank (band-pass) + VCAs	vendor page	eurorack (HP ?)	DIY kit	"no - non-commercial licence (Befaco About Us: designs published ""CC-NC-SA"")"	https://shop.befaco.org/full-kits/1331-bandit-diy-kit.html	A spectral processing playground		2026-09-26
c310	Befaco	Molten Bypass	stereo bypass / send switching	vendor page	eurorack (HP ?)	DIY kit	"no - non-commercial licence (Befaco About Us: designs published ""CC-NC-SA"")"	https://shop.befaco.org/full-kits/1326-molten-bypass-diy-kit.html	Stereo bypass module to gate control send signals		2026-09-26
c311	Befaco	Oneiroi	synth voice (digital, ambient)	vendor page	eurorack (HP ?)	DIY kit; GitHub Befaco/Oneiroi GPL-3.0 (firmware)	"no - non-commercial licence (Befaco About Us: designs published ""CC-NC-SA"")"	https://shop.befaco.org/diy/1319-oneiroi-diy-kit-8436590352199.html	experimental synth voice focused on ambient pads		2026-09-26
c312	Befaco	MIDI Thing V2	MIDI to CV	vendor page	eurorack (HP ?)	DIY kit; GitHub Befaco/MIDIThing2 (no licence shown)	"no - non-commercial licence (Befaco About Us: designs published ""CC-NC-SA"")"	https://shop.befaco.org/full-kits/1317-midi-thing-v2-kit-8436590352120.html	DIY Version of our huge upgrade		2026-09-26
c313	Befaco	ILSE	synth voice	vendor page	eurorack 10HP	DIY kit	"no - non-commercial licence (Befaco About Us: designs published ""CC-NC-SA"")"	https://shop.befaco.org/full-kits/1310-ilse-diy-kit-8436590352168.html	fully functional synthesizer voice in 10 HP		2026-09-26
c314	Befaco	Octaves VCO	VCO (additive-style)	vendor page	eurorack (HP ?)	DIY kit	"no - non-commercial licence (Befaco About Us: designs published ""CC-NC-SA"")"	https://shop.befaco.org/full-kits/1309-octaves-vco-diy-kit-8436590352106.html	A harsh and funky take of an additive Oscillator		2026-09-26
c315	Befaco	Pony VCF	VCF (LP) + VCA + mixer	vendor page	eurorack (HP ?)	DIY kit	"no - non-commercial licence (Befaco About Us: designs published ""CC-NC-SA"")"	https://shop.befaco.org/full-kits/1307-pony-vcf-diy-kit-8436590351758.html	Space-conscious lowpass filter and volume processor		2026-09-26
c316	Befaco	DivKid Output Bus	output	vendor page	eurorack (HP ?)	DIY kit	"no - non-commercial licence (Befaco About Us: designs published ""CC-NC-SA"")"	https://shop.befaco.org/full-kits/1305-divkid-output-bus-diy-kit-8436590352144.html	The Output Bus is your ultimate output module		2026-09-26
c317	Befaco	Voltio	precision voltage source / adder	vendor page	eurorack (HP ?)	DIY kit	"no - non-commercial licence (Befaco About Us: designs published ""CC-NC-SA"")"	https://shop.befaco.org/full-kits/1300-voltio-diy-kit-8436590351673.html	An accurate voltage source and precision adder		2026-09-26
c318	Befaco	FX Boy	multi-FX	vendor page	eurorack (HP ?)	DIY kit	"no - non-commercial licence (Befaco About Us: designs published ""CC-NC-SA"")"	https://shop.befaco.org/full-kits/1298-fxboy-diy-kit-8436590351703.html	Multi-FX module designed in collaboration		2026-09-26
c319	Befaco	1U TRS	jack interface (TRS)	vendor page	1U tile (Intellijel / Befaco 7U)	DIY kit	"no - non-commercial licence (Befaco About Us: designs published ""CC-NC-SA"")"	https://shop.befaco.org/full-kits/1294-1u-trs-diy-kit-8436590351666.html	Total flexibility for the Befaco 7U or Intellijel cases		2026-09-26
c320	Befaco	1U Motion MTR	mixer / attenuverter with meters	vendor page	1U tile	DIY kit; GitHub Befaco/MotionMTR (licence unclear)	"no - non-commercial licence (Befaco About Us: designs published ""CC-NC-SA"")"	https://shop.befaco.org/full-kits/1278-1u-motion-mtr-diy-kit.html	Motion MTR allows you to mix, attenuate and invert signals		2026-09-26
c321	Befaco	1U ST Amp	preamp (stereo input)	vendor page	1U tile	DIY kit	"no - non-commercial licence (Befaco About Us: designs published ""CC-NC-SA"")"	https://shop.befaco.org/full-kits/1265-1u-stamp-diy-kit.html	ST Amp is a 1U stereo amplifier		2026-09-26
c322	Befaco	1U STMix	mixer (4-ch stereo)	vendor page	1U tile, 28hp	DIY kit	"no - non-commercial licence (Befaco About Us: designs published ""CC-NC-SA"")"	https://shop.befaco.org/full-kits/1264-1u-stmix-diy-kit.html	Four-channel stereo mixer in 28hp and 1U format.		2026-09-26
c323	Befaco	1U Out	output (stereo)	vendor page	1U tile	DIY kit	"no - non-commercial licence (Befaco About Us: designs published ""CC-NC-SA"")"	https://shop.befaco.org/full-kits/1263-1u-out-diy-kit.html	1U stereo output module		2026-09-26
c324	Befaco	DivKid Stereo Strip	channel strip (stereo)	vendor page	eurorack 6HP	DIY kit	"no - non-commercial licence (Befaco About Us: designs published ""CC-NC-SA"")"	https://shop.befaco.org/full-kits/1255-divkid-stereo-strip-diy-kit.html	6HP Eurorack module that builds upon the idea of a studio... channel strip		2026-09-26
c325	Befaco	Motion MTR	mixer / attenuverter with meters	vendor page	eurorack (HP ?)	DIY kit; GitHub Befaco/MotionMTR (licence unclear)	"no - non-commercial licence (Befaco About Us: designs published ""CC-NC-SA"")"	https://shop.befaco.org/full-kits/1246-motion-mtr-diy-kit.html	Mix, attenuate and invert signals while having clear visual feedback		2026-09-26
c326	Befaco	Pony VCO	VCO (thru-zero) + wavefolder + VCA	vendor page	eurorack 4HP	DIY kit	"no - non-commercial licence (Befaco About Us: designs published ""CC-NC-SA"")"	https://shop.befaco.org/full-kits/1244-pony-vco-diy-kit.html	Fully analog Thru-Zero oscillator with wavefolder and dedicated VCA in only 4HP.		2026-09-26
c327	Befaco	Noise Plethora	noise source + filters (multimode)	vendor page	eurorack 14HP	DIY kit; schematic PDF + BOM on befaco.org; firmware CC BY-NC-SA 3.0	"no - non-commercial licence (Befaco About Us: designs published ""CC-NC-SA"")"	https://shop.befaco.org/full-kits/1165-noise-plethora-diy-kit.html	Multitimbral noise monster in 14HP		2026-09-26
c328	Befaco	MEX	gate expander (for Muxlicer)	vendor page	eurorack (HP ?)	DIY kit	"no - non-commercial licence (Befaco About Us: designs published ""CC-NC-SA"")"	https://shop.befaco.org/full-kits/1163-mex-diy-kit.html	Gate expander for Muxlicer with daisy chain capability		2026-09-26
c329	Befaco	Morphader	crossfader (multichannel)	vendor page	eurorack (HP ?)	DIY kit	"no - non-commercial licence (Befaco About Us: designs published ""CC-NC-SA"")"	https://shop.befaco.org/full-kits/1147-morphader-diy-kit.html	make multichannel CV/Audio crossfade easy and comfortable		2026-09-26
c330	Befaco	Lich	DSP platform / multi-FX (OWL based)	vendor page	eurorack (HP ?)	DIY kit; GitHub Lich_Witch_Patches = patches only	"no - non-commercial licence (Befaco About Us: designs published ""CC-NC-SA"")"	https://shop.befaco.org/full-kits/1086-lich-diy-kit.html	Programmable multi-function module based on Rebel Technology OWL platform		2026-09-26
c331	Befaco	Percall	percussion VCA / envelope (quad)	vendor page	eurorack (HP ?)	DIY kit	"no - non-commercial licence (Befaco About Us: designs published ""CC-NC-SA"")"	https://shop.befaco.org/full-kits/1069-percall-diy-kit.html	shapes four different sound sources into percussive sounds		2026-09-26
c332	Befaco	I4 Instrument Interface	preamp / instrument input	vendor page	eurorack (HP ?)	DIY kit	"no - non-commercial licence (Befaco About Us: designs published ""CC-NC-SA"")"	https://shop.befaco.org/full-kits/1051-instrument-interface-diy-kit.html	pre-amp capable to bring any type of audio signal to modular levels		2026-09-26
c333	Befaco	VCMC	MIDI controller (CV to MIDI, 8 faders)	vendor page	eurorack (HP ?)	DIY kit; GitHub Befaco/VCMC (no licence shown)	"no - non-commercial licence (Befaco About Us: designs published ""CC-NC-SA"")"	https://shop.befaco.org/full-kits/1049-vcmc-diy-kit.html	Voltage-controlled MIDI controller with eight faders		2026-09-26
c334	Befaco	Kickall	drum voice (kick)	vendor page	eurorack 6HP	DIY kit	"no - non-commercial licence (Befaco About Us: designs published ""CC-NC-SA"")"	https://shop.befaco.org/full-kits/966-kickal-diy-kit.html	6HP compact synth voice with everything needed to make a big fat Kick		2026-09-26
c335	Befaco	STMix	mixer (4-ch stereo)	vendor page	eurorack (HP ?)	DIY kit	"no - non-commercial licence (Befaco About Us: designs published ""CC-NC-SA"")"	https://shop.befaco.org/full-kits/951-stmix-diy-kit.html	Compact 4 channel stereo mixer with an auxiliary input for chaining.		2026-09-26
c336	Befaco	Crush Delay V3	delay (PT2399)	vendor page	eurorack (HP ?)	DIY kit	"no - non-commercial licence (Befaco About Us: designs published ""CC-NC-SA"")"	https://shop.befaco.org/full-kits/939-crush-delay-v3-diy-kit.html	Echo-Delay unit based on PT2399 IC		2026-09-26
c337	Befaco	Muxlicer	sequential switch / sequencer	vendor page	eurorack (HP ?)	DIY kit; GitHub Befaco/muxlicer (no licence shown)	"no - non-commercial licence (Befaco About Us: designs published ""CC-NC-SA"")"	https://shop.befaco.org/full-kits/868-muxlicer-diy-kit.html	Sequential signal processor designed to add special functions		2026-09-26
c338	Befaco	Burst	trigger burst generator	vendor page	eurorack (HP ?)	DIY kit; GitHub Befaco/burst (no licence shown)	"no - non-commercial licence (Befaco About Us: designs published ""CC-NC-SA"")"	https://shop.befaco.org/full-kits/863-burst-diy-kit.html	Pingable Trigger Burst generator		2026-09-26
c339	Befaco	Out (V3)	output	vendor page	eurorack (HP ?)	DIY kit	"no - non-commercial licence (Befaco About Us: designs published ""CC-NC-SA"")"	https://shop.befaco.org/full-kits/843-out-diy-kit.html	Master output module for modular system		2026-09-26
c340	Befaco	Hexpander	mixer expander (aux sends)	vendor page	eurorack (HP ?)	DIY kit	"no - non-commercial licence (Befaco About Us: designs published ""CC-NC-SA"")"	https://shop.befaco.org/full-kits/750-hexpander-diy-kit.html	Adds functionality to Hexmix with three aux send		2026-09-26
c341	Befaco	Hexmix	mixer (6-ch performance)	vendor page	eurorack (HP ?)	DIY kit	"no - non-commercial licence (Befaco About Us: designs published ""CC-NC-SA"")"	https://shop.befaco.org/full-kits/749-hexmix-diy-kit-8436590350362.html	Six channel performance mixer specially designed for Eurorack		2026-09-26
c342	Befaco	InAmp	preamp (dual)	vendor page	eurorack 4HP	DIY kit	"no - non-commercial licence (Befaco About Us: designs published ""CC-NC-SA"")"	https://shop.befaco.org/full-kits/747-inamp-diy-kit.html	Dual pre-amp in just 4 HPs		2026-09-26
c343	Befaco	Hexmix VCA	VCA (6-ch)	vendor page	eurorack (HP ?)	DIY kit	"no - non-commercial licence (Befaco About Us: designs published ""CC-NC-SA"")"	https://shop.befaco.org/full-kits/531-hex-mix-vca-diy-kit.html	Compact six channel VCA		2026-09-26
c344	Befaco	Chopping Kinky	wavefolder (dual)	vendor page	eurorack (HP ?)	DIY kit	"no - non-commercial licence (Befaco About Us: designs published ""CC-NC-SA"")"	https://shop.befaco.org/full-kits/501-chopping-kinky-diy-kit.html	Voltage controllable, dual-channel wavefolder		2026-09-26
c345	Befaco	Joystick	joystick controller + gate	vendor page	eurorack (HP ?)	DIY kit	"no - non-commercial licence (Befaco About Us: designs published ""CC-NC-SA"")"	https://shop.befaco.org/full-kits/63-joystick-diy-kit.html	Compact attenuverting joystick controller and Gate Generator		2026-09-26
c346	Befaco	VC ADSR	envelope (ADSR)	vendor page	eurorack (HP ?)	DIY kit	"no - non-commercial licence (Befaco About Us: designs published ""CC-NC-SA"")"	https://shop.befaco.org/full-kits/77-vc-adsr-diy-kit.html	Classic ADSR: now smaller, more powerful, and user friendly.		2026-09-26
c347	Befaco	Spring Reverb	reverb (spring)	vendor page	eurorack (HP ?)	DIY kit (out of stock)	"no - non-commercial licence (Befaco About Us: designs published ""CC-NC-SA"")"	https://shop.befaco.org/full-kits/75-spring-reverb-diy-kit.html	Analog spring reverb module with VCAs for two inputs		2026-09-26
c348	Befaco	Sampling Modulator	VCO / S&H / 8-step sequencer	vendor page	eurorack (HP ?)	DIY kit	"no - non-commercial licence (Befaco About Us: designs published ""CC-NC-SA"")"	https://shop.befaco.org/full-kits/74-sampling-modulator-diy-kit.html	Multi-function module between a VCO, Sample & Hold, and 8 step sequencer.		2026-09-26
c349	Befaco	Even VCO	VCO	vendor page	eurorack 8HP	DIY kit or assembled; schematic v3.3 PDF + BOM + assembly PDF on befaco.org	"no - non-commercial licence (Befaco About Us: designs published ""CC-NC-SA"")"	https://www.befaco.org/even-vco/	Voltage controlled oscillator with stability even during power supply fluctuations.		2026-09-26
c350	Befaco	BF-22 VCF	VCF (dual HP / LP, MS-20 style)	vendor page	eurorack (HP ?)	DIY kit	"no - non-commercial licence (Befaco About Us: designs published ""CC-NC-SA"")"	https://shop.befaco.org/full-kits/67-bf-22-vcf-diy-kit.html	Dual Hi/Low-pass filter inspired by early MS-20 Sallen-Key filter design.		2026-09-26
c351	Befaco	Rampage	function generator (dual slope / envelope)	vendor page	eurorack 18HP	DIY kit (out of stock); schematic v1.4 PDF + BOM + manuals on befaco.org	"no - non-commercial licence (Befaco About Us: designs published ""CC-NC-SA"")"	https://www.befaco.org/rampage-2/	Patch programmable function generator/processor		2026-09-26
c352	North Coast Synthesis	MSK 007 Leapfrog VCF	VCF (5-pole leapfrog, near-elliptic low-pass)	vendor page	eurorack 16HP	SDIY kit or built; manual + source package	"yes (page: ""Fully open design - no lock-in""; maker: ""Most of the information here is free under the GNU GPL"")"	https://northcoastsynthesis.com/products/msk-007-leapfrog-vcf-sdiy-kit.html	Eurorack voltage-controlled low-pass filter with an extra-sharp cutoff.		2026-09-26
c353	North Coast Synthesis	MSK 008 Dual VC Octave Switch	CV utility (VC octave switch, precision adder)	vendor page	eurorack 8HP	SDIY kit or built; manual + source package	"yes (page: ""Fully open design - no lock-in""; maker GPL statement)"	https://northcoastsynthesis.com/products/msk-008-dual-vc-octave-switch-sdiy-kit.html	a multifunction voltage processor		2026-09-26
c354	North Coast Synthesis	MSK 009 Coiler Multimode Filter	VCF (2-pole OTA state-variable, LP/BP/HP)	vendor page	eurorack 8HP	SDIY kit or built; manual + source package	"yes (page: ""Fully open design - no lock-in""; maker GPL statement)"	https://northcoastsynthesis.com/products/msk-009-coiler-vcf-sdiy-kit.html	Classic OTA-based two-pole state-variable multimode filter		2026-09-26
c355	North Coast Synthesis	MSK 010 Fixed Sine Bank	LFO (8x fixed-frequency sine)	vendor page	eurorack 8HP	SDIY kit or built; manual + source package	"yes, GPL (page: ""Complete technical documentation released under GPL"")"	https://northcoastsynthesis.com/products/msk-010-fixed-sine-bank-sdiy-kit.html	eight fixed-frequency LFOs with nice smooth sine waveforms in 8HP		2026-09-26
c356	North Coast Synthesis	MSK 011 Transistor Mixer	mixer (4-ch discrete, audio / CV)	vendor page	eurorack 6HP	SDIY kit or built; manual + source package	"yes, GPL v3 (manual: ""This module design is released under the GNU GPL, version 3"")"	https://northcoastsynthesis.com/products/msk-011-transistor-mixer-sdiy-kit.html	Minimalist four-knob utility mixer, for audio or control voltages.		2026-09-26
c357	North Coast Synthesis	MSK 012 Transistor ADSR	envelope (ADSR, discrete transistor)	vendor page	eurorack 6HP	SDIY kit or built; manual + source package	probably (not stated on page; maker GPL statement)	https://northcoastsynthesis.com/products/msk-012-transistor-adsr-sdiy-kit.html	a four stage traditional envelope generator for Eurorack synthesizers		2026-09-26
c358	North Coast Synthesis	MSK 013 Middle Path VCO	VCO (complex, dual triangle cores + sine shaper)	vendor page	eurorack 24HP	SDIY kit or built; manual + source package	"yes (page: ""Fully open design - no lock-in""; maker GPL statement)"	https://northcoastsynthesis.com/products/msk-013-middle-path-vco-sdiy-kit.html	A 'complex VCO' suited for both East Coast and West Coast synthesis styles.		2026-09-26
c359	North Coast Synthesis	MSK 014 Gracious Host	MIDI to CV (USB-MIDI host, arp / quantizer)	vendor page	eurorack 8HP	SDIY kit or built; hardware + software manuals + source package	"yes, firmware GPL3 (page: ""open source firmware (GPL3)"")"	https://northcoastsynthesis.com/products/msk-014-gracious-host-sdiy-kit.html	a USB-MIDI to CV/gate interface		2026-09-26
c360	North Coast Synthesis	MSK 015 Quad VCA	VCA (4-ch, AS3360)	vendor page	eurorack 20HP	SDIY kit or built; manual + source package	probably (not stated on page; maker GPL statement)	https://northcoastsynthesis.com/products/msk-015-quad-vca-sdiy-kit.html	Four VCA channels based on the AS3360 VCA chip		2026-09-26
c361	North Coast Synthesis	MSK 006 Exponential VCA	VCA (exponential, discrete transistors)	vendor page	eurorack 12HP	free plans only (manual + PCB design), no kit	"yes, GPL v3 (""GNU General Public License ... version 3"")"	https://northcoastsynthesis.com/synth-diy-projects/	Exponential-response VCA built out of TO-92 discrete transistors		2026-09-26
c362	North Coast Synthesis	MSK 002 Asuka and Shinji	distortion / fuzz (dual, germanium)	vendor page	eurorack 8HP	free plans only (manual + PCB / panel files)	"permissive, no licence named (""happy to have people build and modify this design even commercially ... want to be credited"")"	https://northcoastsynthesis.com/synth-diy-projects/	A dual fuzz/distortion module for use in a Eurorack modular synthesizer		2026-09-26
c363	North Coast Synthesis	MSK 003 Unpowered Ring Modulator	ring modulator (passive, transformer + diode ring)	vendor page	eurorack 4HP	free plans only (manual + PCB / panel files)	permissive, no licence named (same attribution-only permission as MSK 002)	https://northcoastsynthesis.com/synth-diy-projects/	simple transformer-based ring modulator circuit using a true ring of diodes		2026-09-26
c364	North Coast Synthesis	Passive Multiples and Friends	passive utilities (mult, mixer, OR, attenuator, slew, gate-to-trigger, envelope follower)	vendor page	eurorack 2HP	free plans + Gerbers (PCB as panel)	"yes, public domain (""I am releasing this design and set of notes as public domain."")"	https://northcoastsynthesis.com/synth-diy-projects/	passive multiples, and several other unpowered 2HP Eurorack module projects		2026-09-26
c365	fonitronik	mh21 Triple Vactrol Resonators	VCF (triple vactrol band-pass, PS3100 style)	vendor listing	eurorack (standard + 12HP version)	PCB + panel	not stated	http://fonitronik.de/index.php/diy-projects	PS3100 bandpass VCF core (fetch summary)		2026-09-26
c366	fonitronik	The Cascade	attenuverter / mixer (3-ch)	vendor page	eurorack 4HP	PCB + panel (via Thonk)	not stated	http://fonitronik.de/index.php/diy-projects	Three channel attenuverter, mixer, processor		2026-09-26
c367	fonitronik	Attenuverting Chicklets	attenuverter (retrofit add-on board)	vendor listing	eurorack chicklet (add-on)	PCB	not stated	http://fonitronik.de/index.php/diy-projects	Small attenuverter for retrofitting modules (fetch summary)		2026-09-26
c368	fonitronik	TH PAL VCF 10HP	VCF (low-pass / all-pass, CEM3320)	vendor listing	eurorack 10HP	PCB + panel; PDF docs	not stated	http://fonitronik.de/index.php/diy-projects	Lowpass/allpass VCF (CEM3320) (fetch summary)	Thomas Henry design, fonitronik PCB	2026-09-26
c369	fonitronik	TH 555 VCO 10HP	VCO (555 based)	vendor listing	eurorack 10HP	PCB + panel; PDF docs	not stated	http://fonitronik.de/index.php/diy-projects	VCO using common parts (fetch summary)	Thomas Henry design, fonitronik PCB	2026-09-26
c370	fonitronik	TH VCO MAXIMUS	VCO (CEM3340 + sub-oscillator)	vendor listing	eurorack (HP ?)	PCB + panel; PDF docs	not stated	http://fonitronik.de/index.php/diy-projects	Full-featured VCO (CEM3340) with suboscillator (fetch summary)	Thomas Henry design, fonitronik PCB	2026-09-26
c371	fonitronik	TH VC Fader/VCA	VC crossfader + VCA	vendor listing	eurorack (HP ?)	PCB + panel; PDF docs	not stated	http://fonitronik.de/index.php/diy-projects	Voltage-controlled X-Fader with VCA (fetch summary)	Thomas Henry design, fonitronik PCB	2026-09-26
c372	fonitronik	TH VC QFG	VCO / LFO (quadrature, triangle core)	vendor listing	eurorack (HP ?)	PCB + panel; PDF docs	not stated	http://fonitronik.de/index.php/diy-projects	Triangle core quadrature VCO/LFO (fetch summary)	Thomas Henry design, fonitronik PCB	2026-09-26
c373	fonitronik	TH 555 VCO	VCO (triangle core, 555 sync)	vendor listing	eurorack (HP ?)	PCB + panel; PDF docs	not stated	http://fonitronik.de/index.php/diy-projects	Triangle core VCO with 555 Timer sync (fetch summary)	Thomas Henry design, fonitronik PCB	2026-09-26
c374	fonitronik	TH X4046 VCO	VCO (4046 PLL, 1V/oct)	vendor listing	eurorack (HP ?)	PCB + panel; PDF docs	not stated	http://fonitronik.de/index.php/diy-projects	4046 PLL IC-based 1V/Oct VCO (fetch summary)	Thomas Henry design, fonitronik PCB	2026-09-26
c375	fonitronik	TH 2164 VCF/VCA	VCF (low-pass) + VCA	vendor listing	eurorack (HP ?)	PCB + panel; PDF docs	not stated	http://fonitronik.de/index.php/diy-projects	Lowpass VCF with VCA (fetch summary)	Thomas Henry design, fonitronik PCB	2026-09-26
c376	fonitronik	TH Controller LFO	LFO (with fade-in)	vendor listing	eurorack (HP ?)	PCB + panel; PDF docs	not stated	http://fonitronik.de/index.php/diy-projects	Versatile LFO with fade-in modulation (fetch summary)	Thomas Henry design, fonitronik PCB	2026-09-26
c377	fonitronik	TH CMOS ADSR	envelope (ADSR, loopable, stage gates)	vendor listing	eurorack (HP ?)	PCB + panel; PDF docs	not stated	http://fonitronik.de/index.php/diy-projects	ADSR with stage gate outputs, loopable (fetch summary)	Thomas Henry design, fonitronik PCB	2026-09-26
c378	fonitronik	EFM Dual VCA	VCA (dual)	name only	?	? (PCB)	not stated	http://modular.fonik.de/Page9.html	"listed on analogoutputblog as ""fonitronik EFM Dual VCA"""		2026-09-26
c379	fonitronik	Wasp VCF clone	VCF (EDP Wasp clone)	vendor listing	?	? (PCB)	not stated	http://www.modular.fonik.de/Page38.html	"search title ""Wasp VCF clone"""		2026-09-26
c380	fonitronik	SSM2044 VCF	VCF (4-pole low-pass, SSM2044)	secondary source	eurorack 8HP (third-party panel)	PCB + panel via Modular Addict (Timo Rozendal version)	not stated	http://www.modular.fonik.de/Page27.html	24dB/octave slope (Modular Addict page)		2026-09-26
c381	fonitronik	Sequential Switch	sequential switch	secondary source	eurorack 6HP (third-party panel)	PCB + panel via Grayscale (sold out)	not stated	http://www.modular.fonik.de/Page32.html	Panel and PCB for the Sequential Switch from Fonitronik (Grayscale)		2026-09-26
c382	fonitronik	Attenuverting Mixer	mixer (attenuverting)	name only	?	?	not stated	http://www.modular.fonik.de/Page40.html	search title only		2026-09-26
c383	fonitronik	Clock/Divider/RingMod	clock divider + ring modulator	name only	?	?	not stated	http://www.modular.fonik.de/Page49.html	search title only		2026-09-26
c384	fonitronik	BABY_10 mini sequencer	sequencer (Baby-10 style)	name only	?	?	not stated	http://www.modular.fonik.de/Page22.html	search title only		2026-09-26
c385	Ken Stone (CGS)	CGS701 Sub-Harmonic	sub-oscillator / harmonic sequencer (dual)	vendor page	eurorack 17HP (Elby Panther)	PCB via Elby Designs; schematic PDF free	"no (""© Copyright 2000. All rights reserved."" on Elby pages)"	https://www.elby-designs.com/webtek/panther/cgs701-sub-harmonic/cgs701.htm	Sub oscillator/Harmonic Sequencer		2026-09-26
c386	Ken Stone (CGS)	CGS706 Burst Generator	gate / trigger burst generator	vendor page	eurorack 10HP (Elby Panther)	PCB via Elby Designs	"no (Elby: ""All rights reserved"")"	https://www.elby-designs.com/webtek/panther/cgs706-burst-generator/cgs706.htm	generates a burst of GATE or TRIGGER pulses at various speeds		2026-09-26
c387	Ken Stone (CGS)	CGS721 Super Psycho LFO	LFO (chaotic, 6 oscillators)	vendor page	eurorack 24HP (Elby Panther)	PCB via Elby Designs; schematic PDF free	"no (Elby: ""All rights reserved"")"	https://www.elby-designs.com/webtek/panther/cgs721-super-psycho-lfo/cgs721.htm	six free-running oscillators, each variable between LFO and audio ranges		2026-09-26
c388	Ken Stone (CGS)	CGS733 CV Matrix Mixer	matrix mixer (4-in, DC coupled, CV)	vendor page	eurorack 26HP (Elby Panther)	PCB + panel via Elby Designs / Modular Addict; schematic PDF free	"no (Elby: ""All rights reserved"")"	https://www.elby-designs.com/webtek/panther/cgs733-cv-matrix-mixer/cgs733.htm	four input, multiple output bipolar or unipolar DC coupled mixer		2026-09-26
c389	Ken Stone (CGS)	CGS734 ASR	analog shift register (sequential S&H)	vendor page	eurorack 4HP (Elby Panther)	PCB via Elby Designs; schematic PDF free	"no (Elby: ""All rights reserved"")"	https://www.elby-designs.com/webtek/panther/cgs734-asr/cgs734.htm	sequential sample and hold module		2026-09-26
c390	Ken Stone (CGS)	CGS735 Synthacon	VCF (Steiner-Parker)	vendor page	eurorack 14HP (Elby Panther)	PCB via Elby Designs; schematic PDF free	"no (Elby: ""All rights reserved"")"	https://www.elby-designs.com/webtek/panther/cgs735-synthacon/cgs735.htm	'tribute' module based on the awesome Steiner-Parker Synthacon VCF		2026-09-26
c391	Ken Stone (CGS)	CGS736 Pulse Divider	clock divider (/2 to /8)	vendor page	eurorack 14HP (Elby Panther)	PCB via Elby Designs	"no (Elby: ""All rights reserved"")"	https://www.elby-designs.com/webtek/panther/cgs736-pulse-divider/cgs736.htm	pulse divider with integer divisions between /2 and /8		2026-09-26
c392	Ken Stone (CGS)	CGS737 CV Cluster	CV processor (sums / differences)	vendor page	eurorack 12HP (Elby Panther)	PCB via Elby Designs; schematic PDF free	"no (Elby: ""All rights reserved"")"	https://www.elby-designs.com/webtek/panther/cgs737-cv-cluster/cgs737.htm	creates the sum and differences of them		2026-09-26
c393	Ken Stone (CGS)	CGS738 Mangler	waveshaper / distortion (summers + comparators)	vendor page	eurorack 7HP (Elby Panther)	PCB via Elby Designs; schematic PDF free	"no (Elby: ""All rights reserved"")"	https://www.elby-designs.com/webtek/panther/cgs738-mangler/cgs738.htm	experimental combination of op-amp summers and comparators		2026-09-26
c394	Ken Stone (CGS)	CGS747 Cynare	drum voice	vendor page	eurorack 26HP (Elby Panther)	discontinued; schematic PDF free	"no (Elby: ""All rights reserved"")"	https://www.elby-designs.com/webtek/panther/cgs747-cynare/cgs747.htm	generates a single drum sound		2026-09-26
c395	Ken Stone (CGS)	CGS749 CMOS Filter	VCF (Wasp-style CMOS) + distortion	vendor page	eurorack 12HP (Elby Panther)	PCB via Elby Designs; schematic PDF free	"no (Elby: ""All rights reserved"")"	https://www.elby-designs.com/webtek/panther/cgs749-cmos-filter/cgs749.htm	voltage-controlled filter based on the popular CMOS-based Wasp VCF		2026-09-26
c396	Ken Stone (CGS)	CGS757 Bi-N-Tic	VCF (switched-capacitor comb) + VCO	vendor page	eurorack 15HP (Elby Panther)	PCB via Elby Designs; schematic PDF free	"no (Elby: ""All rights reserved"")"	https://www.elby-designs.com/webtek/panther/cgs757-bi-n-tic/cgs757.htm	VCO and a switched capacitor filter		2026-09-26
c397	Ken Stone (CGS)	CGS758 Utility LFO	LFO (dual)	vendor page	eurorack 19HP (Elby Panther; ModularGrid 18HP)	PCB via Elby Designs; schematic PDF free	"no (Elby: ""All rights reserved"")"	https://www.elby-designs.com/webtek/panther/cgs758-utility-lfo/cgs758.htm	Dual utility LFO offering manually variable wave shapes		2026-09-26
c398	Ken Stone (CGS)	CGS762 Slope Detector	slope detector / gate-trigger generator	vendor page	eurorack 7HP (Elby Panther)	PCB via Elby Designs; schematic PDF free	"no (Elby: ""All rights reserved"")"	https://www.elby-designs.com/webtek/panther/cgs762-slope-detector/cgs762.htm	event-driven gate/trigger generating device		2026-09-26
c399	Ken Stone (CGS)	CGS765 Tube VCA	VCA (tube) / timbral gate	vendor page	eurorack 10HP (Elby Panther)	full kit via Elby Designs; schematic PDF free	"no (Elby: ""All rights reserved"")"	https://www.elby-designs.com/webtek/panther/cgs765-tube-vca/cgs765.htm	tube based Voltage Controlled Amplifier / timbral gate		2026-09-26
c400	Ken Stone (CGS)	CGS793 Trunk Multiples	passive multiples / trunk lines	vendor page	eurorack 4HP (Elby Panther)	PCB via Elby Designs; schematic PDF free	"no (Elby: ""All rights reserved"")"	https://www.elby-designs.com/webtek/panther/cgs793-trunk-multiples/cgs793.htm	provide trunk lines across your system		2026-09-26
c401	Ken Stone (CGS)	CGS795 Digital Reverb	reverb (Belton BTDR-2H)	vendor page	eurorack 10HP (Elby Panther)	PCB via Elby Designs; schematic PDF free	"no (Elby: ""All rights reserved"")"	https://www.elby-designs.com/webtek/panther/cgs795-digital-reverb/cgs795.htm	basic reverb module constructed around the Belton BTDR-2H		2026-09-26
c402	YuSynth	YuSynth Steiner VCF	VCF (Steiner)	vendor page	"5U or eurorack (YuSynth: ""suitable either for 5U modulars or Eurorack modulars"")"	bare PCB via Soundtronics (legacy; now sonicsynths.com); schematic + PCB free on yusynth.net	"no (""can be used for private use only"")"	https://www.soundtronics.co.uk/yusynth-steiner-vcf-module-bare-pcb.html	improve the design in order to correct some flaws of the original		2026-09-26
c403	Serge (Elby Designs Euro-Serge)	ES01 Random Voltage Generator	random voltage source / noise	vendor listing	eurorack (HP ?)	Elby Designs Euro-Serge range (PCB / panel details not read)	"no - made under licence from Serge (Elby: ""All designs are produced under license from Serge.""; pages ""© Copyright 2000. All rights reserved."")"	https://www.elby-designs.com/webtek/euro-serge/es01-random-voltage-generator/es01.htm	Elby Euro-Serge index lists it with Serge module code; function from the Serge code	Serge design licensed to Elby	2026-09-26
c404	Serge (Elby Designs Euro-Serge)	ES02 Preamp Detector	preamp / envelope follower (Serge 215 EF)	vendor listing	eurorack (HP ?)	Elby Designs Euro-Serge range (PCB / panel details not read)	"no - made under licence from Serge (Elby: ""All designs are produced under license from Serge.""; pages ""© Copyright 2000. All rights reserved."")"	https://www.elby-designs.com/webtek/euro-serge/es02-preamp-detector/es02.htm	Elby Euro-Serge index lists it with Serge module code; function from the Serge code	Serge design licensed to Elby	2026-09-26
c405	Serge (Elby Designs Euro-Serge)	ES04 VC Multiplier 1	VCA / ring modulator (Serge 113 VCM)	vendor listing	eurorack (HP ?)	Elby Designs Euro-Serge range (PCB / panel details not read)	"no - made under licence from Serge (Elby: ""All designs are produced under license from Serge.""; pages ""© Copyright 2000. All rights reserved."")"	https://www.elby-designs.com/webtek/euro-serge/es04-vc-multiplier1/es04.htm	Elby Euro-Serge index lists it with Serge module code; function from the Serge code	Serge design licensed to Elby	2026-09-26
c406	Serge (Elby Designs Euro-Serge)	ES05 Noise Source	noise source	vendor listing	eurorack (HP ?)	Elby Designs Euro-Serge range (PCB / panel details not read)	"no - made under licence from Serge (Elby: ""All designs are produced under license from Serge.""; pages ""© Copyright 2000. All rights reserved."")"	https://www.elby-designs.com/webtek/euro-serge/es05-noise-source/es05.htm	Elby Euro-Serge index lists it with Serge module code; function from the Serge code	Serge design licensed to Elby	2026-09-26
c407	Serge (Elby Designs Euro-Serge)	ES06 Envelope Generator	envelope (Serge R7 ENV)	vendor listing	eurorack (HP ?)	Elby Designs Euro-Serge range (PCB / panel details not read)	"no - made under licence from Serge (Elby: ""All designs are produced under license from Serge.""; pages ""© Copyright 2000. All rights reserved."")"	https://www.elby-designs.com/webtek/euro-serge/es06-envelope-generator/es06.htm	Elby Euro-Serge index lists it with Serge module code; function from the Serge code	Serge design licensed to Elby	2026-09-26
c408	Serge (Elby Designs Euro-Serge)	ES07 1973 VCF	VCF (Serge R12, 1973)	vendor listing	eurorack (HP ?)	Elby Designs Euro-Serge range (PCB / panel details not read)	"no - made under licence from Serge (Elby: ""All designs are produced under license from Serge.""; pages ""© Copyright 2000. All rights reserved."")"	https://www.elby-designs.com/webtek/euro-serge/es07-1973-vcf/es07.htm	Elby Euro-Serge index lists it with Serge module code; function from the Serge code	Serge design licensed to Elby	2026-09-26
c409	Serge (Elby Designs Euro-Serge)	ES08 Audio Mixer	mixer (Serge 203 MIX)	vendor listing	eurorack (HP ?)	Elby Designs Euro-Serge range (PCB / panel details not read)	"no - made under licence from Serge (Elby: ""All designs are produced under license from Serge.""; pages ""© Copyright 2000. All rights reserved."")"	https://www.elby-designs.com/webtek/euro-serge/es08-audio-mixer/es08.htm	Elby Euro-Serge index lists it with Serge module code; function from the Serge code	Serge design licensed to Elby	2026-09-26
c410	Serge (Elby Designs Euro-Serge)	ES09 Positive Slew	slew limiter (positive, Serge R10)	vendor listing	eurorack (HP ?)	Elby Designs Euro-Serge range (PCB / panel details not read)	"no - made under licence from Serge (Elby: ""All designs are produced under license from Serge.""; pages ""© Copyright 2000. All rights reserved."")"	https://www.elby-designs.com/webtek/euro-serge/es09-positive-slew/es09.htm	Elby Euro-Serge index lists it with Serge module code; function from the Serge code	Serge design licensed to Elby	2026-09-26
c411	Serge (Elby Designs Euro-Serge)	ES10 Triple Waveshaper	waveshaper (triple, Serge R5 TWS)	vendor listing	eurorack (HP ?)	Elby Designs Euro-Serge range (PCB / panel details not read)	"no - made under licence from Serge (Elby: ""All designs are produced under license from Serge.""; pages ""© Copyright 2000. All rights reserved."")"	https://www.elby-designs.com/webtek/euro-serge/es10-triple-waveshaper/es10.htm	Elby Euro-Serge index lists it with Serge module code; function from the Serge code	Serge design licensed to Elby	2026-09-26
c412	Serge (Elby Designs Euro-Serge)	ES11 Triple Comparator	comparator (triple, Serge R11)	vendor listing	eurorack (HP ?)	Elby Designs Euro-Serge range (PCB / panel details not read)	"no - made under licence from Serge (Elby: ""All designs are produced under license from Serge.""; pages ""© Copyright 2000. All rights reserved."")"	https://www.elby-designs.com/webtek/euro-serge/es11-triple-comparator/es11.htm	Elby Euro-Serge index lists it with Serge module code; function from the Serge code	Serge design licensed to Elby	2026-09-26
c413	Serge (Elby Designs Euro-Serge)	ES12 Triple Bidirectional Router	router / switch (triple bidirectional, Serge R4)	vendor listing	eurorack (HP ?)	Elby Designs Euro-Serge range (PCB / panel details not read)	"no - made under licence from Serge (Elby: ""All designs are produced under license from Serge.""; pages ""© Copyright 2000. All rights reserved."")"	https://www.elby-designs.com/webtek/euro-serge/es12-triple-bidirectional-router/es12.htm	Elby Euro-Serge index lists it with Serge module code; function from the Serge code	Serge design licensed to Elby	2026-09-26
c414	Serge (Elby Designs Euro-Serge)	ES14 Voltage Processor	CV processor (Serge R1 PRC)	vendor listing	eurorack (HP ?)	Elby Designs Euro-Serge range (PCB / panel details not read)	"no - made under licence from Serge (Elby: ""All designs are produced under license from Serge.""; pages ""© Copyright 2000. All rights reserved."")"	https://www.elby-designs.com/webtek/euro-serge/es14-voltage-processor/es14.htm	Elby Euro-Serge index lists it with Serge module code; function from the Serge code	Serge design licensed to Elby	2026-09-26
c415	Serge (Elby Designs Euro-Serge)	ES15 Smooth Stepped Generator	slew / S&H (Serge SSG)	vendor listing	eurorack (HP ?)	Elby Designs Euro-Serge range (PCB / panel details not read)	"no - made under licence from Serge (Elby: ""All designs are produced under license from Serge.""; pages ""© Copyright 2000. All rights reserved."")"	https://www.elby-designs.com/webtek/euro-serge/es15-smooth-stepped-generator/es15.htm	Elby Euro-Serge index lists it with Serge module code; function from the Serge code	Serge design licensed to Elby	2026-09-26
c416	Serge (Elby Designs Euro-Serge)	ES16 Extended ADSR	envelope (extended ADSR, Serge 116)	vendor listing	eurorack (HP ?)	Elby Designs Euro-Serge range (PCB / panel details not read)	"no - made under licence from Serge (Elby: ""All designs are produced under license from Serge.""; pages ""© Copyright 2000. All rights reserved."")"	https://www.elby-designs.com/webtek/euro-serge/es16-extended-adsr/es16.htm	Elby Euro-Serge index lists it with Serge module code; function from the Serge code	Serge design licensed to Elby	2026-09-26
c417	Serge (Elby Designs Euro-Serge)	ES17 VC Multiplier 2	VCA / ring modulator (Serge 113 VCM)	vendor listing	eurorack (HP ?)	Elby Designs Euro-Serge range (PCB / panel details not read)	"no - made under licence from Serge (Elby: ""All designs are produced under license from Serge.""; pages ""© Copyright 2000. All rights reserved."")"	https://www.elby-designs.com/webtek/euro-serge/es17-vc-multiplier2/es17.htm	Elby Euro-Serge index lists it with Serge module code; function from the Serge code	Serge design licensed to Elby	2026-09-26
c418	Serge (Elby Designs Euro-Serge)	ES18 VC Multiplier 3	VCA / ring modulator (Serge 113 VCM)	vendor listing	eurorack (HP ?)	Elby Designs Euro-Serge range (PCB / panel details not read)	"no - made under licence from Serge (Elby: ""All designs are produced under license from Serge.""; pages ""© Copyright 2000. All rights reserved."")"	https://www.elby-designs.com/webtek/euro-serge/es18-vc-multiplier3/es18.htm	Elby Euro-Serge index lists it with Serge module code; function from the Serge code	Serge design licensed to Elby	2026-09-26
c419	Serge (Elby Designs Euro-Serge)	ES19 Negative Slew	slew limiter (negative, Serge R9)	vendor listing	eurorack (HP ?)	Elby Designs Euro-Serge range (PCB / panel details not read)	"no - made under licence from Serge (Elby: ""All designs are produced under license from Serge.""; pages ""© Copyright 2000. All rights reserved."")"	https://www.elby-designs.com/webtek/euro-serge/es19-negative-slew/es19.htm	Elby Euro-Serge index lists it with Serge module code; function from the Serge code	Serge design licensed to Elby	2026-09-26
c420	Serge (Elby Designs Euro-Serge)	ES20 1973 VCO	VCO (Serge R8, 1973)	vendor listing	eurorack (HP ?)	Elby Designs Euro-Serge range (PCB / panel details not read)	"no - made under licence from Serge (Elby: ""All designs are produced under license from Serge.""; pages ""© Copyright 2000. All rights reserved."")"	https://www.elby-designs.com/webtek/euro-serge/es20-1973-vco/es20.htm	Elby Euro-Serge index lists it with Serge module code; function from the Serge code	Serge design licensed to Elby	2026-09-26
c421	Serge (Elby Designs Euro-Serge)	ES21 10-Step Sequencer	sequencer (10-step, Serge R16)	vendor listing	eurorack (HP ?)	Elby Designs Euro-Serge range (PCB / panel details not read)	"no - made under licence from Serge (Elby: ""All designs are produced under license from Serge.""; pages ""© Copyright 2000. All rights reserved."")"	https://www.elby-designs.com/webtek/euro-serge/es21-10-step-sequencer/es21.htm	Elby Euro-Serge index lists it with Serge module code; function from the Serge code	Serge design licensed to Elby	2026-09-26
c422	Serge (Elby Designs Euro-Serge)	ES22 Resonant Equalizer	filter bank / resonant EQ (Serge R202)	vendor listing	eurorack (HP ?)	Elby Designs Euro-Serge range (PCB / panel details not read)	"no - made under licence from Serge (Elby: ""All designs are produced under license from Serge.""; pages ""© Copyright 2000. All rights reserved."")"	https://www.elby-designs.com/webtek/euro-serge/es22-resonant-equalizer/es22.htm	Elby Euro-Serge index lists it with Serge module code; function from the Serge code	Serge design licensed to Elby	2026-09-26
c423	Serge (Elby Designs Euro-Serge)	ES23 Sequence Programmer	sequencer / programmer (Serge R15 PRG)	vendor listing	eurorack (HP ?)	Elby Designs Euro-Serge range (PCB / panel details not read)	"no - made under licence from Serge (Elby: ""All designs are produced under license from Serge.""; pages ""© Copyright 2000. All rights reserved."")"	https://www.elby-designs.com/webtek/euro-serge/es23-sequence-programmer/es23.htm	Elby Euro-Serge index lists it with Serge module code; function from the Serge code	Serge design licensed to Elby	2026-09-26
c424	Serge (Elby Designs Euro-Serge)	ES24 4-Stage Programmer	sequencer / programmer (4-stage)	vendor listing	eurorack (HP ?)	Elby Designs Euro-Serge range (PCB / panel details not read)	"no - made under licence from Serge (Elby: ""All designs are produced under license from Serge.""; pages ""© Copyright 2000. All rights reserved."")"	https://www.elby-designs.com/webtek/euro-serge/es24-4-stage-programmer/es24.htm	Elby Euro-Serge index lists it with Serge module code; function from the Serge code	Serge design licensed to Elby	2026-09-26
c425	Serge (Elby Designs Euro-Serge)	ES25 Touch Keyboard	touch keyboard controller (Serge TKB)	vendor listing	eurorack (HP ?)	Elby Designs Euro-Serge range (PCB / panel details not read)	"no - made under licence from Serge (Elby: ""All designs are produced under license from Serge.""; pages ""© Copyright 2000. All rights reserved."")"	https://www.elby-designs.com/webtek/euro-serge/es25-touch-keyboard/es25.htm	Elby Euro-Serge index lists it with Serge module code; function from the Serge code	Serge design licensed to Elby	2026-09-26
c426	Serge (Elby Designs Euro-Serge)	ES27 Transient Generator	envelope / transient generator (Serge 114 DTG)	vendor listing	eurorack (HP ?)	Elby Designs Euro-Serge range (PCB / panel details not read)	"no - made under licence from Serge (Elby: ""All designs are produced under license from Serge.""; pages ""© Copyright 2000. All rights reserved."")"	https://www.elby-designs.com/webtek/euro-serge/es27-transient-generator/es27.htm	Elby Euro-Serge index lists it with Serge module code; function from the Serge code	Serge design licensed to Elby	2026-09-26
c427	Serge (Elby Designs Euro-Serge)	ES28 Touch Sequencer	sequencer (touch, Serge 204 SQP)	vendor listing	eurorack (HP ?)	Elby Designs Euro-Serge range (PCB / panel details not read)	"no - made under licence from Serge (Elby: ""All designs are produced under license from Serge.""; pages ""© Copyright 2000. All rights reserved."")"	https://www.elby-designs.com/webtek/euro-serge/es28-touch-sequencer/es28.htm	Elby Euro-Serge index lists it with Serge module code; function from the Serge code	Serge design licensed to Elby	2026-09-26
c428	Serge (Elby Designs Euro-Serge)	ES30 MCSM Expander	expander (for ES31 stereo output / mixer)	vendor listing	eurorack (HP ?)	Elby Designs Euro-Serge range (PCB / panel details not read)	"no - made under licence from Serge (Elby: ""All designs are produced under license from Serge.""; pages ""© Copyright 2000. All rights reserved."")"	https://www.elby-designs.com/webtek/euro-serge/euro-serge.htm	Elby Euro-Serge index lists it with Serge module code; function from the Serge code	Serge design licensed to Elby; ES30 has no own page link on the index (index link points to ES31)	2026-09-26
c429	Serge (Elby Designs Euro-Serge)	ES31 Stereo Output	output mixer (stereo, Serge MCSM)	vendor listing	eurorack (HP ?)	Elby Designs Euro-Serge range (PCB / panel details not read)	"no - made under licence from Serge (Elby: ""All designs are produced under license from Serge.""; pages ""© Copyright 2000. All rights reserved."")"	https://www.elby-designs.com/webtek/euro-serge/es31-stereo-output/es31.htm	Elby Euro-Serge index lists it with Serge module code; function from the Serge code	Serge design licensed to Elby	2026-09-26
c430	Serge (Elby Designs Euro-Serge)	ES33 VCFQ	VCF (Serge VCFQ)	vendor listing	eurorack (HP ?)	Elby Designs Euro-Serge range (PCB / panel details not read)	"no - made under licence from Serge (Elby: ""All designs are produced under license from Serge.""; pages ""© Copyright 2000. All rights reserved."")"	https://www.elby-designs.com/webtek/euro-serge/es33-vcfq/es33.htm	Elby Euro-Serge index lists it with Serge module code; function from the Serge code	Serge design licensed to Elby	2026-09-26
c431	Serge (Elby Designs Euro-Serge)	ES34 Touchpad	touch controller (touchpad)	vendor listing	eurorack (HP ?)	Elby Designs Euro-Serge range (PCB / panel details not read)	"no - made under licence from Serge (Elby: ""All designs are produced under license from Serge.""; pages ""© Copyright 2000. All rights reserved."")"	https://www.elby-designs.com/webtek/euro-serge/es34-touchpad/es34.htm	Elby Euro-Serge index lists it with Serge module code; function from the Serge code	Serge design licensed to Elby	2026-09-26
c432	Serge (Elby Designs Euro-Serge)	ES35 Touch Controller	touch controller	vendor listing	eurorack (HP ?)	Elby Designs Euro-Serge range (PCB / panel details not read)	"no - made under licence from Serge (Elby: ""All designs are produced under license from Serge.""; pages ""© Copyright 2000. All rights reserved."")"	https://www.elby-designs.com/webtek/euro-serge/es35-touch-controller/es35.htm	Elby Euro-Serge index lists it with Serge module code; function from the Serge code	Serge design licensed to Elby	2026-09-26
c433	Serge (Elby Designs Euro-Serge)	ES36 NCOM	slew / envelope follower / comparator (Serge 205 NCOM)	vendor listing	eurorack (HP ?)	Elby Designs Euro-Serge range (PCB / panel details not read)	"no - made under licence from Serge (Elby: ""All designs are produced under license from Serge.""; pages ""© Copyright 2000. All rights reserved."")"	https://www.elby-designs.com/webtek/euro-serge/es36-ncom/es36.htm	Elby Euro-Serge index lists it with Serge module code; function from the Serge code	Serge design licensed to Elby	2026-09-26
c434	Serge (Elby Designs Euro-Serge)	ES37 Quantizer	quantizer (Serge 210 QUAN)	vendor listing	eurorack (HP ?)	Elby Designs Euro-Serge range (PCB / panel details not read)	"no - made under licence from Serge (Elby: ""All designs are produced under license from Serge.""; pages ""© Copyright 2000. All rights reserved."")"	https://www.elby-designs.com/webtek/euro-serge/es37-quantizer/es37.htm	Elby Euro-Serge index lists it with Serge module code; function from the Serge code	Serge design licensed to Elby	2026-09-26
c435	Serge (Elby Designs Euro-Serge)	ES39 XFADE	crossfader (Serge 201A)	vendor listing	eurorack (HP ?)	Elby Designs Euro-Serge range (PCB / panel details not read)	"no - made under licence from Serge (Elby: ""All designs are produced under license from Serge.""; pages ""© Copyright 2000. All rights reserved."")"	https://www.elby-designs.com/webtek/euro-serge/euro-serge.htm	Elby Euro-Serge index lists it with Serge module code; function from the Serge code	Serge design licensed to Elby; no own page link on the index	2026-09-26
c436	Serge (Elby Designs Euro-Serge)	ES41 AC XFADE	crossfader (audio)	vendor listing	eurorack (HP ?)	Elby Designs Euro-Serge range (PCB / panel details not read)	"no - made under licence from Serge (Elby: ""All designs are produced under license from Serge.""; pages ""© Copyright 2000. All rights reserved."")"	https://www.elby-designs.com/webtek/euro-serge/es41-ac-xfade/es41.htm	Elby Euro-Serge index lists it with Serge module code; function from the Serge code	Serge design licensed to Elby	2026-09-26
c437	Serge (Elby Designs Euro-Serge)	ES75 Serge VCS	function generator / slope (Serge VCS)	vendor listing	eurorack (HP ?)	Elby Designs Euro-Serge range (PCB / panel details not read)	"no - made under licence from Serge (Elby: ""All designs are produced under license from Serge.""; pages ""© Copyright 2000. All rights reserved."")"	https://www.elby-designs.com/webtek/euro-serge/es75-serge-vcs/es75.htm	Elby Euro-Serge index lists it with Serge module code; function from the Serge code	Serge design licensed to Elby	2026-09-26
c438	Serge (Elby Designs Euro-Serge)	ES78 VCA	VCA (Serge R6 GATE)	vendor listing	eurorack (HP ?)	Elby Designs Euro-Serge range (PCB / panel details not read)	"no - made under licence from Serge (Elby: ""All designs are produced under license from Serge.""; pages ""© Copyright 2000. All rights reserved."")"	https://www.elby-designs.com/webtek/euro-serge/es78-vca/es78.htm	Elby Euro-Serge index lists it with Serge module code; function from the Serge code	Serge design licensed to Elby	2026-09-26
c439	Serge (Elby Designs Euro-Serge)	ES79 Ring Modulator	ring modulator (Serge R6 RING)	vendor listing	eurorack (HP ?)	Elby Designs Euro-Serge range (PCB / panel details not read)	"no - made under licence from Serge (Elby: ""All designs are produced under license from Serge.""; pages ""© Copyright 2000. All rights reserved."")"	https://www.elby-designs.com/webtek/euro-serge/es79-ring-modulator/es79.htm	Elby Euro-Serge index lists it with Serge module code; function from the Serge code	Serge design licensed to Elby	2026-09-26
c440	Serge (Elby Designs Euro-Serge)	ES84 Peak Trough	peak / trough detector (Serge R3 P&T)	vendor listing	eurorack (HP ?)	Elby Designs Euro-Serge range (PCB / panel details not read)	"no - made under licence from Serge (Elby: ""All designs are produced under license from Serge.""; pages ""© Copyright 2000. All rights reserved."")"	https://www.elby-designs.com/webtek/euro-serge/es84-peak-trough/es84.htm	Elby Euro-Serge index lists it with Serge module code; function from the Serge code	Serge design licensed to Elby	2026-09-26
c441	Serge (Elby Designs Euro-Serge)	ES114 Universal Slope Generator	function generator / slope (dual, Serge 114 DUSG)	vendor listing	eurorack (HP ?)	Elby Designs Euro-Serge range (PCB / panel details not read)	"no - made under licence from Serge (Elby: ""All designs are produced under license from Serge.""; pages ""© Copyright 2000. All rights reserved."")"	https://www.elby-designs.com/webtek/euro-serge/es114-universal-slope-generator/es114.htm	Elby Euro-Serge index lists it with Serge module code; function from the Serge code	Serge design licensed to Elby	2026-09-26
c442	EFM (Tom Gamble) - fonitronik archive	VCO1c	VCO	name only	? (EFM sold PCB building blocks, no panel format stated)	"schematic PDFs only (fonitronik archive; PCBs/BOMs ""often had errors""); PCBs no longer sold (EFM closeout April 2007)"	"no - ""(c) EFM ele4music.com"" on the archived PDFs; no licence or permission stated"	https://synthdiy.fonitronik.de/index.php/efm-files	EFM pre-1900 series board name in the fonitronik EFM files archive		2026-09-26
c443	EFM (Tom Gamble) - fonitronik archive	VCO1d	VCO	name only	? (EFM sold PCB building blocks, no panel format stated)	"schematic PDFs only (fonitronik archive; PCBs/BOMs ""often had errors""); PCBs no longer sold (EFM closeout April 2007)"	"no - ""(c) EFM ele4music.com"" on the archived PDFs; no licence or permission stated"	https://synthdiy.fonitronik.de/index.php/efm-files	EFM pre-1900 series board name in the fonitronik EFM files archive		2026-09-26
c444	EFM (Tom Gamble) - fonitronik archive	VCO2b	VCO	name only	? (EFM sold PCB building blocks, no panel format stated)	"schematic PDFs only (fonitronik archive; PCBs/BOMs ""often had errors""); PCBs no longer sold (EFM closeout April 2007)"	"no - ""(c) EFM ele4music.com"" on the archived PDFs; no licence or permission stated"	https://synthdiy.fonitronik.de/index.php/efm-files	EFM pre-1900 series board name in the fonitronik EFM files archive		2026-09-26
c445	EFM (Tom Gamble) - fonitronik archive	VCO4b	VCO	name only	? (EFM sold PCB building blocks, no panel format stated)	"schematic PDFs only (fonitronik archive; PCBs/BOMs ""often had errors""); PCBs no longer sold (EFM closeout April 2007)"	"no - ""(c) EFM ele4music.com"" on the archived PDFs; no licence or permission stated"	https://synthdiy.fonitronik.de/index.php/efm-files	EFM pre-1900 series board name in the fonitronik EFM files archive		2026-09-26
c446	EFM (Tom Gamble) - fonitronik archive	VCO5	VCO	name only	? (EFM sold PCB building blocks, no panel format stated)	"schematic PDFs only (fonitronik archive; PCBs/BOMs ""often had errors""); PCBs no longer sold (EFM closeout April 2007)"	"no - ""(c) EFM ele4music.com"" on the archived PDFs; no licence or permission stated"	https://synthdiy.fonitronik.de/index.php/efm-files	EFM pre-1900 series board name in the fonitronik EFM files archive		2026-09-26
c447	EFM (Tom Gamble) - fonitronik archive	VCO7c	VCO	name only	? (EFM sold PCB building blocks, no panel format stated)	"schematic PDFs only (fonitronik archive; PCBs/BOMs ""often had errors""); PCBs no longer sold (EFM closeout April 2007)"	"no - ""(c) EFM ele4music.com"" on the archived PDFs; no licence or permission stated"	https://synthdiy.fonitronik.de/index.php/efm-files	EFM pre-1900 series board name in the fonitronik EFM files archive		2026-09-26
c448	EFM (Tom Gamble) - fonitronik archive	LFO1a	LFO	name only	? (EFM sold PCB building blocks, no panel format stated)	"schematic PDFs only (fonitronik archive; PCBs/BOMs ""often had errors""); PCBs no longer sold (EFM closeout April 2007)"	"no - ""(c) EFM ele4music.com"" on the archived PDFs; no licence or permission stated"	https://synthdiy.fonitronik.de/index.php/efm-files	EFM pre-1900 series board name in the fonitronik EFM files archive		2026-09-26
c449	EFM (Tom Gamble) - fonitronik archive	LFO2	LFO	name only	? (EFM sold PCB building blocks, no panel format stated)	"schematic PDFs only (fonitronik archive; PCBs/BOMs ""often had errors""); PCBs no longer sold (EFM closeout April 2007)"	"no - ""(c) EFM ele4music.com"" on the archived PDFs; no licence or permission stated"	https://synthdiy.fonitronik.de/index.php/efm-files	EFM pre-1900 series board name in the fonitronik EFM files archive		2026-09-26
c450	EFM (Tom Gamble) - fonitronik archive	VCF6-9v	VCF	name only	? (EFM sold PCB building blocks, no panel format stated)	"schematic PDFs only (fonitronik archive; PCBs/BOMs ""often had errors""); PCBs no longer sold (EFM closeout April 2007)"	"no - ""(c) EFM ele4music.com"" on the archived PDFs; no licence or permission stated"	https://synthdiy.fonitronik.de/index.php/efm-files	EFM pre-1900 series board name in the fonitronik EFM files archive		2026-09-26
c451	EFM (Tom Gamble) - fonitronik archive	SEQ1a	sequencer	name only	? (EFM sold PCB building blocks, no panel format stated)	"schematic PDFs only (fonitronik archive; PCBs/BOMs ""often had errors""); PCBs no longer sold (EFM closeout April 2007)"	"no - ""(c) EFM ele4music.com"" on the archived PDFs; no licence or permission stated"	https://synthdiy.fonitronik.de/index.php/efm-files	EFM pre-1900 series board name in the fonitronik EFM files archive		2026-09-26
c452	EFM (Tom Gamble) - fonitronik archive	Mini1cv	MIDI/CV interface (mini)	name only	? (EFM sold PCB building blocks, no panel format stated)	"schematic PDFs only (fonitronik archive; PCBs/BOMs ""often had errors""); PCBs no longer sold (EFM closeout April 2007)"	"no - ""(c) EFM ele4music.com"" on the archived PDFs; no licence or permission stated"	https://synthdiy.fonitronik.de/index.php/efm-files	EFM pre-1900 series board name in the fonitronik EFM files archive		2026-09-26
c453	EFM (Tom Gamble) - fonitronik archive	Moog-hp	VCF (Moog-style high-pass)	name only	? (EFM sold PCB building blocks, no panel format stated)	"schematic PDFs only (fonitronik archive; PCBs/BOMs ""often had errors""); PCBs no longer sold (EFM closeout April 2007)"	"no - ""(c) EFM ele4music.com"" on the archived PDFs; no licence or permission stated"	https://synthdiy.fonitronik.de/index.php/efm-files	EFM pre-1900 series board name in the fonitronik EFM files archive		2026-09-26
c454	EFM (Tom Gamble) - fonitronik archive	S6VCO	VCO	name only	? (EFM sold PCB building blocks, no panel format stated)	"schematic PDFs only (fonitronik archive; PCBs/BOMs ""often had errors""); PCBs no longer sold (EFM closeout April 2007)"	"no - ""(c) EFM ele4music.com"" on the archived PDFs; no licence or permission stated"	https://synthdiy.fonitronik.de/index.php/efm-files	EFM pre-1900 series board name in the fonitronik EFM files archive		2026-09-26
c455	EFM (Tom Gamble) - fonitronik archive	ADrum	drum voice	name only	? (EFM sold PCB building blocks, no panel format stated)	"schematic PDFs only (fonitronik archive; PCBs/BOMs ""often had errors""); PCBs no longer sold (EFM closeout April 2007)"	"no - ""(c) EFM ele4music.com"" on the archived PDFs; no licence or permission stated"	https://synthdiy.fonitronik.de/index.php/efm-files	EFM pre-1900 series board name in the fonitronik EFM files archive		2026-09-26
c456	EFM (Tom Gamble) - fonitronik archive	ADCFlash	ADC (flash)	name only	? (EFM sold PCB building blocks, no panel format stated)	"schematic PDFs only (fonitronik archive; PCBs/BOMs ""often had errors""); PCBs no longer sold (EFM closeout April 2007)"	"no - ""(c) EFM ele4music.com"" on the archived PDFs; no licence or permission stated"	https://synthdiy.fonitronik.de/index.php/efm-files	EFM pre-1900 series board name in the fonitronik EFM files archive		2026-09-26
c457	EFM (Tom Gamble) - fonitronik archive	3046EG	envelope	name only	? (EFM sold PCB building blocks, no panel format stated)	"schematic PDFs only (fonitronik archive; PCBs/BOMs ""often had errors""); PCBs no longer sold (EFM closeout April 2007)"	"no - ""(c) EFM ele4music.com"" on the archived PDFs; no licence or permission stated"	https://synthdiy.fonitronik.de/index.php/efm-files	EFM pre-1900 series board name in the fonitronik EFM files archive		2026-09-26
c458	EFM (Tom Gamble) - fonitronik archive	3046VCO	VCO	name only	? (EFM sold PCB building blocks, no panel format stated)	"schematic PDFs only (fonitronik archive; PCBs/BOMs ""often had errors""); PCBs no longer sold (EFM closeout April 2007)"	"no - ""(c) EFM ele4music.com"" on the archived PDFs; no licence or permission stated"	https://synthdiy.fonitronik.de/index.php/efm-files	EFM pre-1900 series board name in the fonitronik EFM files archive		2026-09-26
c459	EFM (Tom Gamble) - fonitronik archive	CEM SV3374	VCF (CEM3374 state-variable)	name only	? (EFM sold PCB building blocks, no panel format stated)	"schematic PDFs only (fonitronik archive; PCBs/BOMs ""often had errors""); PCBs no longer sold (EFM closeout April 2007)"	"no - ""(c) EFM ele4music.com"" on the archived PDFs; no licence or permission stated"	https://synthdiy.fonitronik.de/index.php/efm-files	EFM pre-1900 series board name in the fonitronik EFM files archive		2026-09-26
c460	EFM (Tom Gamble) - fonitronik archive	VCO3d	VCO	name only	? (EFM sold PCB building blocks, no panel format stated)	"schematic PDFs only (fonitronik archive; PCBs/BOMs ""often had errors""); PCBs no longer sold (EFM closeout April 2007)"	"no - ""(c) EFM ele4music.com"" on the archived PDFs; no licence or permission stated"	https://synthdiy.fonitronik.de/index.php/efm-files	EFM 1900 series board name in the fonitronik EFM files archive		2026-09-26
c461	EFM (Tom Gamble) - fonitronik archive	VCO4d	VCO	name only	? (EFM sold PCB building blocks, no panel format stated)	"schematic PDFs only (fonitronik archive; PCBs/BOMs ""often had errors""); PCBs no longer sold (EFM closeout April 2007)"	"no - ""(c) EFM ele4music.com"" on the archived PDFs; no licence or permission stated"	https://synthdiy.fonitronik.de/index.php/efm-files	EFM 1900 series board name in the fonitronik EFM files archive		2026-09-26
c462	EFM (Tom Gamble) - fonitronik archive	VCO4e	VCO	name only	? (EFM sold PCB building blocks, no panel format stated)	"schematic PDFs only (fonitronik archive; PCBs/BOMs ""often had errors""); PCBs no longer sold (EFM closeout April 2007)"	"no - ""(c) EFM ele4music.com"" on the archived PDFs; no licence or permission stated"	https://synthdiy.fonitronik.de/index.php/efm-files	EFM 1900 series board name in the fonitronik EFM files archive		2026-09-26
c463	EFM (Tom Gamble) - fonitronik archive	VCA5b	VCA	name only	? (EFM sold PCB building blocks, no panel format stated)	"schematic PDFs only (fonitronik archive; PCBs/BOMs ""often had errors""); PCBs no longer sold (EFM closeout April 2007)"	"no - ""(c) EFM ele4music.com"" on the archived PDFs; no licence or permission stated"	https://synthdiy.fonitronik.de/index.php/efm-files	EFM 1900 series board name in the fonitronik EFM files archive		2026-09-26
c464	EFM (Tom Gamble) - fonitronik archive	VCA6b	VCA	name only	? (EFM sold PCB building blocks, no panel format stated)	"schematic PDFs only (fonitronik archive; PCBs/BOMs ""often had errors""); PCBs no longer sold (EFM closeout April 2007)"	"no - ""(c) EFM ele4music.com"" on the archived PDFs; no licence or permission stated"	https://synthdiy.fonitronik.de/index.php/efm-files	EFM 1900 series board name in the fonitronik EFM files archive		2026-09-26
c465	EFM (Tom Gamble) - fonitronik archive	VCF1e	VCF	name only	? (EFM sold PCB building blocks, no panel format stated)	"schematic PDFs only (fonitronik archive; PCBs/BOMs ""often had errors""); PCBs no longer sold (EFM closeout April 2007)"	"no - ""(c) EFM ele4music.com"" on the archived PDFs; no licence or permission stated"	https://synthdiy.fonitronik.de/index.php/efm-files	EFM 1900 series board name in the fonitronik EFM files archive		2026-09-26
c466	EFM (Tom Gamble) - fonitronik archive	VCF1f	VCF	name only	? (EFM sold PCB building blocks, no panel format stated)	"schematic PDFs only (fonitronik archive; PCBs/BOMs ""often had errors""); PCBs no longer sold (EFM closeout April 2007)"	"no - ""(c) EFM ele4music.com"" on the archived PDFs; no licence or permission stated"	https://synthdiy.fonitronik.de/index.php/efm-files	EFM 1900 series board name in the fonitronik EFM files archive		2026-09-26
c467	EFM (Tom Gamble) - fonitronik archive	VCF2e	VCF	name only	? (EFM sold PCB building blocks, no panel format stated)	"schematic PDFs only (fonitronik archive; PCBs/BOMs ""often had errors""); PCBs no longer sold (EFM closeout April 2007)"	"no - ""(c) EFM ele4music.com"" on the archived PDFs; no licence or permission stated"	https://synthdiy.fonitronik.de/index.php/efm-files	EFM 1900 series board name in the fonitronik EFM files archive		2026-09-26
c468	EFM (Tom Gamble) - fonitronik archive	VCF2f-b	VCF	name only	? (EFM sold PCB building blocks, no panel format stated)	"schematic PDFs only (fonitronik archive; PCBs/BOMs ""often had errors""); PCBs no longer sold (EFM closeout April 2007)"	"no - ""(c) EFM ele4music.com"" on the archived PDFs; no licence or permission stated"	https://synthdiy.fonitronik.de/index.php/efm-files	EFM 1900 series board name in the fonitronik EFM files archive		2026-09-26
c469	EFM (Tom Gamble) - fonitronik archive	VCF6c	VCF	name only	? (EFM sold PCB building blocks, no panel format stated)	"schematic PDFs only (fonitronik archive; PCBs/BOMs ""often had errors""); PCBs no longer sold (EFM closeout April 2007)"	"no - ""(c) EFM ele4music.com"" on the archived PDFs; no licence or permission stated"	https://synthdiy.fonitronik.de/index.php/efm-files	EFM 1900 series board name in the fonitronik EFM files archive		2026-09-26
c470	EFM (Tom Gamble) - fonitronik archive	VCF8e	VCF	name only	? (EFM sold PCB building blocks, no panel format stated)	"schematic PDFs only (fonitronik archive; PCBs/BOMs ""often had errors""); PCBs no longer sold (EFM closeout April 2007)"	"no - ""(c) EFM ele4music.com"" on the archived PDFs; no licence or permission stated"	https://synthdiy.fonitronik.de/index.php/efm-files	EFM 1900 series board name in the fonitronik EFM files archive		2026-09-26
c471	EFM (Tom Gamble) - fonitronik archive	VCF7b	VCF	name only	? (EFM sold PCB building blocks, no panel format stated)	"schematic PDFs only (fonitronik archive; PCBs/BOMs ""often had errors""); PCBs no longer sold (EFM closeout April 2007)"	"no - ""(c) EFM ele4music.com"" on the archived PDFs; no licence or permission stated"	https://synthdiy.fonitronik.de/index.php/efm-files	EFM 1900 series board name in the fonitronik EFM files archive		2026-09-26
c472	EFM (Tom Gamble) - fonitronik archive	VCF12a	VCF	name only	? (EFM sold PCB building blocks, no panel format stated)	"schematic PDFs only (fonitronik archive; PCBs/BOMs ""often had errors""); PCBs no longer sold (EFM closeout April 2007)"	"no - ""(c) EFM ele4music.com"" on the archived PDFs; no licence or permission stated"	https://synthdiy.fonitronik.de/index.php/efm-files	EFM 1900 series board name in the fonitronik EFM files archive		2026-09-26
c473	EFM (Tom Gamble) - fonitronik archive	EGLFO1a	envelope / LFO	name only	? (EFM sold PCB building blocks, no panel format stated)	"schematic PDFs only (fonitronik archive; PCBs/BOMs ""often had errors""); PCBs no longer sold (EFM closeout April 2007)"	"no - ""(c) EFM ele4music.com"" on the archived PDFs; no licence or permission stated"	https://synthdiy.fonitronik.de/index.php/efm-files	EFM 1900 series board name in the fonitronik EFM files archive		2026-09-26
c474	EFM (Tom Gamble) - fonitronik archive	KBD2e	keyboard controller	name only	? (EFM sold PCB building blocks, no panel format stated)	"schematic PDFs only (fonitronik archive; PCBs/BOMs ""often had errors""); PCBs no longer sold (EFM closeout April 2007)"	"no - ""(c) EFM ele4music.com"" on the archived PDFs; no licence or permission stated"	https://synthdiy.fonitronik.de/index.php/efm-files	EFM 1900 series board name in the fonitronik EFM files archive		2026-09-26
c475	EFM (Tom Gamble) - fonitronik archive	LFO5a	LFO	name only	? (EFM sold PCB building blocks, no panel format stated)	"schematic PDFs only (fonitronik archive; PCBs/BOMs ""often had errors""); PCBs no longer sold (EFM closeout April 2007)"	"no - ""(c) EFM ele4music.com"" on the archived PDFs; no licence or permission stated"	https://synthdiy.fonitronik.de/index.php/efm-files	EFM 1900 series board name in the fonitronik EFM files archive		2026-09-26
c476	EFM (Tom Gamble) - fonitronik archive	DEG2a	envelope (dual)	name only	? (EFM sold PCB building blocks, no panel format stated)	"schematic PDFs only (fonitronik archive; PCBs/BOMs ""often had errors""); PCBs no longer sold (EFM closeout April 2007)"	"no - ""(c) EFM ele4music.com"" on the archived PDFs; no licence or permission stated"	https://synthdiy.fonitronik.de/index.php/efm-files	EFM 1900 series board name in the fonitronik EFM files archive		2026-09-26
c477	EFM (Tom Gamble) - fonitronik archive	RMP1b	ramp / function generator	name only	? (EFM sold PCB building blocks, no panel format stated)	"schematic PDFs only (fonitronik archive; PCBs/BOMs ""often had errors""); PCBs no longer sold (EFM closeout April 2007)"	"no - ""(c) EFM ele4music.com"" on the archived PDFs; no licence or permission stated"	https://synthdiy.fonitronik.de/index.php/efm-files	EFM 1900 series board name in the fonitronik EFM files archive		2026-09-26
c478	EFM (Tom Gamble) - fonitronik archive	MIDIGATE	MIDI to gate	name only	? (EFM sold PCB building blocks, no panel format stated)	"schematic PDFs only (fonitronik archive; PCBs/BOMs ""often had errors""); PCBs no longer sold (EFM closeout April 2007)"	"no - ""(c) EFM ele4music.com"" on the archived PDFs; no licence or permission stated"	https://synthdiy.fonitronik.de/index.php/efm-files	EFM 1900 series board name in the fonitronik EFM files archive		2026-09-26
c479	EFM (Tom Gamble) - fonitronik archive	RXCV	MIDI to CV	name only	? (EFM sold PCB building blocks, no panel format stated)	"schematic PDFs only (fonitronik archive; PCBs/BOMs ""often had errors""); PCBs no longer sold (EFM closeout April 2007)"	"no - ""(c) EFM ele4music.com"" on the archived PDFs; no licence or permission stated"	https://synthdiy.fonitronik.de/index.php/efm-files	EFM 1900 series board name in the fonitronik EFM files archive		2026-09-26
c480	EFM (Tom Gamble) - fonitronik archive	RXCVpro	MIDI to CV	name only	? (EFM sold PCB building blocks, no panel format stated)	"schematic PDFs only (fonitronik archive; PCBs/BOMs ""often had errors""); PCBs no longer sold (EFM closeout April 2007)"	"no - ""(c) EFM ele4music.com"" on the archived PDFs; no licence or permission stated"	https://synthdiy.fonitronik.de/index.php/efm-files	EFM 1900 series board name in the fonitronik EFM files archive		2026-09-26
c481	EFM (Tom Gamble) - fonitronik archive	VCRadsr	envelope (VC ADSR)	name only	? (EFM sold PCB building blocks, no panel format stated)	"schematic PDFs only (fonitronik archive; PCBs/BOMs ""often had errors""); PCBs no longer sold (EFM closeout April 2007)"	"no - ""(c) EFM ele4music.com"" on the archived PDFs; no licence or permission stated"	https://synthdiy.fonitronik.de/index.php/efm-files	EFM 1900 series board name in the fonitronik EFM files archive		2026-09-26
c482	EFM (Tom Gamble) - fonitronik archive	WAV1b	waveshaper	name only	? (EFM sold PCB building blocks, no panel format stated)	"schematic PDFs only (fonitronik archive; PCBs/BOMs ""often had errors""); PCBs no longer sold (EFM closeout April 2007)"	"no - ""(c) EFM ele4music.com"" on the archived PDFs; no licence or permission stated"	https://synthdiy.fonitronik.de/index.php/efm-files	EFM 1900 series board name in the fonitronik EFM files archive		2026-09-26
c483	EFM (Tom Gamble) - fonitronik archive	3501 PSU	power supply	name only	? (EFM sold PCB building blocks, no panel format stated)	"schematic PDFs only (fonitronik archive; PCBs/BOMs ""often had errors""); PCBs no longer sold (EFM closeout April 2007)"	"no - ""(c) EFM ele4music.com"" on the archived PDFs; no licence or permission stated"	https://synthdiy.fonitronik.de/index.php/efm-files	EFM 3500 series board name in the fonitronik EFM files archive		2026-09-26
c484	EFM (Tom Gamble) - fonitronik archive	3503 MidiPort	MIDI interface	name only	? (EFM sold PCB building blocks, no panel format stated)	"schematic PDFs only (fonitronik archive; PCBs/BOMs ""often had errors""); PCBs no longer sold (EFM closeout April 2007)"	"no - ""(c) EFM ele4music.com"" on the archived PDFs; no licence or permission stated"	https://synthdiy.fonitronik.de/index.php/efm-files	EFM 3500 series board name in the fonitronik EFM files archive		2026-09-26
c485	EFM (Tom Gamble) - fonitronik archive	3504 RXPro	MIDI to CV	name only	? (EFM sold PCB building blocks, no panel format stated)	"schematic PDFs only (fonitronik archive; PCBs/BOMs ""often had errors""); PCBs no longer sold (EFM closeout April 2007)"	"no - ""(c) EFM ele4music.com"" on the archived PDFs; no licence or permission stated"	https://synthdiy.fonitronik.de/index.php/efm-files	EFM 3500 series board name in the fonitronik EFM files archive		2026-09-26
c486	EFM (Tom Gamble) - fonitronik archive	3505 MidiGate	MIDI to gate	name only	? (EFM sold PCB building blocks, no panel format stated)	"schematic PDFs only (fonitronik archive; PCBs/BOMs ""often had errors""); PCBs no longer sold (EFM closeout April 2007)"	"no - ""(c) EFM ele4music.com"" on the archived PDFs; no licence or permission stated"	https://synthdiy.fonitronik.de/index.php/efm-files	EFM 3500 series board name in the fonitronik EFM files archive		2026-09-26
c487	EFM (Tom Gamble) - fonitronik archive	3506 Lag	slew / lag	name only	? (EFM sold PCB building blocks, no panel format stated)	"schematic PDFs only (fonitronik archive; PCBs/BOMs ""often had errors""); PCBs no longer sold (EFM closeout April 2007)"	"no - ""(c) EFM ele4music.com"" on the archived PDFs; no licence or permission stated"	https://synthdiy.fonitronik.de/index.php/efm-files	EFM 3500 series board name in the fonitronik EFM files archive		2026-09-26
c488	EFM (Tom Gamble) - fonitronik archive	3508 ADSR	envelope (ADSR)	name only	? (EFM sold PCB building blocks, no panel format stated)	"schematic PDFs only (fonitronik archive; PCBs/BOMs ""often had errors""); PCBs no longer sold (EFM closeout April 2007)"	"no - ""(c) EFM ele4music.com"" on the archived PDFs; no licence or permission stated"	https://synthdiy.fonitronik.de/index.php/efm-files	EFM 3500 series board name in the fonitronik EFM files archive		2026-09-26
c489	EFM (Tom Gamble) - fonitronik archive	3510 VCADSR	envelope (VC ADSR)	name only	? (EFM sold PCB building blocks, no panel format stated)	"schematic PDFs only (fonitronik archive; PCBs/BOMs ""often had errors""); PCBs no longer sold (EFM closeout April 2007)"	"no - ""(c) EFM ele4music.com"" on the archived PDFs; no licence or permission stated"	https://synthdiy.fonitronik.de/index.php/efm-files	EFM 3500 series board name in the fonitronik EFM files archive		2026-09-26
c490	EFM (Tom Gamble) - fonitronik archive	3512 LFO	LFO	name only	? (EFM sold PCB building blocks, no panel format stated)	"schematic PDFs only (fonitronik archive; PCBs/BOMs ""often had errors""); PCBs no longer sold (EFM closeout April 2007)"	"no - ""(c) EFM ele4music.com"" on the archived PDFs; no licence or permission stated"	https://synthdiy.fonitronik.de/index.php/efm-files	EFM 3500 series board name in the fonitronik EFM files archive		2026-09-26
c491	EFM (Tom Gamble) - fonitronik archive	3521 VCF1	VCF	name only	? (EFM sold PCB building blocks, no panel format stated)	"schematic PDFs only (fonitronik archive; PCBs/BOMs ""often had errors""); PCBs no longer sold (EFM closeout April 2007)"	"no - ""(c) EFM ele4music.com"" on the archived PDFs; no licence or permission stated"	https://synthdiy.fonitronik.de/index.php/efm-files	EFM 3500 series board name in the fonitronik EFM files archive		2026-09-26
c492	EFM (Tom Gamble) - fonitronik archive	3522 VCF2	VCF	name only	? (EFM sold PCB building blocks, no panel format stated)	"schematic PDFs only (fonitronik archive; PCBs/BOMs ""often had errors""); PCBs no longer sold (EFM closeout April 2007)"	"no - ""(c) EFM ele4music.com"" on the archived PDFs; no licence or permission stated"	https://synthdiy.fonitronik.de/index.php/efm-files	EFM 3500 series board name in the fonitronik EFM files archive		2026-09-26
c493	EFM (Tom Gamble) - fonitronik archive	3528 VCF2	VCF	name only	? (EFM sold PCB building blocks, no panel format stated)	"schematic PDFs only (fonitronik archive; PCBs/BOMs ""often had errors""); PCBs no longer sold (EFM closeout April 2007)"	"no - ""(c) EFM ele4music.com"" on the archived PDFs; no licence or permission stated"	https://synthdiy.fonitronik.de/index.php/efm-files	EFM 3500 series board name in the fonitronik EFM files archive		2026-09-26
c494	EFM (Tom Gamble) - fonitronik archive	3529 VCF9	VCF	name only	? (EFM sold PCB building blocks, no panel format stated)	"schematic PDFs only (fonitronik archive; PCBs/BOMs ""often had errors""); PCBs no longer sold (EFM closeout April 2007)"	"no - ""(c) EFM ele4music.com"" on the archived PDFs; no licence or permission stated"	https://synthdiy.fonitronik.de/index.php/efm-files	EFM 3500 series board name in the fonitronik EFM files archive		2026-09-26
c495	EFM (Tom Gamble) - fonitronik archive	3531 VCA	VCA	name only	? (EFM sold PCB building blocks, no panel format stated)	"schematic PDFs only (fonitronik archive; PCBs/BOMs ""often had errors""); PCBs no longer sold (EFM closeout April 2007)"	"no - ""(c) EFM ele4music.com"" on the archived PDFs; no licence or permission stated"	https://synthdiy.fonitronik.de/index.php/efm-files	EFM 3500 series board name in the fonitronik EFM files archive		2026-09-26
c496	EFM (Tom Gamble) - fonitronik archive	3534 S&H	sample & hold	name only	? (EFM sold PCB building blocks, no panel format stated)	"schematic PDFs only (fonitronik archive; PCBs/BOMs ""often had errors""); PCBs no longer sold (EFM closeout April 2007)"	"no - ""(c) EFM ele4music.com"" on the archived PDFs; no licence or permission stated"	https://synthdiy.fonitronik.de/index.php/efm-files	EFM 3500 series board name in the fonitronik EFM files archive		2026-09-26
c497	EFM (Tom Gamble) - fonitronik archive	3541 VCO	VCO	name only	? (EFM sold PCB building blocks, no panel format stated)	"schematic PDFs only (fonitronik archive; PCBs/BOMs ""often had errors""); PCBs no longer sold (EFM closeout April 2007)"	"no - ""(c) EFM ele4music.com"" on the archived PDFs; no licence or permission stated"	https://synthdiy.fonitronik.de/index.php/efm-files	EFM 3500 series board name in the fonitronik EFM files archive		2026-09-26
c498	EFM (Tom Gamble) - fonitronik archive	3542 VCO	VCO	name only	? (EFM sold PCB building blocks, no panel format stated)	"schematic PDFs only (fonitronik archive; PCBs/BOMs ""often had errors""); PCBs no longer sold (EFM closeout April 2007)"	"no - ""(c) EFM ele4music.com"" on the archived PDFs; no licence or permission stated"	https://synthdiy.fonitronik.de/index.php/efm-files	EFM 3500 series board name in the fonitronik EFM files archive		2026-09-26
c499	EFM (Tom Gamble) - fonitronik archive	BassAce	synth voice / board (inferred)	unknown	? (EFM sold PCB building blocks, no panel format stated)	"schematic PDFs only (fonitronik archive; PCBs/BOMs ""often had errors""); PCBs no longer sold (EFM closeout April 2007)"	"no - ""(c) EFM ele4music.com"" on the archived PDFs; no licence or permission stated"	https://synthdiy.fonitronik.de/index.php/efm-files	EFM 4600/misc series board name in the fonitronik EFM files archive	may be a complete synth board rather than a module	2026-09-26
c500	EFM (Tom Gamble) - fonitronik archive	BassAceV2	synth voice / board (inferred)	unknown	? (EFM sold PCB building blocks, no panel format stated)	"schematic PDFs only (fonitronik archive; PCBs/BOMs ""often had errors""); PCBs no longer sold (EFM closeout April 2007)"	"no - ""(c) EFM ele4music.com"" on the archived PDFs; no licence or permission stated"	https://synthdiy.fonitronik.de/index.php/efm-files	EFM 4600/misc series board name in the fonitronik EFM files archive	may be a complete synth board rather than a module	2026-09-26
c501	EFM (Tom Gamble) - fonitronik archive	MadMouse	synth voice / board (inferred)	unknown	? (EFM sold PCB building blocks, no panel format stated)	"schematic PDFs only (fonitronik archive; PCBs/BOMs ""often had errors""); PCBs no longer sold (EFM closeout April 2007)"	"no - ""(c) EFM ele4music.com"" on the archived PDFs; no licence or permission stated"	https://synthdiy.fonitronik.de/index.php/efm-files	EFM 4600/misc series board name in the fonitronik EFM files archive	may be a complete synth board rather than a module	2026-09-26
c502	EFM (Tom Gamble) - fonitronik archive	MadMousePro	synth voice / board (inferred)	unknown	? (EFM sold PCB building blocks, no panel format stated)	"schematic PDFs only (fonitronik archive; PCBs/BOMs ""often had errors""); PCBs no longer sold (EFM closeout April 2007)"	"no - ""(c) EFM ele4music.com"" on the archived PDFs; no licence or permission stated"	https://synthdiy.fonitronik.de/index.php/efm-files	EFM 4600/misc series board name in the fonitronik EFM files archive	may be a complete synth board rather than a module	2026-09-26
c503	EFM (Tom Gamble) - fonitronik archive	Pitch2VoltageConverter	pitch to voltage converter	name only	? (EFM sold PCB building blocks, no panel format stated)	"schematic PDFs only (fonitronik archive; PCBs/BOMs ""often had errors""); PCBs no longer sold (EFM closeout April 2007)"	"no - ""(c) EFM ele4music.com"" on the archived PDFs; no licence or permission stated"	https://synthdiy.fonitronik.de/index.php/efm-files	EFM 4600/misc series board name in the fonitronik EFM files archive		2026-09-26
c504	EFM (Tom Gamble) - fonitronik archive	SEQ2a	sequencer	name only	? (EFM sold PCB building blocks, no panel format stated)	"schematic PDFs only (fonitronik archive; PCBs/BOMs ""often had errors""); PCBs no longer sold (EFM closeout April 2007)"	"no - ""(c) EFM ele4music.com"" on the archived PDFs; no licence or permission stated"	https://synthdiy.fonitronik.de/index.php/efm-files	EFM 4600/misc series board name in the fonitronik EFM files archive		2026-09-26
c505	EFM (Tom Gamble) - fonitronik archive	SingleBoardModular	synth voice / board (inferred)	unknown	? (EFM sold PCB building blocks, no panel format stated)	"schematic PDFs only (fonitronik archive; PCBs/BOMs ""often had errors""); PCBs no longer sold (EFM closeout April 2007)"	"no - ""(c) EFM ele4music.com"" on the archived PDFs; no licence or permission stated"	https://synthdiy.fonitronik.de/index.php/efm-files	EFM 4600/misc series board name in the fonitronik EFM files archive	may be a complete synth board rather than a module	2026-09-26
c506	EFM (Tom Gamble) - fonitronik archive	TomCat	synth voice / board (inferred)	unknown	? (EFM sold PCB building blocks, no panel format stated)	"schematic PDFs only (fonitronik archive; PCBs/BOMs ""often had errors""); PCBs no longer sold (EFM closeout April 2007)"	"no - ""(c) EFM ele4music.com"" on the archived PDFs; no licence or permission stated"	https://synthdiy.fonitronik.de/index.php/efm-files	EFM 4600/misc series board name in the fonitronik EFM files archive	may be a complete synth board rather than a module	2026-09-26
c507	EFM (Tom Gamble) - fonitronik archive	WildCat	synth voice / board (inferred)	unknown	? (EFM sold PCB building blocks, no panel format stated)	"schematic PDFs only (fonitronik archive; PCBs/BOMs ""often had errors""); PCBs no longer sold (EFM closeout April 2007)"	"no - ""(c) EFM ele4music.com"" on the archived PDFs; no licence or permission stated"	https://synthdiy.fonitronik.de/index.php/efm-files	EFM 4600/misc series board name in the fonitronik EFM files archive	may be a complete synth board rather than a module	2026-09-26
c508	René Schmitz	Envelope Generator ADSR	envelope (ADSR, 3 designs)	vendor listing	not stated (circuit pages)	schematic images on the page; no PCB sold	not stated (no licence or copyright on the site)	https://www.schmitzbits.de/adsr.html	page title		2026-09-26
c509	René Schmitz	VCA	VCA (+ YARM ring modulator)	vendor page	not stated (circuit pages)	schematic images on the page; no PCB sold	not stated (no licence or copyright on the site)	https://www.schmitzbits.de/vca.html	"""Voltage controlled amplifier"""		2026-09-26
c510	René Schmitz	Minimoog Filter	VCF (4-pole ladder)	vendor page	not stated (circuit pages)	schematic images on the page; no PCB sold	not stated (no licence or copyright on the site)	https://www.schmitzbits.de/filter.html	"""my version of the famous Minimoog filter"""		2026-09-26
c511	René Schmitz	WASP Filter	VCF (state-variable, CD4069)	vendor page	not stated (circuit pages)	schematic images on the page; no PCB sold	not stated (no licence or copyright on the site)	https://www.schmitzbits.de/wasp.html	"""State variable filter build around one CD4069UB CMOS inverter"""		2026-09-26
c512	René Schmitz	SSM 2040 Filter	VCF (SSM2040 clone)	vendor page	not stated (circuit pages)	schematic images on the page; no PCB sold	not stated (no licence or copyright on the site)	https://www.schmitzbits.de/rs2040.html	"""A cloned version of the SSM 2040 filter"""		2026-09-26
c513	René Schmitz	MS20 filter	VCF (MS-20 type)	name only	not stated (circuit pages)	schematic images on the page; no PCB sold	not stated (no licence or copyright on the site)	https://www.schmitzbits.de/ms20.html	page name only		2026-09-26
c514	René Schmitz	Noise	noise (white)	vendor page	not stated (circuit pages)	schematic images on the page; no PCB sold	not stated (no licence or copyright on the site)	https://www.schmitzbits.de/noise.html	"""basic white noise source"""		2026-09-26
c515	René Schmitz	VCO 1 and 2	VCO	vendor page	not stated (circuit pages)	schematic images on the page; no PCB sold	not stated (no licence or copyright on the site)	https://www.schmitzbits.de/vco2.html	"""The heart of any synth."""		2026-09-26
c516	René Schmitz	VCO 3	VCO (integrator, tri / sine)	vendor page	not stated (circuit pages)	schematic images on the page; no PCB sold	not stated (no licence or copyright on the site)	https://www.schmitzbits.de/vco3.html	"""Integrator based VCO with triangle and sine wave outputs"""		2026-09-26
c517	René Schmitz	VCO 4	VCO (improved VCO 2)	vendor page	not stated (circuit pages)	schematic images on the page; no PCB sold	not stated (no licence or copyright on the site)	https://www.schmitzbits.de/vco4.html	"""Improved version of VCO 2"""		2026-09-26
c518	René Schmitz	VCO 566	VCO (566)	name only	not stated (circuit pages)	schematic images on the page; no PCB sold	not stated (no licence or copyright on the site)	https://www.schmitzbits.de/vco566.html	page name only		2026-09-26
c519	René Schmitz	VCO 4069	VCO (CMOS 4069)	vendor listing	not stated (circuit pages)	schematic images on the page; no PCB sold	not stated (no licence or copyright on the site)	https://www.schmitzbits.de/vco4069.html	search title		2026-09-26
c520	René Schmitz	Vacuum Tube VCO	VCO (vacuum tube)	vendor listing	not stated (circuit pages)	schematic images on the page; no PCB sold	not stated (no licence or copyright on the site)	https://www.schmitzbits.de/vtvco.html	search title		2026-09-26
c521	René Schmitz	Three phase LFO	LFO (3-phase)	vendor page	not stated (circuit pages)	schematic images on the page; no PCB sold	not stated (no licence or copyright on the site)	https://www.schmitzbits.de/triphase.html	"""three modulation signals spaced 120 degrees apart"""		2026-09-26
c522	René Schmitz	VC ADSR	envelope (VC ADSR)	name only	not stated (circuit pages)	schematic images on the page; no PCB sold	not stated (no licence or copyright on the site)	https://www.schmitzbits.de/vcadsr.html	page name only		2026-09-26
c523	René Schmitz	S&H	sample & hold	vendor listing	not stated (circuit pages)	schematic images on the page; no PCB sold	not stated (no licence or copyright on the site)	https://www.schmitzbits.de/sah.html	search title		2026-09-26
c524	René Schmitz	Minimum and Maximum	min / max processor	vendor listing	not stated (circuit pages)	schematic images on the page; no PCB sold	not stated (no licence or copyright on the site)	https://www.schmitzbits.de/minmax.html	search title		2026-09-26
c525	René Schmitz	Dronebox	drone voice (logic-gate oscillators)	vendor page	not stated (circuit pages)	schematic images on the page; no PCB sold	not stated (no licence or copyright on the site)	https://www.schmitzbits.de/dronebox.html	"""A complex textural sound generator"""		2026-09-26
c526	René Schmitz	Digital Delay Line	delay (PT2399)	vendor listing	not stated (circuit pages)	schematic images on the page; no PCB sold	not stated (no licence or copyright on the site)	https://www.schmitzbits.de/pt2399.html	search title		2026-09-26
c527	René Schmitz	Control Voltage Interface	MIDI / PC to CV interface	vendor listing	not stated (circuit pages)	schematic images on the page; no PCB sold	not stated (no licence or copyright on the site)	https://www.schmitzbits.de/cvmidi.html	page title		2026-09-26
c528	Niklas Rönnberg	Distortion unit	distortion / overdrive	vendor page	eurorack (from URL path /diy/eurorack/; not stated in text)	schematic + stripboard placement on the page; nothing sold	not stated	http://familjenronnberg.se/~niklas/diy/eurorack/dist/	"""the schematic, some photos, and some comments"""		2026-09-26
c529	Niklas Rönnberg	Mixer	mixer (5-in, 2 outs)	vendor page	eurorack (from URL path /diy/eurorack/; not stated in text)	schematic + stripboard placement on the page; nothing sold	not stated	http://familjenronnberg.se/~niklas/diy/eurorack/mixer/	page summary		2026-09-26
c530	Niklas Rönnberg	ADSR	envelope (ADSR, normal + inverted)	vendor page	eurorack (from URL path /diy/eurorack/; not stated in text)	schematic + stripboard placement on the page; nothing sold	not stated	http://familjenronnberg.se/~niklas/diy/eurorack/adsr/	"""envelope generator with Attack, Decay, Sustain, and Release"""		2026-09-26
c531	Niklas Rönnberg	CV tools	utility (glide, attenuator / amplifier, offset)	vendor page	eurorack (from URL path /diy/eurorack/; not stated in text)	schematic + stripboard placement on the page; nothing sold	not stated	http://familjenronnberg.se/~niklas/diy/eurorack/cv-tools/	"""A glide buffer, an attenuator and amplifier, and an offset"""		2026-09-26
c532	Niklas Rönnberg	Digital delay (HT8972)	delay (digital, HT8972)	vendor page	eurorack (from URL path /diy/eurorack/; not stated in text)	schematic + stripboard placement on the page; nothing sold	not stated	http://familjenronnberg.se/~niklas/diy/eurorack/digital_delay/	"""rather nice sounding digital delay based on the HT8972 chip"""		2026-09-26
c533	Niklas Rönnberg	LFO	LFO (square + triangle)	vendor page	eurorack (from URL path /diy/eurorack/; not stated in text)	schematic + stripboard placement on the page; nothing sold	not stated	http://familjenronnberg.se/~niklas/diy/eurorack/lfo/	"""low frequency oscillator (LFO) that gives square and triangle out"""		2026-09-26
c534	Niklas Rönnberg	VCO	VCO (saw + square)	vendor page	eurorack (from URL path /diy/eurorack/; not stated in text)	schematic + stripboard placement on the page; nothing sold	not stated	http://familjenronnberg.se/~niklas/diy/eurorack/vco/	"""a simple but yet reliable VCO"""		2026-09-26
c535	Niklas Rönnberg	Dual VCA	VCA (dual)	vendor page	eurorack (from URL path /diy/eurorack/; not stated in text)	schematic + stripboard placement on the page; nothing sold	not stated	http://familjenronnberg.se/~niklas/diy/eurorack/vca/	"""dual voltage controlled amplifier"""		2026-09-26
c536	Niklas Rönnberg	Noise source + Sample & Hold	noise (white / pink / red / blue) + S&H	vendor page	eurorack (from URL path /diy/eurorack/; not stated in text)	schematic + stripboard placement on the page; nothing sold	not stated	http://familjenronnberg.se/~niklas/diy/eurorack/noise/	"""No modular is complete without a noise source."""		2026-09-26
c537	haraldswerk (Harald Antes)	VCO III / IV	VCO	vendor listing	not stated	schematics on the site (not checked per page)	"no - ""They are free for private use only."" (haraldswerk.de: copyrighted by Harald Antes)"	https://www.haraldswerk.de/VCO/VCO_III_IV/VCO_III_IV.html	page title on haraldswerk.de	"only the VCO index and recent items were catalogued; other sections not yet; the separate ""Euro version"" of the Trapezoid VCO suggests haraldswerk's default format may not be eurorack - check"	2026-09-26
c538	haraldswerk (Harald Antes)	Walsh 32 Function Generator / Discrete Out	Walsh-function waveform generator	vendor listing	not stated	schematics on the site (not checked per page)	"no - ""They are free for private use only."" (haraldswerk.de: copyrighted by Harald Antes)"	https://www.haraldswerk.de/VCO/Walsh_32_discrete_out/Walsh_32_discrete_out.html	page title on haraldswerk.de	"only the VCO index and recent items were catalogued; other sections not yet; the separate ""Euro version"" of the Trapezoid VCO suggests haraldswerk's default format may not be eurorack - check"	2026-09-26
c539	haraldswerk (Harald Antes)	Walsh 32 Function Generator / Raw Out	Walsh-function waveform generator	vendor listing	not stated	schematics on the site (not checked per page)	"no - ""They are free for private use only."" (haraldswerk.de: copyrighted by Harald Antes)"	https://www.haraldswerk.de/VCO/Walsh_32_raw_out/Walsh_32_raw_out.html	page title on haraldswerk.de	"only the VCO index and recent items were catalogued; other sections not yet; the separate ""Euro version"" of the Trapezoid VCO suggests haraldswerk's default format may not be eurorack - check"	2026-09-26
c540	haraldswerk (Harald Antes)	Walsh 32 Function Generator / VCO	VCO (Walsh function)	vendor listing	not stated	schematics on the site (not checked per page)	"no - ""They are free for private use only."" (haraldswerk.de: copyrighted by Harald Antes)"	https://www.haraldswerk.de/VCO/Walsh_32/Walsh_32.html	page title on haraldswerk.de	"only the VCO index and recent items were catalogued; other sections not yet; the separate ""Euro version"" of the Trapezoid VCO suggests haraldswerk's default format may not be eurorack - check"	2026-09-26
c541	haraldswerk (Harald Antes)	High Speed VCO	VCO	vendor listing	not stated	schematics on the site (not checked per page)	"no - ""They are free for private use only."" (haraldswerk.de: copyrighted by Harald Antes)"	https://www.haraldswerk.de/VCO/High_speed_VCO/High_speed_VCO.html	page title on haraldswerk.de	"only the VCO index and recent items were catalogued; other sections not yet; the separate ""Euro version"" of the Trapezoid VCO suggests haraldswerk's default format may not be eurorack - check"	2026-09-26
c542	haraldswerk (Harald Antes)	Harmonic Oscillator	VCO (harmonic oscillator)	vendor listing	not stated	schematics on the site (not checked per page)	"no - ""They are free for private use only."" (haraldswerk.de: copyrighted by Harald Antes)"	https://www.haraldswerk.de/VCO/Harmonic_Oscillator/Harmonic_Oscillator.html	page title on haraldswerk.de	"only the VCO index and recent items were catalogued; other sections not yet; the separate ""Euro version"" of the Trapezoid VCO suggests haraldswerk's default format may not be eurorack - check"	2026-09-26
c543	haraldswerk (Harald Antes)	Trapezoid Quadrature Extended VCO	VCO (through-zero quadrature, extended)	vendor listing	not stated	schematics on the site (not checked per page)	"no - ""They are free for private use only."" (haraldswerk.de: copyrighted by Harald Antes)"	https://www.haraldswerk.de/VCO/Trapezoid_VCO_eX/Trapezoid_VCO_eX.html	page title on haraldswerk.de	"only the VCO index and recent items were catalogued; other sections not yet; the separate ""Euro version"" of the Trapezoid VCO suggests haraldswerk's default format may not be eurorack - check"	2026-09-26
c544	haraldswerk (Harald Antes)	Trapezoid Quadrature Through Zero VCO (Euro version)	VCO (through-zero quadrature)	vendor listing	"eurorack (""Euro version"" in page title)"	schematics on the site (not checked per page)	"no - ""They are free for private use only."" (haraldswerk.de: copyrighted by Harald Antes)"	https://www.haraldswerk.de/VCO/Trapezoid_Euro/Trapezoid_Euro.html	page title on haraldswerk.de	only the VCO index and recent items were catalogued; other sections not yet	2026-09-26
c545	haraldswerk (Harald Antes)	Trapezoid VCO Flat with Waveshaper	VCO + waveshaper	vendor listing	not stated	schematics on the site (not checked per page)	"no - ""They are free for private use only."" (haraldswerk.de: copyrighted by Harald Antes)"	https://www.haraldswerk.de/VCO/Trapezoid_flat/Trapezoid_flat.html	page title on haraldswerk.de	"only the VCO index and recent items were catalogued; other sections not yet; the separate ""Euro version"" of the Trapezoid VCO suggests haraldswerk's default format may not be eurorack - check"	2026-09-26
c546	haraldswerk (Harald Antes)	Trapezoid Quadrature VCO	VCO (through-zero quadrature)	vendor listing	not stated	schematics on the site (not checked per page)	"no - ""They are free for private use only."" (haraldswerk.de: copyrighted by Harald Antes)"	https://www.haraldswerk.de/VCO/Trapezoid/Trapezoid_VCO.html	page title on haraldswerk.de	"only the VCO index and recent items were catalogued; other sections not yet; the separate ""Euro version"" of the Trapezoid VCO suggests haraldswerk's default format may not be eurorack - check"	2026-09-26
c547	haraldswerk (Harald Antes)	Waveshaper for Trapezoid Quadrature VCO	waveshaper	vendor listing	not stated	schematics on the site (not checked per page)	"no - ""They are free for private use only."" (haraldswerk.de: copyrighted by Harald Antes)"	https://www.haraldswerk.de/VCO/Trapezoid_Wave/Trapezoid_Wave.html	page title on haraldswerk.de	"only the VCO index and recent items were catalogued; other sections not yet; the separate ""Euro version"" of the Trapezoid VCO suggests haraldswerk's default format may not be eurorack - check"	2026-09-26
c548	haraldswerk (Harald Antes)	NGF VCO Core one	VCO core (Next Generation Formant)	vendor listing	not stated	schematics on the site (not checked per page)	"no - ""They are free for private use only."" (haraldswerk.de: copyrighted by Harald Antes)"	https://www.haraldswerk.de/NGF/NGF_VCO_CORE_ONE/VCO_CORE_ONE.html	page title on haraldswerk.de	"only the VCO index and recent items were catalogued; other sections not yet; the separate ""Euro version"" of the Trapezoid VCO suggests haraldswerk's default format may not be eurorack - check"	2026-09-26
c549	haraldswerk (Harald Antes)	NGF VCO Core two	VCO core (Next Generation Formant)	vendor listing	not stated	schematics on the site (not checked per page)	"no - ""They are free for private use only."" (haraldswerk.de: copyrighted by Harald Antes)"	https://www.haraldswerk.de/NGF_E/NGF_VCO_Core_two/NGF_VCO_Core_two.html	page title on haraldswerk.de	"only the VCO index and recent items were catalogued; other sections not yet; the separate ""Euro version"" of the Trapezoid VCO suggests haraldswerk's default format may not be eurorack - check"	2026-09-26
c550	haraldswerk (Harald Antes)	NGF Waveshaper	waveshaper	vendor listing	not stated	schematics on the site (not checked per page)	"no - ""They are free for private use only."" (haraldswerk.de: copyrighted by Harald Antes)"	https://www.haraldswerk.de/NGF/NGF_Waveshaper/WaveShaper.html	page title on haraldswerk.de	"only the VCO index and recent items were catalogued; other sections not yet; the separate ""Euro version"" of the Trapezoid VCO suggests haraldswerk's default format may not be eurorack - check"	2026-09-26
c551	haraldswerk (Harald Antes)	NGF E Waveshaper	waveshaper	vendor listing	not stated	schematics on the site (not checked per page)	"no - ""They are free for private use only."" (haraldswerk.de: copyrighted by Harald Antes)"	https://www.haraldswerk.de/NGF_E/NGF_E_Shape/NGF_E_Shape.html	page title on haraldswerk.de	"only the VCO index and recent items were catalogued; other sections not yet; the separate ""Euro version"" of the Trapezoid VCO suggests haraldswerk's default format may not be eurorack - check"	2026-09-26
c552	haraldswerk (Harald Antes)	NGF Scaled Voltage Reference 0-8	CV source (scaled voltage reference)	vendor listing	not stated	schematics on the site (not checked per page)	"no - ""They are free for private use only."" (haraldswerk.de: copyrighted by Harald Antes)"	https://www.haraldswerk.de/CV_Sources/Scaled_Voltage_Reference_0_8/Scaled_Voltage_Reference_0_8.html	page title on haraldswerk.de	"only the VCO index and recent items were catalogued; other sections not yet; the separate ""Euro version"" of the Trapezoid VCO suggests haraldswerk's default format may not be eurorack - check"	2026-09-26
c553	haraldswerk (Harald Antes)	Roland S700 clone 704A/B VCA-1/2	VCA (Roland System 700 clone)	vendor listing	not stated	schematics on the site (not checked per page)	"no - ""They are free for private use only."" (haraldswerk.de: copyrighted by Harald Antes)"	https://www.haraldswerk.de/Roland_S700_clone/S700_clone_704AB_VCA/	page title on haraldswerk.de	"only the VCO index and recent items were catalogued; other sections not yet; the separate ""Euro version"" of the Trapezoid VCO suggests haraldswerk's default format may not be eurorack - check"	2026-09-26
c554	haraldswerk (Harald Antes)	Voltage Controlled Mixer VCA-II	mixer (VC)	vendor listing	not stated	schematics on the site (not checked per page)	"no - ""They are free for private use only."" (haraldswerk.de: copyrighted by Harald Antes)"	https://www.haraldswerk.de/Mixer/VC_Mixer_VCA_II/	page title on haraldswerk.de	"only the VCO index and recent items were catalogued; other sections not yet; the separate ""Euro version"" of the Trapezoid VCO suggests haraldswerk's default format may not be eurorack - check"	2026-09-26
c555	haraldswerk (Harald Antes)	Quad Precision Adder	CV utility (quad precision adder)	vendor listing	not stated	schematics on the site (not checked per page)	"no - ""They are free for private use only."" (haraldswerk.de: copyrighted by Harald Antes)"	https://www.haraldswerk.de/Utilities/Quad_Precision_Adder/	page title on haraldswerk.de	"only the VCO index and recent items were catalogued; other sections not yet; the separate ""Euro version"" of the Trapezoid VCO suggests haraldswerk's default format may not be eurorack - check"	2026-09-26
c556	haraldswerk (Harald Antes)	CV Pedal Connector	expression pedal to CV interface	vendor listing	not stated	schematics on the site (not checked per page)	"no - ""They are free for private use only."" (haraldswerk.de: copyrighted by Harald Antes)"	https://www.haraldswerk.de/In_Out/CV_Pedal_Connector/	page title on haraldswerk.de	"only the VCO index and recent items were catalogued; other sections not yet; the separate ""Euro version"" of the Trapezoid VCO suggests haraldswerk's default format may not be eurorack - check"	2026-09-26
c557	haraldswerk (Harald Antes)	Bark Scanning Filter: Pre Fader Out	filter bank add-on (direct outs)	vendor listing	not stated	schematics on the site (not checked per page)	"no - ""They are free for private use only."" (haraldswerk.de: copyrighted by Harald Antes)"	https://www.haraldswerk.de/Filter/Bark_Direct_Out/	page title on haraldswerk.de	"only the VCO index and recent items were catalogued; other sections not yet; the separate ""Euro version"" of the Trapezoid VCO suggests haraldswerk's default format may not be eurorack - check"	2026-09-26
c558	haraldswerk (Harald Antes)	Quad AD/ADSR Envelope	envelope (quad AD / ADSR)	vendor listing	not stated	schematics on the site (not checked per page)	"no - ""They are free for private use only."" (haraldswerk.de: copyrighted by Harald Antes)"	https://www.haraldswerk.de/Envelopes/Quad_ADSR/	page title on haraldswerk.de	"only the VCO index and recent items were catalogued; other sections not yet; the separate ""Euro version"" of the Trapezoid VCO suggests haraldswerk's default format may not be eurorack - check"	2026-09-26
c559	haraldswerk (Harald Antes)	Active slider bank SMD	manual CV source (slider bank)	vendor listing	not stated	schematics on the site (not checked per page)	"no - ""They are free for private use only."" (haraldswerk.de: copyrighted by Harald Antes)"	https://www.haraldswerk.de/Utilities/Command_one_SMD/	page title on haraldswerk.de	"only the VCO index and recent items were catalogued; other sections not yet; the separate ""Euro version"" of the Trapezoid VCO suggests haraldswerk's default format may not be eurorack - check"	2026-09-26
c560	oZoe.fr (Jean Luc Lartigue)	DUAL VCA (LM13700)	VCA (dual, OTA)	vendor page	eurorack 6HP	schematic, panel, PCB layout PDFs on the site; nothing sold	"no - site ""(c) Jean Luc Lartigue 2009 - 2018""; firmware notice (unverified): free for personal use, ""Aucune exploitation commerciale ... sans mon consentement"""	https://www.ozoe.fr/articles.php?lng=fr&pg=504&mnuid=316&tconfig=0	module title in oZoe's Eurorack index		2026-09-26
c561	oZoe.fr (Jean Luc Lartigue)	ADSR Version 3	envelope (ADSR)	vendor listing	eurorack (per the site's Eurorack index; HP ?)	documentation listed as available on the site; nothing sold	"no - site ""(c) Jean Luc Lartigue 2009 - 2018""; firmware notice (unverified): free for personal use, ""Aucune exploitation commerciale ... sans mon consentement"""	https://www.ozoe.fr/articles.php?lng=fr&pg=367&mnuid=316&tconfig=0	module title in oZoe's Eurorack index		2026-09-26
c562	oZoe.fr (Jean Luc Lartigue)	CV Arpeggiator	arpeggiator (CV)	vendor listing	eurorack (per the site's Eurorack index; HP ?)	documentation listed as available on the site; nothing sold	"no - site ""(c) Jean Luc Lartigue 2009 - 2018""; firmware notice (unverified): free for personal use, ""Aucune exploitation commerciale ... sans mon consentement"""	https://www.ozoe.fr/articles.php?lng=fr&pg=304&mnuid=316&tconfig=0	module title in oZoe's Eurorack index		2026-09-26
c563	oZoe.fr (Jean Luc Lartigue)	CV Memory	CV memory / preset	vendor listing	eurorack (per the site's Eurorack index; HP ?)	documentation listed as available on the site; nothing sold	"no - site ""(c) Jean Luc Lartigue 2009 - 2018""; firmware notice (unverified): free for personal use, ""Aucune exploitation commerciale ... sans mon consentement"""	https://www.ozoe.fr/articles.php?lng=fr&pg=299&mnuid=316&tconfig=0	module title in oZoe's Eurorack index		2026-09-26
c564	oZoe.fr (Jean Luc Lartigue)	CV-RECORDER	CV recorder / looper	vendor listing	eurorack (per the site's Eurorack index; HP ?)	documentation listed as available on the site; nothing sold	"no - site ""(c) Jean Luc Lartigue 2009 - 2018""; firmware notice (unverified): free for personal use, ""Aucune exploitation commerciale ... sans mon consentement"""	https://www.ozoe.fr/articles.php?lng=fr&pg=409&mnuid=316&tconfig=0	module title in oZoe's Eurorack index		2026-09-26
c565	oZoe.fr (Jean Luc Lartigue)	Easy Tuner	tuner	vendor listing	eurorack (per the site's Eurorack index; HP ?)	documentation listed as available on the site; nothing sold	"no - site ""(c) Jean Luc Lartigue 2009 - 2018""; firmware notice (unverified): free for personal use, ""Aucune exploitation commerciale ... sans mon consentement"""	https://www.ozoe.fr/articles.php?lng=fr&pg=286&mnuid=316&tconfig=0	module title in oZoe's Eurorack index		2026-09-26
c566	oZoe.fr (Jean Luc Lartigue)	Gate to Trig	gate to trigger converter	vendor listing	eurorack (per the site's Eurorack index; HP ?)	documentation listed as available on the site; nothing sold	"no - site ""(c) Jean Luc Lartigue 2009 - 2018""; firmware notice (unverified): free for personal use, ""Aucune exploitation commerciale ... sans mon consentement"""	https://www.ozoe.fr/articles.php?lng=fr&pg=272&mnuid=316&tconfig=0	module title in oZoe's Eurorack index		2026-09-26
c567	oZoe.fr (Jean Luc Lartigue)	Gate_Sequencer	gate sequencer	vendor listing	eurorack (per the site's Eurorack index; HP ?)	documentation listed as available on the site; nothing sold	"no - site ""(c) Jean Luc Lartigue 2009 - 2018""; firmware notice (unverified): free for personal use, ""Aucune exploitation commerciale ... sans mon consentement"""	https://www.ozoe.fr/articles.php?lng=fr&pg=274&mnuid=316&tconfig=0	module title in oZoe's Eurorack index		2026-09-26
c568	oZoe.fr (Jean Luc Lartigue)	Joystick	joystick CV controller	vendor listing	eurorack (per the site's Eurorack index; HP ?)	documentation listed as available on the site; nothing sold	"no - site ""(c) Jean Luc Lartigue 2009 - 2018""; firmware notice (unverified): free for personal use, ""Aucune exploitation commerciale ... sans mon consentement"""	https://www.ozoe.fr/articles.php?lng=fr&pg=455&mnuid=316&tconfig=0	module title in oZoe's Eurorack index		2026-09-26
c569	oZoe.fr (Jean Luc Lartigue)	LFO AM-FM	LFO (AM / FM)	vendor listing	eurorack (per the site's Eurorack index; HP ?)	documentation listed as available on the site; nothing sold	"no - site ""(c) Jean Luc Lartigue 2009 - 2018""; firmware notice (unverified): free for personal use, ""Aucune exploitation commerciale ... sans mon consentement"""	https://www.ozoe.fr/articles.php?lng=fr&pg=425&mnuid=316&tconfig=0	module title in oZoe's Eurorack index		2026-09-26
c570	oZoe.fr (Jean Luc Lartigue)	Locked S&H	sample & hold (clock-locked)	vendor listing	eurorack (per the site's Eurorack index; HP ?)	documentation listed as available on the site; nothing sold	"no - site ""(c) Jean Luc Lartigue 2009 - 2018""; firmware notice (unverified): free for personal use, ""Aucune exploitation commerciale ... sans mon consentement"""	https://www.ozoe.fr/articles.php?lng=fr&pg=438&mnuid=316&tconfig=0	module title in oZoe's Eurorack index		2026-09-26
c571	oZoe.fr (Jean Luc Lartigue)	Master Clock	clock	vendor listing	eurorack (per the site's Eurorack index; HP ?)	documentation listed as available on the site; nothing sold	"no - site ""(c) Jean Luc Lartigue 2009 - 2018""; firmware notice (unverified): free for personal use, ""Aucune exploitation commerciale ... sans mon consentement"""	https://www.ozoe.fr/articles.php?lng=fr&pg=308&mnuid=316&tconfig=0	module title in oZoe's Eurorack index		2026-09-26
c572	oZoe.fr (Jean Luc Lartigue)	MIDI 2 Dual CV	MIDI to CV (dual)	vendor listing	eurorack (per the site's Eurorack index; HP ?)	documentation listed as available on the site; nothing sold	"no - site ""(c) Jean Luc Lartigue 2009 - 2018""; firmware notice (unverified): free for personal use, ""Aucune exploitation commerciale ... sans mon consentement"""	https://www.ozoe.fr/articles.php?lng=fr&pg=383&mnuid=316&tconfig=0	module title in oZoe's Eurorack index		2026-09-26
c573	oZoe.fr (Jean Luc Lartigue)	MIDI2CV	MIDI to CV	vendor listing	eurorack (per the site's Eurorack index; HP ?)	documentation listed as available on the site; nothing sold	"no - site ""(c) Jean Luc Lartigue 2009 - 2018""; firmware notice (unverified): free for personal use, ""Aucune exploitation commerciale ... sans mon consentement"""	https://www.ozoe.fr/articles.php?lng=fr&pg=390&mnuid=316&tconfig=0	module title in oZoe's Eurorack index		2026-09-26
c574	oZoe.fr (Jean Luc Lartigue)	MIDI2CV_2HP	MIDI to CV	vendor listing	eurorack 2HP	documentation listed as available on the site; nothing sold	"no - site ""(c) Jean Luc Lartigue 2009 - 2018""; firmware notice (unverified): free for personal use, ""Aucune exploitation commerciale ... sans mon consentement"""	https://www.ozoe.fr/articles.php?lng=fr&pg=535&mnuid=316&tconfig=0	module title in oZoe's Eurorack index		2026-09-26
c575	oZoe.fr (Jean Luc Lartigue)	MIDI Clock MUL/DEV	MIDI clock multiplier / divider	vendor listing	eurorack (per the site's Eurorack index; HP ?)	documentation listed as available on the site; nothing sold	"no - site ""(c) Jean Luc Lartigue 2009 - 2018""; firmware notice (unverified): free for personal use, ""Aucune exploitation commerciale ... sans mon consentement"""	https://www.ozoe.fr/articles.php?lng=fr&pg=528&mnuid=316&tconfig=0	module title in oZoe's Eurorack index		2026-09-26
c576	oZoe.fr (Jean Luc Lartigue)	MIDI to TRIG VELOCITY	MIDI to trigger + velocity CV	vendor listing	eurorack (per the site's Eurorack index; HP ?)	documentation listed as available on the site; nothing sold	"no - site ""(c) Jean Luc Lartigue 2009 - 2018""; firmware notice (unverified): free for personal use, ""Aucune exploitation commerciale ... sans mon consentement"""	https://www.ozoe.fr/articles.php?lng=fr&pg=442&mnuid=316&tconfig=0	module title in oZoe's Eurorack index		2026-09-26
c577	oZoe.fr (Jean Luc Lartigue)	MIXER Eurorack	mixer	vendor listing	eurorack (per the site's Eurorack index; HP ?)	documentation listed as available on the site; nothing sold	"no - site ""(c) Jean Luc Lartigue 2009 - 2018""; firmware notice (unverified): free for personal use, ""Aucune exploitation commerciale ... sans mon consentement"""	https://www.ozoe.fr/articles.php?lng=fr&pg=500&mnuid=316&tconfig=0	module title in oZoe's Eurorack index		2026-09-26
c578	oZoe.fr (Jean Luc Lartigue)	Moniteur de Tension	voltage monitor / meter	vendor listing	eurorack (per the site's Eurorack index; HP ?)	documentation listed as available on the site; nothing sold	"no - site ""(c) Jean Luc Lartigue 2009 - 2018""; firmware notice (unverified): free for personal use, ""Aucune exploitation commerciale ... sans mon consentement"""	https://www.ozoe.fr/articles.php?lng=fr&pg=283&mnuid=316&tconfig=0	module title in oZoe's Eurorack index		2026-09-26
c579	oZoe.fr (Jean Luc Lartigue)	Multiple	passive multiple	vendor listing	eurorack (per the site's Eurorack index; HP ?)	documentation listed as available on the site; nothing sold	"no - site ""(c) Jean Luc Lartigue 2009 - 2018""; firmware notice (unverified): free for personal use, ""Aucune exploitation commerciale ... sans mon consentement"""	https://www.ozoe.fr/articles.php?lng=fr&pg=271&mnuid=316&tconfig=0	module title in oZoe's Eurorack index		2026-09-26
c580	oZoe.fr (Jean Luc Lartigue)	oneCV 2 MIDIout	CV to MIDI	vendor listing	eurorack (per the site's Eurorack index; HP ?)	documentation listed as available on the site; nothing sold	"no - site ""(c) Jean Luc Lartigue 2009 - 2018""; firmware notice (unverified): free for personal use, ""Aucune exploitation commerciale ... sans mon consentement"""	https://www.ozoe.fr/articles.php?lng=fr&pg=398&mnuid=316&tconfig=0	module title in oZoe's Eurorack index		2026-09-26
c581	oZoe.fr (Jean Luc Lartigue)	QUAD LFO	LFO (quad)	vendor listing	eurorack (per the site's Eurorack index; HP ?)	documentation listed as available on the site; nothing sold	"no - site ""(c) Jean Luc Lartigue 2009 - 2018""; firmware notice (unverified): free for personal use, ""Aucune exploitation commerciale ... sans mon consentement"""	https://www.ozoe.fr/articles.php?lng=fr&pg=447&mnuid=316&tconfig=0	module title in oZoe's Eurorack index		2026-09-26
c582	oZoe.fr (Jean Luc Lartigue)	QUAD QUANTIZER	quantizer (quad)	vendor listing	eurorack (per the site's Eurorack index; HP ?)	documentation listed as available on the site; nothing sold	"no - site ""(c) Jean Luc Lartigue 2009 - 2018""; firmware notice (unverified): free for personal use, ""Aucune exploitation commerciale ... sans mon consentement"""	https://www.ozoe.fr/articles.php?lng=fr&pg=413&mnuid=316&tconfig=0	module title in oZoe's Eurorack index		2026-09-26
c583	oZoe.fr (Jean Luc Lartigue)	Random Gates	random gate generator	vendor listing	eurorack (per the site's Eurorack index; HP ?)	documentation listed as available on the site; nothing sold	"no - site ""(c) Jean Luc Lartigue 2009 - 2018""; firmware notice (unverified): free for personal use, ""Aucune exploitation commerciale ... sans mon consentement"""	https://www.ozoe.fr/articles.php?lng=fr&pg=404&mnuid=316&tconfig=0	module title in oZoe's Eurorack index		2026-09-26
c584	oZoe.fr (Jean Luc Lartigue)	Réverbération	reverb	vendor listing	eurorack (per the site's Eurorack index; HP ?)	documentation listed as available on the site; nothing sold	"no - site ""(c) Jean Luc Lartigue 2009 - 2018""; firmware notice (unverified): free for personal use, ""Aucune exploitation commerciale ... sans mon consentement"""	https://www.ozoe.fr/articles.php?lng=fr&pg=252&mnuid=316&tconfig=0	module title in oZoe's Eurorack index		2026-09-26
c585	oZoe.fr (Jean Luc Lartigue)	Rhythm Composer	drum / trigger sequencer	vendor listing	eurorack (per the site's Eurorack index; HP ?)	documentation listed as available on the site; nothing sold	"no - site ""(c) Jean Luc Lartigue 2009 - 2018""; firmware notice (unverified): free for personal use, ""Aucune exploitation commerciale ... sans mon consentement"""	https://www.ozoe.fr/articles.php?lng=fr&pg=470&mnuid=316&tconfig=0	module title in oZoe's Eurorack index		2026-09-26
c586	oZoe.fr (Jean Luc Lartigue)	Trig_Sequencer	trigger sequencer	vendor listing	eurorack (per the site's Eurorack index; HP ?)	documentation listed as available on the site; nothing sold	"no - site ""(c) Jean Luc Lartigue 2009 - 2018""; firmware notice (unverified): free for personal use, ""Aucune exploitation commerciale ... sans mon consentement"""	https://www.ozoe.fr/articles.php?lng=fr&pg=273&mnuid=316&tconfig=0	module title in oZoe's Eurorack index		2026-09-26
c587	oZoe.fr (Jean Luc Lartigue)	Alimentations	power supply	vendor listing	eurorack (per the site's Eurorack index; HP ?)	documentation listed as available on the site; nothing sold	"no - site ""(c) Jean Luc Lartigue 2009 - 2018""; firmware notice (unverified): free for personal use, ""Aucune exploitation commerciale ... sans mon consentement"""	https://www.ozoe.fr/articles.php?lng=fr&pg=269&mnuid=316&tconfig=0	module title in oZoe's Eurorack index		2026-09-26
c588	Digisound 80 (Dave Peachey archive)	80-1 Power Supply Unit	power supply	vendor listing	? (site unreachable)	? (site holds original build documentation and schematics per burnit.co.uk)	unknown - site unreachable; no open licence found	http://www.digisound80.co.uk/digisound/modules/80-1.htm	page title from search results	every digisound80.co.uk page failed to load; re-check	2026-09-26
c589	Digisound 80 (Dave Peachey archive)	80-2 Voltage Controlled Oscillator	VCO	vendor listing	? (site unreachable)	? (site holds original build documentation and schematics per burnit.co.uk)	unknown - site unreachable; no open licence found	http://www.digisound80.co.uk/digisound/modules/80-2.htm	page title from search results	every digisound80.co.uk page failed to load; re-check	2026-09-26
c590	Digisound 80 (Dave Peachey archive)	80-3 Voltage Controlled LFO	LFO (VC)	vendor listing	? (site unreachable)	? (site holds original build documentation and schematics per burnit.co.uk)	unknown - site unreachable; no open licence found	http://www.digisound80.co.uk/digisound/modules/80-3.htm	page title from search results	every digisound80.co.uk page failed to load; re-check	2026-09-26
c591	Digisound 80 (Dave Peachey archive)	80-4 Voltage Controlled Mixer	mixer (VC)	vendor listing	? (site unreachable)	? (site holds original build documentation and schematics per burnit.co.uk)	unknown - site unreachable; no open licence found	http://www.digisound80.co.uk/digisound/modules/80-4.htm	page title from search results	every digisound80.co.uk page failed to load; re-check	2026-09-26
c592	Digisound 80 (Dave Peachey archive)	80-5 Processor	?	unknown	? (site unreachable)	? (site holds original build documentation and schematics per burnit.co.uk)	unknown - site unreachable; no open licence found	http://www.digisound80.co.uk/digisound/modules/80-5.htm	page title from search results	every digisound80.co.uk page failed to load; re-check	2026-09-26
c593	Digisound 80 (Dave Peachey archive)	80-6 Voltage Controlled Filter	VCF (CEM3320, multimode)	vendor listing	? (site unreachable)	? (site holds original build documentation and schematics per burnit.co.uk)	unknown - site unreachable; no open licence found	http://www.digisound80.co.uk/digisound/modules/80-6.htm	page title from search results	every digisound80.co.uk page failed to load; re-check	2026-09-26
c594	Digisound 80 (Dave Peachey archive)	80-7 VC State Variable Filter	VCF (state-variable)	vendor listing	? (site unreachable)	? (site holds original build documentation and schematics per burnit.co.uk)	unknown - site unreachable; no open licence found	http://www.digisound80.co.uk/digisound/modules/80-7.htm	page title from search results	every digisound80.co.uk page failed to load; re-check	2026-09-26
c595	Digisound 80 (Dave Peachey archive)	80-8 Dual ADSR	envelope (dual ADSR)	vendor listing	? (site unreachable)	? (site holds original build documentation and schematics per burnit.co.uk)	unknown - site unreachable; no open licence found	http://www.digisound80.co.uk/digisound/modules/80-8.htm	page title from search results	every digisound80.co.uk page failed to load; re-check	2026-09-26
c596	Digisound 80 (Dave Peachey archive)	80-9 Dual VCA	VCA (dual)	vendor listing	? (site unreachable)	? (site holds original build documentation and schematics per burnit.co.uk)	unknown - site unreachable; no open licence found	http://www.digisound80.co.uk/digisound/modules/80-9.htm	page title from search results	every digisound80.co.uk page failed to load; re-check	2026-09-26
c597	Digisound 80 (Dave Peachey archive)	80-10 VC Envelope Generator	envelope (VC)	vendor listing	? (site unreachable)	? (site holds original build documentation and schematics per burnit.co.uk)	unknown - site unreachable; no open licence found	http://www.digisound80.co.uk/digisound/modules/80-10.htm	page title from search results	every digisound80.co.uk page failed to load; re-check	2026-09-26
c598	Digisound 80 (Dave Peachey archive)	80-11 Dual Ring Modulator	ring modulator (dual)	vendor listing	? (site unreachable)	? (site holds original build documentation and schematics per burnit.co.uk)	unknown - site unreachable; no open licence found	http://www.digisound80.co.uk/digisound/modules/80-11.htm	page title from search results	every digisound80.co.uk page failed to load; re-check	2026-09-26
c599	Digisound 80 (Dave Peachey archive)	80-12 Noise Generator / Sample & Hold	noise + S&H	vendor listing	? (site unreachable)	? (site holds original build documentation and schematics per burnit.co.uk)	unknown - site unreachable; no open licence found	http://www.digisound80.co.uk/digisound/modules/80-12.htm	page title from search results	every digisound80.co.uk page failed to load; re-check	2026-09-26
c600	Digisound 80 (Dave Peachey archive)	80-20 Waveform Multiplier	waveshaper (waveform multiplier)	vendor listing	? (site unreachable)	? (site holds original build documentation and schematics per burnit.co.uk)	unknown - site unreachable; no open licence found	http://www.digisound80.co.uk/digisound/modules/80-20.htm	page title from search results	every digisound80.co.uk page failed to load; re-check	2026-09-26
c601	Digisound 80 (Dave Peachey archive)	80-21 VC Digital Oscillator	VCO (digital)	vendor listing	? (site unreachable)	? (site holds original build documentation and schematics per burnit.co.uk)	unknown - site unreachable; no open licence found	http://www.digisound80.co.uk/digisound/modules/80-21.htm	page title from search results	every digisound80.co.uk page failed to load; re-check	2026-09-26
c602	Digisound 80 (Dave Peachey archive)	80-23 Quad LFO	LFO (quad)	vendor listing	? (site unreachable)	? (site holds original build documentation and schematics per burnit.co.uk)	unknown - site unreachable; no open licence found	http://www.digisound80.co.uk/digisound/modules/80-23.htm	page title from search results	every digisound80.co.uk page failed to load; re-check	2026-09-26
c603	Look Mum No Computer	Simple Filter	VCF (LM13700 low-pass)	vendor page	stripboard project (no panel format)	schematic + stripboard layout on the page; nothing sold	not stated (no licence on LMNC pages)	https://www.lookmumnocomputer.com/simple-filter	LMNC project page		2026-09-26
c604	Look Mum No Computer	CEM3340 DIY Simple	VCO (CEM3340 core)	vendor page	stripboard project (no panel format)	schematic + stripboard layout on the page; nothing sold	not stated (no licence on LMNC pages)	https://www.lookmumnocomputer.com/cem-3340-diy-simple	LMNC project page		2026-09-26
c605	Look Mum No Computer	Simplest Oscillator	oscillator (reverse-avalanche transistor)	vendor page	stripboard project (no panel format)	schematic + stripboard layout on the page; nothing sold	not stated (no licence on LMNC pages)	https://www.lookmumnocomputer.com/simplest-oscillator	LMNC project page		2026-09-26
c606	Look Mum No Computer	Valve Distorting VCA	VCA (valve, distorting)	vendor page	stripboard project (no panel format)	schematic + stripboard layout on the page; nothing sold	not stated (no licence on LMNC pages)	https://www.lookmumnocomputer.com/valve-distorting-vca	LMNC project page		2026-09-26
c607	Look Mum No Computer	Mixer	mixer (CV / audio)	vendor page	stripboard project (no panel format)	schematic + stripboard layout on the page; nothing sold	not stated (no licence on LMNC pages)	https://www.lookmumnocomputer.com/mixer	LMNC project page		2026-09-26
c608	Look Mum No Computer	Simple Envelope Generator	envelope	vendor page	stripboard project (no panel format)	parts list only; schematic announced but not published	not stated (no licence on LMNC pages)	https://www.lookmumnocomputer.com/simple-envelope-generator	LMNC project page		2026-09-26
c609	YuSynth	YuSynth Minimoog VCF	VCF (Moog ladder)	vendor page	"Dotcom/MOTM version + Eurorack version (""for Eurorack a pair of jumper must be add"")"	schematic + PCB free on yusynth.net; PCBs via Soundtronics (legacy)	"no (""can be used for private use only"")"	http://yusynth.net/Modular/EN/MOOGVCF/index.html	YuSynth page: Dotcom/MOTM and Eurorack versions		2026-09-26
c610	Eddy Bergman	part-10 VCA	VCA	vendor listing	"? (summary: ""Eurorack friendly"")"	schematic / stripboard layouts on the blog; nothing sold	not stated (no licence on the site)	https://www.eddybergman.com/2019/12/synthesizer-build-part-10-voltage.html	blog post title	only ~25 of ~69 build parts catalogued	2026-09-26
c611	Eddy Bergman	part-12 Korg MS20 Filter	VCF (MS-20)	vendor listing	Kosmo + Eurorack mentioned	schematic / stripboard layouts on the blog; nothing sold	not stated (no licence on the site)	https://www.eddybergman.com/2019/12/synthesizer-build-part-12-korg-ms20.html	blog post title	only ~25 of ~69 build parts catalogued	2026-09-26
c612	Eddy Bergman	part-13 LFO (MFOS version)	LFO	vendor listing	Kosmo + Eurorack mentioned	schematic / stripboard layouts on the blog; nothing sold	not stated (no licence on the site)	https://www.eddybergman.com/2019/12/synthesizer-build-part-13-lfo-low-freq.html	blog post title	only ~25 of ~69 build parts catalogued	2026-09-26
c613	Eddy Bergman	part-14 AD/AR Envelope Generator	envelope (AD/AR)	vendor listing	Kosmo + Eurorack mentioned	schematic / stripboard layouts on the blog; nothing sold	not stated (no licence on the site)	https://www.eddybergman.com/2019/12/synthesizer-build-part-14-adar-envelope.html	blog post title	only ~25 of ~69 build parts catalogued	2026-09-26
c614	Eddy Bergman	part-31 Noise Module	noise (5 types) + random gates	vendor listing	"? (""only 3 centimeters wide"")"	schematic / stripboard layouts on the blog; nothing sold	not stated (no licence on the site)	https://www.eddybergman.com/2020/05/synthesizer-build-part-31-noise-module.html	blog post title	only ~25 of ~69 build parts catalogued	2026-09-26
c615	Eddy Bergman	part-35 Resonant Lowpass Gate (Buchla 292)	LPG (resonant)	vendor listing	"Kosmo; ""Eurorack sized layout further down this article"""	schematic / stripboard layouts on the blog; nothing sold	not stated (no licence on the site)	https://www.eddybergman.com/2020/10/synthesizer-build-part-35-resonant.html	blog post title	only ~25 of ~69 build parts catalogued	2026-09-26
c616	Eddy Bergman	part-36 Dual Voltage Processor	CV processor (dual)	vendor listing	Kosmo + Eurorack stripboard layout	schematic / stripboard layouts on the blog; nothing sold	not stated (no licence on the site)	https://www.eddybergman.com/2020/11/synthesizer-build-part-36-dual-voltage.html	blog post title	only ~25 of ~69 build parts catalogued	2026-09-26
c617	Eddy Bergman	part-37 Thomas Henry VCO-555	VCO (555)	vendor listing	Kosmo + Eurorack layouts	schematic / stripboard layouts on the blog; nothing sold	not stated (no licence on the site)	https://www.eddybergman.com/2020/12/synthesizer-build-part-37-thomas-henry.html	blog post title	only ~25 of ~69 build parts catalogued	2026-09-26
c618	Eddy Bergman	part-44 AD/AR Env. Generator	envelope (AD/AR)	vendor listing	"? (summary: ""system agnostic"")"	schematic / stripboard layouts on the blog; nothing sold	not stated (no licence on the site)	https://www.eddybergman.com/2021/10/synthesizer-build-part-44-ad-env.html	blog post title	only ~25 of ~69 build parts catalogued	2026-09-26
c619	Eddy Bergman	part-45 Steiner-Parker Diode Filter	VCF (Steiner-Parker)	vendor listing	eurorack (conversion of earlier Kosmo design)	schematic / stripboard layouts on the blog; nothing sold	not stated (no licence on the site)	https://www.eddybergman.com/2021/12/synthersizer-build-part-45-steiner.html	blog post title	only ~25 of ~69 build parts catalogued	2026-09-26
c620	Eddy Bergman	part-46 808 Kick	drum voice (808 kick)	vendor listing	eurorack 6HP	schematic / stripboard layouts on the blog; nothing sold	not stated (no licence on the site)	https://www.eddybergman.com/2021/12/synthesizer-build-part-46-808-kick-for.html	blog post title	only ~25 of ~69 build parts catalogued	2026-09-26
c621	Eddy Bergman	part-47 Dual LFO	LFO (dual)	vendor listing	eurorack (title)	schematic / stripboard layouts on the blog; nothing sold	not stated (no licence on the site)	https://www.eddybergman.com/2022/01/dual-lfo-eurorack.html	blog post title	only ~25 of ~69 build parts catalogued	2026-09-26
c622	Eddy Bergman	part-50 Utility LFO	LFO	vendor listing	eurorack (title)	schematic / stripboard layouts on the blog; nothing sold	not stated (no licence on the site)	https://www.eddybergman.com/2023/02/utilityLFOeurorack.html	blog post title	only ~25 of ~69 build parts catalogued	2026-09-26
c623	Eddy Bergman	part-52 4ch Feedback EQ/Distortion (Monotropa)	EQ / distortion (4-ch feedback)	vendor listing	eurorack (title)	schematic / stripboard layouts on the blog; nothing sold	not stated (no licence on the site)	https://www.eddybergman.com/2023/03/Feedbackequalizer.html	blog post title	only ~25 of ~69 build parts catalogued	2026-09-26
c624	Eddy Bergman	part-3 Triangle to Sinewave Converter	waveshaper (triangle to sine)	vendor listing	not stated	schematic / stripboard layouts on the blog; nothing sold	not stated (no licence on the site)	https://www.eddybergman.com/2019/11/synthersizer-build-part-3-triangle-to.html	blog post title	only ~25 of ~69 build parts catalogued	2026-09-26
c625	Eddy Bergman	part-11 Echo and Sound FX + Line Out	delay / FX + output	vendor listing	not stated	schematic / stripboard layouts on the blog; nothing sold	not stated (no licence on the site)	https://www.eddybergman.com/2019/12/synthesizer-build-part-11-echo-and.html	blog post title	only ~25 of ~69 build parts catalogued	2026-09-26
c626	Eddy Bergman	Extras No.01 Simple AD/AR using 7555	envelope (AD/AR, 7555)	vendor listing	not stated	schematic / stripboard layouts on the blog; nothing sold	not stated (no licence on the site)	https://www.eddybergman.com/2020/02/synthesizer-extras-no-01-adar-using-7555.html	blog post title	only ~25 of ~69 build parts catalogued	2026-09-26
c627	Eddy Bergman	part-24 ADSR with 7555 (YuSynth design)	envelope (ADSR)	vendor listing	not stated	schematic / stripboard layouts on the blog; nothing sold	not stated (no licence on the site)	https://www.eddybergman.com/2020/03/synthesizer-build-part-24-adsr-with.html	blog post title	only ~25 of ~69 build parts catalogued	2026-09-26
c628	Eddy Bergman	part-25 Dual Buffered Multiple with LEDs	buffered multiple	vendor listing	not stated	schematic / stripboard layouts on the blog; nothing sold	not stated (no licence on the site)	https://www.eddybergman.com/2020/03/synthesizer-build-part-25-universal-cv.html	blog post title	only ~25 of ~69 build parts catalogued	2026-09-26
c629	Eddy Bergman	part-30 LFO with sync	LFO	vendor listing	not stated	schematic / stripboard layouts on the blog; nothing sold	not stated (no licence on the site)	https://www.eddybergman.com/2020/05/synthesizer-build-part-30-lfo-with-sync.html	blog post title	only ~25 of ~69 build parts catalogued	2026-09-26
c630	Eddy Bergman	part-69 Feature Rich Sub-Oscillator	sub-oscillator	vendor listing	not stated	schematic / stripboard layouts on the blog; nothing sold	not stated (no licence on the site)	https://www.eddybergman.com/2025/12/suboscillator.html	blog post title	only ~25 of ~69 build parts catalogued	2026-09-26
c631	4ms Company	Mini PEG	envelope / LFO (pingable)	secondary source	8HP	commercial module (assembled); firmware repo github.com/4ms/minipeg with hardware/seg.pdf schematic	firmware BSD-style; hardware licence not stated	https://github.com/4ms/minipeg/blob/master/hardware/seg.pdf	schematic title "Single Pingable"; 4ms product page 4mscompany.com/p.php?p=1049	closed hardware with a public schematic (d 2026-09-26 12:15: schematic but closed hardware -> this table); the schematic (Mar 2020) may be a pre-production revision; no layout	2026-09-26
c632	Neutral Labs	Pip	LFO (dual complex)	vendor page	8HP	kit or assembled; schematic JPG in the downloads on neutral-labs.com/pip	code: Unlicense (public domain); hardware licence not stated	https://neutral-labs.com/sb/pip-downloads/Pip-v1.1-schematic.jpg	neutral-labs.com/pip	closed hardware with a public schematic (d 2026-09-26 12:15: schematic but closed hardware -> this table); firmware repo neutral-labs/pip; no layout	2026-09-26
c633	Sonic Potions	Penrose Quantizer	quantizer	vendor page	?	DIY kit; schematic PDF linked from the assembly guide "Schematic and BOM" section	firmware GPL-3; hardware licence not stated	https://www.sonic-potions.com/public/PenroseQuantizerSchematic.pdf	module name; assembly guide sonic-potions.com/Documentation/PenroseAssemblyGuide.pdf	closed hardware with a public schematic (d 2026-09-26 12:15: schematic but closed hardware -> this table); firmware repo SonicPotions/Penrose (panel PDF only); schematic rev 0.3, Jan 2015	2026-09-26
c634	CCTV (cctv.fm)	Coven LFO	LFO (XIAO SAMD21)	vendor page	?	DIY kit; build guide has a "Schematic" section (embedded image)	code GPL-3.0; hardware licence not stated	https://www.cctv.fm/post/coven-lfo-build-guide	build guide title	closed hardware with a public schematic (d 2026-09-26 12:15: schematic but closed hardware -> this table); firmware repo cctvfm/covenlfo; schematic image seen via page fetch only, not downloaded	2026-09-26
c635	Bastl Instruments	Little Nerd	?	unknown	?	legacy commercial module; schematic PDF in github.com/bastl-instruments/bastlSchematics, production files deliberately not published	schematics CC-BY-SA; no layout	https://github.com/bastl-instruments/bastlSchematics		type not researched yet; closed hardware with a public schematic (d 2026-09-26 12:15: schematic but closed hardware -> this table); firmware repo bastl-instruments/eurorack	2026-09-26
c636	Bastl Instruments	Grandpa	?	unknown	?	legacy commercial module; schematic PDF in github.com/bastl-instruments/bastlSchematics, production files deliberately not published	schematics CC-BY-SA; no layout	https://github.com/bastl-instruments/bastlSchematics		type not researched yet; closed hardware with a public schematic (d 2026-09-26 12:15: schematic but closed hardware -> this table); firmware repo bastl-instruments/eurorack	2026-09-26
c637	Bastl Instruments	CV Trinity (+ Expander)	?	unknown	?	legacy commercial module; schematic PDF in github.com/bastl-instruments/bastlSchematics, production files deliberately not published	schematics CC-BY-SA; no layout	https://github.com/bastl-instruments/bastlSchematics		type not researched yet; closed hardware with a public schematic (d 2026-09-26 12:15: schematic but closed hardware -> this table); firmware repo bastl-instruments/eurorack	2026-09-26
c638	Bastl Instruments	Nois Square	?	unknown	?	legacy commercial module; schematic PDF in github.com/bastl-instruments/bastlSchematics, production files deliberately not published	schematics CC-BY-SA; no layout	https://github.com/bastl-instruments/bastlSchematics		type not researched yet; closed hardware with a public schematic (d 2026-09-26 12:15: schematic but closed hardware -> this table); firmware repo bastl-instruments/eurorack	2026-09-26
c639	Bastl Instruments	Servo	?	unknown	?	legacy commercial module; schematic PDF in github.com/bastl-instruments/bastlSchematics, production files deliberately not published	schematics CC-BY-SA; no layout	https://github.com/bastl-instruments/bastlSchematics		type not researched yet; closed hardware with a public schematic (d 2026-09-26 12:15: schematic but closed hardware -> this table); firmware repo bastl-instruments/eurorack	2026-09-26
c640	Bastl Instruments	Solenoid	?	unknown	?	legacy commercial module; schematic PDF in github.com/bastl-instruments/bastlSchematics, production files deliberately not published	schematics CC-BY-SA; no layout	https://github.com/bastl-instruments/bastlSchematics		type not researched yet; closed hardware with a public schematic (d 2026-09-26 12:15: schematic but closed hardware -> this table); firmware repo bastl-instruments/eurorack	2026-09-26
c641	Bastl Instruments	DC Motor	?	unknown	?	legacy commercial module; schematic PDF in github.com/bastl-instruments/bastlSchematics, production files deliberately not published	schematics CC-BY-SA; no layout	https://github.com/bastl-instruments/bastlSchematics		type not researched yet; closed hardware with a public schematic (d 2026-09-26 12:15: schematic but closed hardware -> this table); firmware repo bastl-instruments/eurorack	2026-09-26
c642	Barton Musical Circuits	Midi-to-Gate (BMC024)	MIDI-to-gate	secondary source	8HP	DIY kit / PCB; schematic link from the EurorackDIY sheet, file not opened here	No licence published	https://www.bartonmusicalcircuits.com/M2G/index.html	EurorackDIY sheet type: MIDI-to-gate	closed hardware with a public schematic -> this table (d 2026-09-26 14:36); found via the EurorackDIY sheet	2026-09-26
c643	Befaco	Lunch Bus	Bus board	secondary source	?	DIY kit / PCB; schematic link from the EurorackDIY sheet, file not opened here	No hardware licence published	https://www.befaco.org/docs/Lunchbus/Lunchbus_V1_Schematic.pdf	EurorackDIY sheet type: Bus board	closed hardware with a public schematic -> this table (d 2026-09-26 14:36); found via the EurorackDIY sheet	2026-09-26
c644	4ms Company	DIY Looping Delay	Looping delay	secondary source	?	DIY kit / PCB; schematic link from the EurorackDIY sheet, file not opened here	Firmware MIT, hardware CC BY-NC-SA (noncommercial)	https://4mscompany.com/media/LD/manual/LD-Kit-schematic.pdf	EurorackDIY sheet type: Looping delay	closed hardware with a public schematic -> this table (d 2026-09-26 14:36); found via the EurorackDIY sheet	2026-09-26
c645	4ms Company	DIY Sampler	Stereo sampler	secondary source	?	DIY kit / PCB; schematic link from the EurorackDIY sheet, file not opened here	No license published	https://4mscompany.com/media/SAMPLER/manual/SAMPLER-Kit-schematic.pdf	EurorackDIY sheet type: Stereo sampler	closed hardware with a public schematic -> this table (d 2026-09-26 14:36); found via the EurorackDIY sheet	2026-09-26
c646	Moffenzeef Modular	Bad Idea #9 Power Starved Glitch Oscillator	Glitch oscillator	secondary source	4HP	DIY kit / PCB; schematic link from the EurorackDIY sheet, file not opened here	No open licence published, treat as all rights reserved	https://www.moffenzeefmodular.com/s/BADIDEA9SCHEMATIC.bmp	EurorackDIY sheet type: Glitch oscillator	closed hardware with a public schematic -> this table (d 2026-09-26 14:36); found via the EurorackDIY sheet	2026-09-26
c647	Synthrotek	Atari Punk Console	555-based drone	secondary source	?	DIY kit / PCB; schematic page linked from the assembly instructions (2026-09-26)	No licence published	https://www.synthrotek.com/products/modular-circuits/modular-atari-punk-console/eurorack-atari-punk-console-schematic/	EurorackDIY sheet type: 555-based drone	closed hardware with a public schematic -> this table (d 2026-09-26 14:36); found via the EurorackDIY sheet	2026-09-26
c648	Synthrotek	DIRT Filter	Filter / ring-mod / distortion	secondary source	4HP	DIY kit / PCB; schematic page linked from the assembly instructions (2026-09-26)	No licence published	https://www.synthrotek.com/products/modular-circuits/dirt-filter/dirt-filter-schematic/	EurorackDIY sheet type: Filter / ring-mod / distortion	closed hardware with a public schematic -> this table (d 2026-09-26 14:36); found via the EurorackDIY sheet	2026-09-26
c649	Synthrotek	ECHO	PT2399 VC delay	secondary source	4HP	DIY kit / PCB; schematic page linked from the assembly instructions (2026-09-26)	No licence published	https://www.synthrotek.com/products/modular-circuits/echo/echo-schematic/	EurorackDIY sheet type: PT2399 VC delay	closed hardware with a public schematic -> this table (d 2026-09-26 14:36); found via the EurorackDIY sheet	2026-09-26
c650	CCTV (cctv.fm)	Filther	Analog voltage controlled low pass filter	secondary source	8HP	DIY kit / PCB; build guide page cctv.fm/post/filther-build-guide shows 'Filther v1.3 Schematic' image (2026-09-26)	No open licence published, treat as all rights reserved	https://static.wixstatic.com/media/32cd0c_ac3cc7a0e23841a5b900c3e90fdef7e8~mv2.png	EurorackDIY sheet type: Analog voltage controlled low pass filter	closed hardware with a public schematic -> this table (d 2026-09-26 14:36); found via the EurorackDIY sheet	2026-09-26
c651	David Haillant	DM77	Analog drum synth voice	secondary source	10HP	DIY kit / PCB; DM77 progress post (2019) links the 0.4b schematic PDF (2026-09-26)	GPL-3.0 covers the firmware, no hardware licence	https://www.davidhaillant.com/wp/wp-content/uploads/dm77-0.4b-20190606.pdf	EurorackDIY sheet type: Analog drum synth voice	closed hardware with a public schematic -> this table (d 2026-09-26 14:36); found via the EurorackDIY sheet	2026-09-26
c652	Erica Synths	EDU BBD	BBD delay / flanger (educational)	secondary source	10HP	DIY kit / PCB; schematic page right after the Module Assembly Appendix of the user manual (2026-09-26; seen on VCA/VCO/VCF/Wavefolder, same layout on the rest)	No licence published	https://www.ericasynths.lv/service/file/download/product_id/788/file_id/563/#page=61	EurorackDIY sheet type: BBD delay / flanger (educational)	closed hardware with a public schematic -> this table (d 2026-09-26 14:36); found via the EurorackDIY sheet	2026-09-26
c653	Erica Synths	EDU Compressor	Compressor (educational)	secondary source	8HP	DIY kit / PCB; schematic page right after the Module Assembly Appendix of the user manual (2026-09-26; seen on VCA/VCO/VCF/Wavefolder, same layout on the rest)	No licence published	https://www.ericasynths.lv/service/file/download/product_id/790/file_id/484/#page=57	EurorackDIY sheet type: Compressor (educational)	closed hardware with a public schematic -> this table (d 2026-09-26 14:36); found via the EurorackDIY sheet	2026-09-26
c654	Erica Synths	EDU EG	Envelope (educational)	secondary source	8HP	DIY kit / PCB; schematic page right after the Module Assembly Appendix of the user manual (2026-09-26; seen on VCA/VCO/VCF/Wavefolder, same layout on the rest)	No licence published	https://www.ericasynths.lv/service/file/download/product_id/794/file_id/439/#page=42	EurorackDIY sheet type: Envelope (educational)	closed hardware with a public schematic -> this table (d 2026-09-26 14:36); found via the EurorackDIY sheet	2026-09-26
c655	Erica Synths	EDU Kick Drum	Kick drum (educational)	secondary source	10HP	DIY kit / PCB; schematic page right after the Module Assembly Appendix of the user manual (2026-09-26; seen on VCA/VCO/VCF/Wavefolder, same layout on the rest)	No licence published	https://www.ericasynths.lv/service/file/download/product_id/800/file_id/491/#page=50	EurorackDIY sheet type: Kick drum (educational)	closed hardware with a public schematic -> this table (d 2026-09-26 14:36); found via the EurorackDIY sheet	2026-09-26
c656	Erica Synths	EDU Mixer	Mixer (educational)	secondary source	8HP	DIY kit / PCB; schematic page right after the Module Assembly Appendix of the user manual (2026-09-26; seen on VCA/VCO/VCF/Wavefolder, same layout on the rest)	No licence published	https://www.ericasynths.lv/service/file/download/product_id/809/file_id/453/#page=37	EurorackDIY sheet type: Mixer (educational)	closed hardware with a public schematic -> this table (d 2026-09-26 14:36); found via the EurorackDIY sheet	2026-09-26
c657	Erica Synths	EDU Output	Output (educational)	secondary source	8HP	DIY kit / PCB; vector-drawing page 3 of the user manual, probably the schematic; not looked at (2026-09-26)	No licence published	https://www.ericasynths.lv/service/file/download/product_id/815/file_id/466/#page=3	EurorackDIY sheet type: Output (educational)	closed hardware with a public schematic -> this table (d 2026-09-26 14:36); found via the EurorackDIY sheet	2026-09-26
c658	Erica Synths	EDU Sequencer	Sequencer (educational)	secondary source	10HP	DIY kit / PCB; schematic page right after the Module Assembly Appendix of the user manual (2026-09-26; seen on VCA/VCO/VCF/Wavefolder, same layout on the rest)	No licence published	https://www.ericasynths.lv/service/file/download/product_id/817/file_id/452/#page=52	EurorackDIY sheet type: Sequencer (educational)	closed hardware with a public schematic -> this table (d 2026-09-26 14:36); found via the EurorackDIY sheet	2026-09-26
c659	Erica Synths	EDU VCA	Dual VCA (linear / exponential)	secondary source	8HP	DIY kit / PCB; schematic page right after the Module Assembly Appendix of the user manual (2026-09-26; seen on VCA/VCO/VCF/Wavefolder, same layout on the rest)	No licence published	https://www.ericasynths.lv/service/file/download/product_id/821/file_id/433/#page=47	EurorackDIY sheet type: Dual VCA (linear / exponential)	closed hardware with a public schematic -> this table (d 2026-09-26 14:36); found via the EurorackDIY sheet	2026-09-26
c660	Erica Synths	EDU VCF	Filter (educational)	secondary source	10HP	DIY kit / PCB; schematic page right after the Module Assembly Appendix of the user manual (2026-09-26; seen on VCA/VCO/VCF/Wavefolder, same layout on the rest)	No licence published	https://www.ericasynths.lv/service/file/download/product_id/823/file_id/450/#page=61	EurorackDIY sheet type: Filter (educational)	closed hardware with a public schematic -> this table (d 2026-09-26 14:36); found via the EurorackDIY sheet	2026-09-26
c661	Erica Synths	EDU VCO	Analog VCO (educational)	secondary source	10HP	DIY kit / PCB; schematic page right after the Module Assembly Appendix of the user manual (2026-09-26; seen on VCA/VCO/VCF/Wavefolder, same layout on the rest)	No licence published	https://www.ericasynths.lv/service/file/download/product_id/825/file_id/431/#page=49	EurorackDIY sheet type: Analog VCO (educational)	closed hardware with a public schematic -> this table (d 2026-09-26 14:36); found via the EurorackDIY sheet	2026-09-26
c662	Erica Synths	EDU Wavefolder	Wavefolder (educational)	secondary source	4HP	DIY kit / PCB; schematic page right after the Module Assembly Appendix of the user manual (2026-09-26; seen on VCA/VCO/VCF/Wavefolder, same layout on the rest)	No licence published	https://www.ericasynths.lv/service/file/download/product_id/827/file_id/469/#page=46	EurorackDIY sheet type: Wavefolder (educational)	closed hardware with a public schematic -> this table (d 2026-09-26 14:36); found via the EurorackDIY sheet	2026-09-26
c663	Hack Modular	1201 Bandpass Filter	Voltage controlled high and low pass filter pair	secondary source	?	DIY kit / PCB; Drive folder holds '1201 BPF Schematic.pdf' (2026-09-26)	No open licence published, treat as all rights reserved	https://drive.google.com/drive/folders/1-7rXBOYkWIjv_i47lSmHwFAvrvJcoCgi	EurorackDIY sheet type: Voltage controlled high and low pass filter pair	closed hardware with a public schematic -> this table (d 2026-09-26 14:36); found via the EurorackDIY sheet	2026-09-26
c664	Hack Modular	Quad 2-Input Logic Gates	Four channel logic gate utility	secondary source	?	DIY kit / PCB; Drive folder holds 'Logic Gates Schematic.pdf' (2026-09-26)	No open licence published, treat as all rights reserved	https://drive.google.com/drive/folders/1SzooZhFYZvZfBG2Upi1eZgHTSwQ4l0SQ	EurorackDIY sheet type: Four channel logic gate utility	closed hardware with a public schematic -> this table (d 2026-09-26 14:36); found via the EurorackDIY sheet	2026-09-26
c665	Isaac Beers	2P4T Analogue Switch	2-pole 4-throw binary-addressed analog switch	secondary source	6HP	DIY kit / PCB; product page links it as schematic (2026-09-26)	No licence published	https://isaacbeers.square.site/uploads/b/a029a0b0-d7a4-11ed-a402-c9f57f4c154c/BEERS-2P4T-BOM+schem.pdf	EurorackDIY sheet type: 2-pole 4-throw binary-addressed analog switch	closed hardware with a public schematic -> this table (d 2026-09-26 14:36); found via the EurorackDIY sheet	2026-09-26
c666	Isaac Beers	3P2T Analogue Switch	3-pole 2-throw analog switch	secondary source	6HP	DIY kit / PCB; product page links it as schematic (2026-09-26)	No licence published	https://isaacbeers.square.site/uploads/b/a029a0b0-d7a4-11ed-a402-c9f57f4c154c/BEERS-3P2T-BOM-schem.pdf	EurorackDIY sheet type: 3-pole 2-throw analog switch	closed hardware with a public schematic -> this table (d 2026-09-26 14:36); found via the EurorackDIY sheet	2026-09-26
c667	Isaac Beers	4013 Dual Flip-Flop	Dual D-type flip-flop / clock divider	secondary source	4HP	DIY kit / PCB; product page links it as schematic (2026-09-26)	No licence published	https://isaacbeers.square.site/uploads/b/a029a0b0-d7a4-11ed-a402-c9f57f4c154c/BEERS-4013-schem.pdf	EurorackDIY sheet type: Dual D-type flip-flop / clock divider	closed hardware with a public schematic -> this table (d 2026-09-26 14:36); found via the EurorackDIY sheet	2026-09-26
c668	Isaac Beers	4029 Presettable Counter	CMOS presettable up/down counter	secondary source	4HP	DIY kit / PCB; product page links it as schematic (2026-09-26)	No licence published	https://isaacbeers.square.site/uploads/b/a029a0b0-d7a4-11ed-a402-c9f57f4c154c/BEERS-4029-schem.pdf	EurorackDIY sheet type: CMOS presettable up/down counter	closed hardware with a public schematic -> this table (d 2026-09-26 14:36); found via the EurorackDIY sheet	2026-09-26
c669	Isaac Beers	4047VCO	Gateable triangle-core VCO	secondary source	8HP	DIY kit / PCB; product page links it as schematic (2026-09-26)	No licence published	https://isaacbeers.square.site/uploads/b/a029a0b0-d7a4-11ed-a402-c9f57f4c154c/BEERS-4047VCO-schem.pdf	EurorackDIY sheet type: Gateable triangle-core VCO	closed hardware with a public schematic -> this table (d 2026-09-26 14:36); found via the EurorackDIY sheet	2026-09-26
c670	Isaac Beers	ADC Bar Graph, Multiplexer, Binary Encoder	Analog-to-gate converter with bar graph, mux and encoder	secondary source	12HP	DIY kit / PCB; product page links it as schematic (2026-09-26)	No licence published	https://isaacbeers.square.site/uploads/b/a029a0b0-d7a4-11ed-a402-c9f57f4c154c/BEERS-ADC-schem.pdf	EurorackDIY sheet type: Analog-to-gate converter with bar graph, mux and encoder	closed hardware with a public schematic -> this table (d 2026-09-26 14:36); found via the EurorackDIY sheet	2026-09-26
c671	Isaac Beers	AND/OR	Boolean logic (AND/OR/NAND/NOR)	secondary source	4HP	DIY kit / PCB; product page links it as schematic (2026-09-26)	No licence published	https://isaacbeers.square.site/uploads/b/a029a0b0-d7a4-11ed-a402-c9f57f4c154c/BEERS-ANDOR-schem.pdf	EurorackDIY sheet type: Boolean logic (AND/OR/NAND/NOR)	closed hardware with a public schematic -> this table (d 2026-09-26 14:36); found via the EurorackDIY sheet	2026-09-26
c672	Isaac Beers	DAC Transposer/Sequencer	Analog 1V/oct DAC transposer and precision adder	secondary source	6HP	DIY kit / PCB; product page links it as schematic (2026-09-26)	No licence published	https://isaacbeers.square.site/uploads/b/a029a0b0-d7a4-11ed-a402-c9f57f4c154c/BEERS-DAC-schem1.pdf	EurorackDIY sheet type: Analog 1V/oct DAC transposer and precision adder	closed hardware with a public schematic -> this table (d 2026-09-26 14:36); found via the EurorackDIY sheet	2026-09-26
c673	Isaac Beers	Dual VCA/Four Quadrant Multiplier	Dual VCA / four-quadrant multiplier	secondary source	6HP	DIY kit / PCB; product page links it as schematic (2026-09-26)	No licence published	https://isaacbeers.square.site/uploads/b/a029a0b0-d7a4-11ed-a402-c9f57f4c154c/BEERS-VCA4QM-schem1.pdf	EurorackDIY sheet type: Dual VCA / four-quadrant multiplier	closed hardware with a public schematic -> this table (d 2026-09-26 14:36); found via the EurorackDIY sheet	2026-09-26
c674	Isaac Beers	Edge Detector 12HP	8-channel edge detector with adjustable pulse length	secondary source	12HP	DIY kit / PCB; product page links it as schematic (2026-09-26)	No licence published	https://isaacbeers.square.site/uploads/b/a029a0b0-d7a4-11ed-a402-c9f57f4c154c/BEERS-edgedetect12hp-BOMschem.pdf	EurorackDIY sheet type: 8-channel edge detector with adjustable pulse length	closed hardware with a public schematic -> this table (d 2026-09-26 14:36); found via the EurorackDIY sheet	2026-09-26
c675	Isaac Beers	Edge Detector 8HP	8-channel gate-to-trigger edge detector	secondary source	8HP	DIY kit / PCB; product page links it as schematic (2026-09-26)	No licence published	https://isaacbeers.square.site/uploads/b/a029a0b0-d7a4-11ed-a402-c9f57f4c154c/BEERS-edgedetect8hp-BOMschem.pdf	EurorackDIY sheet type: 8-channel gate-to-trigger edge detector	closed hardware with a public schematic -> this table (d 2026-09-26 14:36); found via the EurorackDIY sheet	2026-09-26
c676	Isaac Beers	Envelope Generator	Dual AD/AR envelope generator	secondary source	8HP	DIY kit / PCB; product page links it as schematic (2026-09-26)	No licence published	https://isaacbeers.square.site/uploads/b/a029a0b0-d7a4-11ed-a402-c9f57f4c154c/BEERS-envgen-schem1.pdf	EurorackDIY sheet type: Dual AD/AR envelope generator	closed hardware with a public schematic -> this table (d 2026-09-26 14:36); found via the EurorackDIY sheet	2026-09-26
c677	Isaac Beers	Melakarta Transposer/Sequencer	Analog raga transposer / sequencer	secondary source	16HP	DIY kit / PCB; product page links it as schematic (2026-09-26)	No licence published	https://isaacbeers.square.site/uploads/b/a029a0b0-d7a4-11ed-a402-c9f57f4c154c/BEERS-Melakarta-BOM-schem_Mzk0ND.pdf	EurorackDIY sheet type: Analog raga transposer / sequencer	closed hardware with a public schematic -> this table (d 2026-09-26 14:36); found via the EurorackDIY sheet	2026-09-26
c678	Isaac Beers	Noise V2	Dual noise source with VCAs	secondary source	4HP	DIY kit / PCB; product page links it as schematic (2026-09-26)	No licence published	https://isaacbeers.square.site/uploads/b/a029a0b0-d7a4-11ed-a402-c9f57f4c154c/BEERS-NOISE-schem.pdf	EurorackDIY sheet type: Dual noise source with VCAs	closed hardware with a public schematic -> this table (d 2026-09-26 14:36); found via the EurorackDIY sheet	2026-09-26
c679	Isaac Beers	Summer	Dual 4-input summing mixer	secondary source	4HP	DIY kit / PCB; product page links it as schematic (2026-09-26)	No licence published	https://isaacbeers.square.site/uploads/b/a029a0b0-d7a4-11ed-a402-c9f57f4c154c/BEERS-SUMMER-schem.pdf	EurorackDIY sheet type: Dual 4-input summing mixer	closed hardware with a public schematic -> this table (d 2026-09-26 14:36); found via the EurorackDIY sheet	2026-09-26
c680	Isaac Beers	XOR	Quad exclusive-OR logic	secondary source	4HP	DIY kit / PCB; product page links it as schematic (2026-09-26)	No licence published	https://isaacbeers.square.site/uploads/b/a029a0b0-d7a4-11ed-a402-c9f57f4c154c/BEERS-XOR-schem.pdf	EurorackDIY sheet type: Quad exclusive-OR logic	closed hardware with a public schematic -> this table (d 2026-09-26 14:36); found via the EurorackDIY sheet	2026-09-26
c681	Neutral Labs	Meg	Waveshaper that adds pulse-width-style shaping to any wave	secondary source	6HP	DIY kit / PCB; product page links v1.1 schematic (2026-09-26)	No hardware licence published	https://neutral-labs.com/sb/meg-downloads/Meg-v1.1-schematic.jpg	EurorackDIY sheet type: Waveshaper that adds pulse-width-style shaping to any wave	closed hardware with a public schematic -> this table (d 2026-09-26 14:36); found via the EurorackDIY sheet	2026-09-26
c682	Neutral Labs	Nermal	Modulated destructive distortion	secondary source	?	DIY kit / PCB; product page links v1.1 schematic (2026-09-26)	No hardware licence published	https://neutral-labs.com/sb/nermal-downloads/nermal-v1.1-schematic.png	EurorackDIY sheet type: Modulated destructive distortion	closed hardware with a public schematic -> this table (d 2026-09-26 14:36); found via the EurorackDIY sheet	2026-09-26
c683	Neutral Labs	Nijel	User-customizable diode distortion	secondary source	4HP	DIY kit / PCB; product page links v1.1 schematic, plus Nuts board schematic (2026-09-26)	No hardware licence published	https://neutral-labs.com/sb/nijel-downloads/Nijel-v1.1-schematic.jpg	EurorackDIY sheet type: User-customizable diode distortion	closed hardware with a public schematic -> this table (d 2026-09-26 14:36); found via the EurorackDIY sheet	2026-09-26
c684	Neutral Labs	Scrat Configurable VCF	Configurable multimode VCF	secondary source	9HP	DIY kit / PCB; product page links v1.1 schematic, plus Nuts board schematic (2026-09-26)	No hardware licence published	https://neutral-labs.com/sb/scrat-downloads/scrat-v1.1-schematic.jpg	EurorackDIY sheet type: Configurable multimode VCF	closed hardware with a public schematic -> this table (d 2026-09-26 14:36); found via the EurorackDIY sheet	2026-09-26
c685	Synthrotek	Sequence 8	8-step sequencer	secondary source	?	DIY kit / PCB; schematic PDF linked from the assembly instructions (2026-09-26)	No licence published	http://www.synthrotek.com/wp-content/uploads/2014/04/Sequence_8_Schematic.pdf	EurorackDIY sheet type: 8-step sequencer	closed hardware with a public schematic -> this table (d 2026-09-26 14:36); found via the EurorackDIY sheet	2026-09-26
c686	Isaac Beers	4094 shift register	shift register (CD4094)	vendor listing	?	DIY kit / PCB; product page links it as schematic (2026-09-26)	not stated	https://isaacbeers.square.site/uploads/b/a029a0b0-d7a4-11ed-a402-c9f57f4c154c/BEERS-4094-BOM-schem.pdf	product name	closed hardware with a public schematic -> this table (d 2026-09-26 14:36); found via the EurorackDIY sheet check (vendor product not in the sheet)	2026-09-26
c687	Isaac Beers	divide by n	clock divider (divide by n)	vendor listing	?	DIY kit / PCB; product page links it as schematic (2026-09-26)	not stated	https://isaacbeers.square.site/uploads/b/a029a0b0-d7a4-11ed-a402-c9f57f4c154c/BEERS-dividebyn-schem.pdf	product name	closed hardware with a public schematic -> this table (d 2026-09-26 14:36); found via the EurorackDIY sheet check (vendor product not in the sheet)	2026-09-26
c688	Isaac Beers	4070 XOR	logic (XOR, CD4070)	vendor listing	?	DIY kit / PCB; product page links it as schematic (2026-09-26)	not stated	https://isaacbeers.square.site/uploads/b/a029a0b0-d7a4-11ed-a402-c9f57f4c154c/BEERS-4070-BOM-schem.pdf	product name	closed hardware with a public schematic -> this table (d 2026-09-26 14:36); found via the EurorackDIY sheet check (vendor product not in the sheet)	2026-09-26
c689	Isaac Beers	4026 7-segment display decade counter	counter (decade, 7-segment display)	vendor listing	?	DIY kit / PCB; product page links it as schematic (2026-09-26)	not stated	https://isaacbeers.square.site/uploads/b/a029a0b0-d7a4-11ed-a402-c9f57f4c154c/BEERS-4026-schem.pdf	product name	closed hardware with a public schematic -> this table (d 2026-09-26 14:36); found via the EurorackDIY sheet check (vendor product not in the sheet)	2026-09-26
c690	Isaac Beers	Clipper	clipper	vendor listing	?	DIY kit / PCB; product page links it as schematic (2026-09-26)	not stated	https://isaacbeers.square.site/uploads/b/a029a0b0-d7a4-11ed-a402-c9f57f4c154c/BEERS-Clipper-BOM-schem.pdf	product name	closed hardware with a public schematic -> this table (d 2026-09-26 14:36); found via the EurorackDIY sheet check (vendor product not in the sheet)	2026-09-26
c691	Isaac Beers	3phaseVCO	VCO (3-phase)	vendor listing	?	DIY kit / PCB; product page links it as schematic (2026-09-26)	not stated	https://isaacbeers.square.site/uploads/b/a029a0b0-d7a4-11ed-a402-c9f57f4c154c/BEERS-3phaseVCO-schem_ODgzOD.pdf	product name	closed hardware with a public schematic -> this table (d 2026-09-26 14:36); found via the EurorackDIY sheet check (vendor product not in the sheet)	2026-09-26
c692	Isaac Beers	SeqSw6	?	unknown	?	DIY kit / PCB; product page links it as schematic (2026-09-26)	not stated	https://isaacbeers.square.site/uploads/b/a029a0b0-d7a4-11ed-a402-c9f57f4c154c/BEERS-SeqSw6-schem.pdf		closed hardware with a public schematic -> this table (d 2026-09-26 14:36); found via the EurorackDIY sheet check (vendor product not in the sheet)	2026-09-26
c693	Isaac Beers	Bigger Dumber Sequencer (16-step version)	sequencer (16-step)	vendor listing	?	DIY kit / PCB; product page links it as schematic (2026-09-26)	not stated	https://isaacbeers.square.site/uploads/b/a029a0b0-d7a4-11ed-a402-c9f57f4c154c/BEERS-BiggerDumber16-schem_ODU1Mj.pdf	product name	closed hardware with a public schematic -> this table (d 2026-09-26 14:36); found via the EurorackDIY sheet check (vendor product not in the sheet)	2026-09-26
c694	Isaac Beers	Big Dumb Sequencer	sequencer	vendor listing	?	DIY kit / PCB; product page links it as schematic (2026-09-26)	not stated	https://isaacbeers.square.site/uploads/b/a029a0b0-d7a4-11ed-a402-c9f57f4c154c/BEERS-BigDumb-schem1.pdf	product name	closed hardware with a public schematic -> this table (d 2026-09-26 14:36); found via the EurorackDIY sheet check (vendor product not in the sheet)	2026-09-26
c695	Isaac Beers	4054x2 data latch	data latch (CD4054 x2)	vendor listing	?	DIY kit / PCB; product page links it as schematic (2026-09-26)	not stated	https://isaacbeers.square.site/uploads/b/a029a0b0-d7a4-11ed-a402-c9f57f4c154c/BEERS-4054x2-schem.pdf	product name	closed hardware with a public schematic -> this table (d 2026-09-26 14:36); found via the EurorackDIY sheet check (vendor product not in the sheet)	2026-09-26
c696	Synthrotek	308	?	unknown	?	DIY kit / PCB; listed in the site schematic menu under modular circuits (2026-09-26)	not stated	https://www.synthrotek.com/products/modular-circuits/308-2/308-schematic/		closed hardware with a public schematic -> this table (d 2026-09-26 14:36); found via the EurorackDIY sheet check (vendor product not in the sheet)	2026-09-26
c697	Synthrotek	Quadrangle	?	unknown	?	DIY kit / PCB; listed in the site schematic menu under modular circuits (2026-09-26)	not stated	https://www.synthrotek.com/products/modular-circuits/quadrangle/quadrangle-schematic/		closed hardware with a public schematic -> this table (d 2026-09-26 14:36); found via the EurorackDIY sheet check (vendor product not in the sheet)	2026-09-26
c698	Synthrotek	Eurorack Combine-OR	?	unknown	?	DIY kit / PCB; listed in the site schematic menu under modular circuits (2026-09-26)	not stated	https://www.synthrotek.com/products/modular-circuits/eurorack-combine-or-module/eurorack-combine-or-schematic/		closed hardware with a public schematic -> this table (d 2026-09-26 14:36); found via the EurorackDIY sheet check (vendor product not in the sheet)	2026-09-26
c699	Synthrotek	Eurorack Either-OR	?	unknown	?	DIY kit / PCB; listed in the site schematic menu under modular circuits (2026-09-26)	not stated	https://www.synthrotek.com/products/modular-circuits/eurorack-either-or-module/eurorack-either-or-schematic/		closed hardware with a public schematic -> this table (d 2026-09-26 14:36); found via the EurorackDIY sheet check (vendor product not in the sheet)	2026-09-26
c700	Synthrotek	VCA	VCA	vendor listing	?	DIY kit / PCB; listed in the site schematic menu under modular circuits (2026-09-26)	not stated	https://www.synthrotek.com/products/modular-circuits/vca/vca-schematic/	product name	closed hardware with a public schematic -> this table (d 2026-09-26 14:36); found via the EurorackDIY sheet check (vendor product not in the sheet)	2026-09-26
c701	Erica Synths	EDU Hi-Hat	hi-hat (drum voice)	vendor listing	?	DIY kit / PCB; vector-drawing page after the assembly appendix; same layout as the checked EDU manuals (2026-09-26)	not stated	https://www.ericasynths.lv/service/file/download/product_id/798/file_id/504/#page=50	product name	closed hardware with a public schematic -> this table (d 2026-09-26 14:36); found via the EurorackDIY sheet check (vendor product not in the sheet)	2026-09-26
c702	Erica Synths	EDU FM Drum	drum voice (FM)	vendor listing	?	DIY kit / PCB; vector-drawing page after the assembly appendix; same layout as the checked EDU manuals (2026-09-26)	not stated	https://www.ericasynths.lv/service/file/download/product_id/796/file_id/585/#page=64	product name	closed hardware with a public schematic -> this table (d 2026-09-26 14:36); found via the EurorackDIY sheet check (vendor product not in the sheet)	2026-09-26
c703	Erica Synths	EDU Snare Drum	snare drum	vendor listing	?	DIY kit / PCB; vector-drawing page after the assembly appendix; same layout as the checked EDU manuals (2026-09-26)	not stated	https://www.ericasynths.lv/service/file/download/product_id/819/file_id/530/#page=44	product name	closed hardware with a public schematic -> this table (d 2026-09-26 14:36); found via the EurorackDIY sheet check (vendor product not in the sheet)	2026-09-26
c704	Erica Synths	EDU Drum Mixer	mixer (drum)	vendor listing	?	DIY kit / PCB; vector-drawing page after the assembly appendix; same layout as the checked EDU manuals (2026-09-26)	not stated	https://www.ericasynths.lv/service/file/download/product_id/1161/file_id/614/#page=42	product name	closed hardware with a public schematic -> this table (d 2026-09-26 14:36); found via the EurorackDIY sheet check (vendor product not in the sheet)	2026-09-26
c705	Mechlab Industries	Liberation	modulation (4046 PLL ring mod / waveshaper)	vendor page	eurorack (HP ?)	free schematic + BOM on the Mechlab Industries Eurorack Schematics page	not stated (site footer: Copyright 2026 Mechlab Industries)	https://www.mechlabindustries.com/wp-content/uploads/2026/04/Liberation-v1.pdf	page: 'Based loosely on the Moog Liberation ring mod implementation of the 4046 CMOS PLL chip'	Mechlab Industries Eurorack Schematics (d 2026-09-26 14:39); page https://www.mechlabindustries.com/eurorack-schematics/liberation/; based on Barton Musical Circuits BMC033 4046 Wave Shaper (c207; the page links its documentation; d 14:39) and the Moog Liberation ring mod	2026-09-26
c706	Mechlab Industries	Liberty Bell 7	LFO (syncable, TAPLFO3)	vendor page	eurorack (HP ?)	free schematic + BOM on the Mechlab Industries Eurorack Schematics page	not stated (site footer: Copyright 2026 Mechlab Industries)	https://www.mechlabindustries.com/wp-content/uploads/2025/10/Liberty-Bell-7-v1.pdf	page: 'clock-syncable LFO ... Electric Druid TAPLFO3 chip'	Mechlab Industries Eurorack Schematics (d 2026-09-26 14:39); page https://www.mechlabindustries.com/eurorack-schematics/liberty-bell-7/; built around the Electric Druid TAPLFO3 chip, largely from its datasheet	2026-09-26
c707	Mechlab Industries	Envelope Distortion	distortion / envelope filter	vendor page	eurorack (HP ?)	free schematic + BOM on the Mechlab Industries Eurorack Schematics page	not stated (site footer: Copyright 2026 Mechlab Industries)	https://www.mechlabindustries.com/wp-content/uploads/2026/06/Envelope-Distortion-v1.pdf	page: 'mix distortion with an envelope filter'; site tags Distortion, Effect	Mechlab Industries Eurorack Schematics (d 2026-09-26 14:39); page https://www.mechlabindustries.com/eurorack-schematics/envelope-distortion/; page: based on someone else's circuit design, source unknown to the author	2026-09-26
c708	Mechlab Industries	Multipass	VCF (multimode, OTA)	vendor page	eurorack (HP ?)	free schematic + BOM on the Mechlab Industries Eurorack Schematics page	not stated (site footer: Copyright 2026 Mechlab Industries)	https://www.mechlabindustries.com/wp-content/uploads/2025/09/Multipass-v1.pdf	page: 'state-variable/multimode VCF ... OTA-based filter with simultaneous highpass, lowpass and bandpass outputs'	Mechlab Industries Eurorack Schematics (d 2026-09-26 14:39); page https://www.mechlabindustries.com/eurorack-schematics/multipass/; borrows heavily from a Skull & Circuits design	2026-09-26
c709	Mechlab Industries	Stereo Animator	stereoizer	vendor page	eurorack (HP ?)	free schematic + BOM on the Mechlab Industries Eurorack Schematics page	not stated (site footer: Copyright 2026 Mechlab Industries)	https://www.mechlabindustries.com/wp-content/uploads/2026/06/Stereo-Animator-v1.pdf	page: 'Used to stereoize mono signals'	Mechlab Industries Eurorack Schematics (d 2026-09-26 14:39); page https://www.mechlabindustries.com/eurorack-schematics/stereo-animator/	2026-09-26
c710	Mechlab Industries	Quiver in Stereo	stereoizer / tremolo (dual)	vendor page	eurorack (HP ?)	free schematic + BOM on the Mechlab Industries Eurorack Schematics page	not stated (site footer: Copyright 2026 Mechlab Industries)	https://www.mechlabindustries.com/wp-content/uploads/2026/06/Quiver-in-Stereo-v1.pdf	page: 'splits a mono signal into two channels. Each channel has an independent LFO-driven tremolo'	Mechlab Industries Eurorack Schematics (d 2026-09-26 14:39); page https://www.mechlabindustries.com/eurorack-schematics/quiver-in-stereo/	2026-09-26
c711	Mechlab Industries	Chainsaw	VCO (CD40106)	vendor page	eurorack (HP ?)	free schematic + BOM on the Mechlab Industries Eurorack Schematics page	not stated (site footer: Copyright 2026 Mechlab Industries)	https://www.mechlabindustries.com/wp-content/uploads/2025/04/Chainsaw-v1.pdf	page: 'a precision VCO ... CD40106-based'	Mechlab Industries Eurorack Schematics (d 2026-09-26 14:39); page https://www.mechlabindustries.com/eurorack-schematics/chainsaw/; grew out of Sprite Do	2026-09-26
c712	Mechlab Industries	Mabu-CA	VCA (OTA) / waveshaper	vendor page	eurorack (HP ?)	free schematic + BOM on the Mechlab Industries Eurorack Schematics page	not stated (site footer: Copyright 2026 Mechlab Industries)	https://www.mechlabindustries.com/wp-content/uploads/2025/04/Mabu-CA-v1.pdf	page: 'an OTA-based VCA with an integrated waveshaper'	Mechlab Industries Eurorack Schematics (d 2026-09-26 14:39); page https://www.mechlabindustries.com/eurorack-schematics/mabu-ca/	2026-09-26
c713	Mechlab Industries	Sample Hold Invert Destroy (SHID)	S&H / inverter / rectifier	vendor page	eurorack (HP ?)	free schematic + BOM on the Mechlab Industries Eurorack Schematics page	not stated (site footer: Copyright 2026 Mechlab Industries)	https://www.mechlabindustries.com/wp-content/uploads/2025/04/SHID-v1.pdf	page: 'this module samples and holds, and inverts'; site tags Modulation, Utility	Mechlab Industries Eurorack Schematics (d 2026-09-26 14:39); page https://www.mechlabindustries.com/eurorack-schematics/sample-hold-invert-destroy/	2026-09-26
c714	Mechlab Industries	Fuzz Cut	fuzz	vendor page	eurorack (HP ?)	free schematic + BOM on the Mechlab Industries Eurorack Schematics page	not stated (site footer: Copyright 2026 Mechlab Industries)	https://www.mechlabindustries.com/wp-content/uploads/2026/06/Fuzz-Cut-v1.pdf	page: 'an upgrade to Wocka, but based on a different fuzz circuit'	Mechlab Industries Eurorack Schematics (d 2026-09-26 14:39); page https://www.mechlabindustries.com/eurorack-schematics/fuzz-cut/; successor to Wocka; based on an unnamed fuzz circuit	2026-09-26
c715	Mechlab Industries	Sprungtrix	spring reverb driver (3 tanks)	vendor page	eurorack (HP ?)	free schematic + BOM on the Mechlab Industries Eurorack Schematics page	not stated (site footer: Copyright 2026 Mechlab Industries)	https://www.mechlabindustries.com/wp-content/uploads/2026/03/Sprungtrix-v1.pdf	page: spring reverb tanks in three tail lengths; site tags Effect, Reverb	Mechlab Industries Eurorack Schematics (d 2026-09-26 14:39); page https://www.mechlabindustries.com/eurorack-schematics/sprungtrix/; borrows Sprung 2 design concepts	2026-09-26
c716	Mechlab Industries	Ligaments	tremolo / Gristleizer	vendor page	eurorack (HP ?)	free schematic + BOM on the Mechlab Industries Eurorack Schematics page	not stated (site footer: Copyright 2026 Mechlab Industries)	https://www.mechlabindustries.com/wp-content/uploads/2024/12/Ligaments-v2.pdf	page: 'my take on the legendary Gristleizer effect'	Mechlab Industries Eurorack Schematics (d 2026-09-26 14:39); page https://www.mechlabindustries.com/eurorack-schematics/ligaments/; based on the Gristleizer (Roy Gwinn), LFO replaced by a CD4093 oscillator section; its oscillator section is Mechlab's own 4Square (CD4093)	2026-09-26
c717	Mechlab Industries	Sprite Do	percussion (CD40106)	vendor page	eurorack (HP ?)	free schematic + BOM on the Mechlab Industries Eurorack Schematics page	not stated (site footer: Copyright 2026 Mechlab Industries)	https://www.mechlabindustries.com/wp-content/uploads/2026/08/Sprite-Do-v1.pdf	page: 'a percussion module ... the CD40106 chip, the stacked oscillators'	Mechlab Industries Eurorack Schematics (d 2026-09-26 14:39); page https://www.mechlabindustries.com/eurorack-schematics/sprite-do/; inspired by Thomas Henry's impact tone generator	2026-09-26
c718	Mechlab Industries	Ottawa	envelope filter (auto-wah)	vendor page	eurorack (HP ?)	free schematic + BOM on the Mechlab Industries Eurorack Schematics page	not stated (site footer: Copyright 2026 Mechlab Industries)	https://www.mechlabindustries.com/wp-content/uploads/2025/04/Ottawa-v1.pdf	page: 'a voltage-controlled envelope filter, reminiscent of classic auto wah pedals like the Mu-Tron III'	Mechlab Industries Eurorack Schematics (d 2026-09-26 14:39); page https://www.mechlabindustries.com/eurorack-schematics/ottawa/	2026-09-26
c719	Mechlab Industries	Molly Brown	LFO (syncable)	vendor page	eurorack (HP ?)	free schematic + BOM on the Mechlab Industries Eurorack Schematics page	not stated (site footer: Copyright 2026 Mechlab Industries)	https://www.mechlabindustries.com/wp-content/uploads/2025/10/Molly-Brown-v1-1.pdf	page: 'a full-featured, syncable LFO'	Mechlab Industries Eurorack Schematics (d 2026-09-26 14:39); page https://www.mechlabindustries.com/eurorack-schematics/molly-brown/; sine shaper taken from an old Thomas Henry book	2026-09-26
c720	Mechlab Industries	Koverto	ADSR (555)	vendor page	eurorack (HP ?)	free schematic + BOM on the Mechlab Industries Eurorack Schematics page	not stated (site footer: Copyright 2026 Mechlab Industries)	https://www.mechlabindustries.com/wp-content/uploads/2025/05/Koverto-v1.pdf	site tags 555, Envelope Generator; page: Kassutronics precision ADSR lineage	Mechlab Industries Eurorack Schematics (d 2026-09-26 14:39); page https://www.mechlabindustries.com/eurorack-schematics/koverto/; derived from the Kassutronics precision ADSR (itself from the YuSynth 555 ADSR and a 1980 Jonathan Jacky article) and the Analog Output precision ADSR enhanced	2026-09-26
c721	Mechlab Industries	Lynchian Device	VCO (8038, 1V/oct)	vendor page	eurorack (HP ?)	free schematic + BOM on the Mechlab Industries Eurorack Schematics page	not stated (site footer: Copyright 2026 Mechlab Industries)	https://www.mechlabindustries.com/wp-content/uploads/2024/10/Lynchian-Device-v1.pdf	page: 'A classic Thomas Henry 8038-based sine oscillator with a twist'	Mechlab Industries Eurorack Schematics (d 2026-09-26 14:39); page https://www.mechlabindustries.com/eurorack-schematics/lynchian-device/; based on a Thomas Henry 8038 sine oscillator	2026-09-26
c722	Mechlab Industries	Gatekeeper	gate pattern generator (CD4029)	vendor page	eurorack (HP ?)	free schematic + BOM on the Mechlab Industries Eurorack Schematics page	not stated (site footer: Copyright 2026 Mechlab Industries)	https://www.mechlabindustries.com/wp-content/uploads/2025/06/Gatekeeper-v1.pdf	page: 'Utilizing three CD4029 up/down counters, Gatekeeper provides rhythmic gate patterns'	Mechlab Industries Eurorack Schematics (d 2026-09-26 14:39); page https://www.mechlabindustries.com/eurorack-schematics/gatekeeper/; companion to Keymaster	2026-09-26
c723	Mechlab Industries	Rain Shadow	half-wave modulator / waveshaper	vendor page	eurorack (HP ?)	free schematic + BOM on the Mechlab Industries Eurorack Schematics page	not stated (site footer: Copyright 2026 Mechlab Industries)	https://www.mechlabindustries.com/wp-content/uploads/2024/12/Rain-Shadow-v1.pdf	page: 'the standalone version of the half-wave modulator found in my Lynchian Device VCO'	Mechlab Industries Eurorack Schematics (d 2026-09-26 14:39); page https://www.mechlabindustries.com/eurorack-schematics/rain-shadow/; from Lynchian Device	2026-09-26
c724	Mechlab Industries	Keymaster	gate-to-trigger / gate utilities	vendor page	eurorack (HP ?)	free schematic + BOM on the Mechlab Industries Eurorack Schematics page	not stated (site footer: Copyright 2026 Mechlab Industries)	https://www.mechlabindustries.com/wp-content/uploads/2025/06/Keymaster-v1.pdf	page: 'Gate-to-trigger conversion ... consolidates a few gate-related utilities'	Mechlab Industries Eurorack Schematics (d 2026-09-26 14:39); page https://www.mechlabindustries.com/eurorack-schematics/keymaster/	2026-09-26
c725	Mechlab Industries	St. Filth	VCF / distortion (DIRT-based)	vendor page	eurorack (HP ?)	free schematic + BOM on the Mechlab Industries Eurorack Schematics page	not stated (site footer: Copyright 2026 Mechlab Industries)	https://www.mechlabindustries.com/wp-content/uploads/2024/02/St-Filth-v1.pdf	page: 'Borrowed almost entirely from the Synthrotek DIRT filter'	Mechlab Industries Eurorack Schematics (d 2026-09-26 14:39); page https://www.mechlabindustries.com/eurorack-schematics/st-filth/; based on the Synthrotek DIRT Filter (c648)	2026-09-26
c726	Mechlab Industries	Rock Throbster	tremolo	vendor page	eurorack (HP ?)	free schematic + BOM on the Mechlab Industries Eurorack Schematics page	not stated (site footer: Copyright 2026 Mechlab Industries)	https://www.mechlabindustries.com/wp-content/uploads/2024/04/Rock-Throbster.pdf	page: 'Rock Throbster is, primarily, a tremolo effect'	Mechlab Industries Eurorack Schematics (d 2026-09-26 14:39); page https://www.mechlabindustries.com/eurorack-schematics/rock-throbster/	2026-09-26
c727	Mechlab Industries	Voltage Daikaiju	LFO / offset / utility	vendor page	eurorack (HP ?)	free schematic + BOM on the Mechlab Industries Eurorack Schematics page	not stated (site footer: Copyright 2026 Mechlab Industries)	https://www.mechlabindustries.com/wp-content/uploads/2024/08/Voltage-Daikaiju-v1.pdf	page: 'An evolution on the concept behind' Voltage Kaiju; site tags LFO, Signal routing, Utility	Mechlab Industries Eurorack Schematics (d 2026-09-26 14:39); page https://www.mechlabindustries.com/eurorack-schematics/voltage-daikaiju/; evolution of Voltage Kaiju	2026-09-26
c728	Mechlab Industries	D/MOD	modulation effect (CD4046)	vendor page	eurorack (HP ?)	free schematic + BOM on the Mechlab Industries Eurorack Schematics page	not stated (site footer: Copyright 2026 Mechlab Industries)	https://www.mechlabindustries.com/wp-content/uploads/2024/02/D-MOD-v1.pdf	page: 'a vicious modulation effect that uses a CD4046'	Mechlab Industries Eurorack Schematics (d 2026-09-26 14:39); page https://www.mechlabindustries.com/eurorack-schematics/d-mod/	2026-09-26
c729	Mechlab Industries	Voltage Kaiju	LFO / offset-scaler (dual)	vendor page	eurorack (HP ?)	free schematic + BOM on the Mechlab Industries Eurorack Schematics page	not stated (site footer: Copyright 2026 Mechlab Industries)	https://www.mechlabindustries.com/wp-content/uploads/2024/02/Voltage-Kaiju-v1.pdf	page: 'an LFO with triangle or square output, and dual voltage offset/scalers'	Mechlab Industries Eurorack Schematics (d 2026-09-26 14:39); page https://www.mechlabindustries.com/eurorack-schematics/voltage-kaiju/; page: 'cobbled together from bits and pieces of ideas and schematics available online'	2026-09-26
c730	Mechlab Industries	Inferno	clock divider	vendor page	eurorack (HP ?)	free schematic + BOM on the Mechlab Industries Eurorack Schematics page	not stated (site footer: Copyright 2026 Mechlab Industries)	https://www.mechlabindustries.com/wp-content/uploads/2023/07/Inferno-v1.pdf	site tags Clock, Effect, Utility; page links basic clock divider concepts	Mechlab Industries Eurorack Schematics (d 2026-09-26 14:39); page https://www.mechlabindustries.com/eurorack-schematics/inferno/; page links a fonik simple divider schematic and the Dannysound Cali Osc	2026-09-26
c731	Mechlab Industries	Steptone & Son	Atari Punk Console (dual 555)	vendor page	eurorack (HP ?)	free schematic + BOM on the Mechlab Industries Eurorack Schematics page	not stated (site footer: Copyright 2026 Mechlab Industries)	https://www.mechlabindustries.com/wp-content/uploads/2024/07/Steptone-and-Son-v1.2.pdf	page: 'based on the Stepped-tone Generator designed by Forrest M. Mims III. Also known as the Atari Punk Console'	Mechlab Industries Eurorack Schematics (d 2026-09-26 14:39); page https://www.mechlabindustries.com/eurorack-schematics/steptone-son/; based on the Forrest M. Mims III Stepped-tone Generator (Atari Punk Console)	2026-09-26
c732	Mechlab Industries	Sprung 2	spring reverb driver	vendor page	eurorack (HP ?)	free schematic + BOM on the Mechlab Industries Eurorack Schematics page	not stated (site footer: Copyright 2026 Mechlab Industries)	https://www.mechlabindustries.com/wp-content/uploads/2026/03/Sprung-2-v1-1.pdf	page: 'a module to power a Mod 8EB2C1B spring reverb tank'	Mechlab Industries Eurorack Schematics (d 2026-09-26 14:39); page https://www.mechlabindustries.com/eurorack-schematics/sprung-2/; successor to Sprung (The Verbs)	2026-09-26
c733	Mechlab Industries	Wah Baby	wah (VC)	vendor page	eurorack (HP ?)	free schematic + BOM on the Mechlab Industries Eurorack Schematics page	not stated (site footer: Copyright 2026 Mechlab Industries)	https://www.mechlabindustries.com/wp-content/uploads/2023/10/Wah-Baby.pdf	page: 'Based on a classic wah pedal design ... includes CV control over the effect'	Mechlab Industries Eurorack Schematics (d 2026-09-26 14:39); page https://www.mechlabindustries.com/eurorack-schematics/wah-baby/; based on a classic wah pedal design	2026-09-26
c734	Mechlab Industries	Wocka	fuzz	vendor page	eurorack (HP ?)	free schematic + BOM on the Mechlab Industries Eurorack Schematics page	not stated (site footer: Copyright 2026 Mechlab Industries)	https://www.mechlabindustries.com/wp-content/uploads/2023/06/Wocka-v1.pdf	page: 'This module is a little fuzzy'; site tags Distortion, Effect	Mechlab Industries Eurorack Schematics (d 2026-09-26 14:39); page https://www.mechlabindustries.com/eurorack-schematics/wocka/; borrows heavily from a circuit attributed to R. Lockhart Jr.	2026-09-26
c735	Mechlab Industries	Nasty Snarey	snare drum	vendor page	eurorack (HP ?)	free schematic + BOM on the Mechlab Industries Eurorack Schematics page	not stated (site footer: Copyright 2026 Mechlab Industries)	https://www.mechlabindustries.com/wp-content/uploads/2025/04/Nasty-Snarey-v1.pdf	page: 'My first foray into percussion modules ... analog snare'	Mechlab Industries Eurorack Schematics (d 2026-09-26 14:39); page https://www.mechlabindustries.com/eurorack-schematics/nasty-snarey/	2026-09-26
c736	Mechlab Industries	Canted Clamor	noise (pitched)	vendor page	eurorack (HP ?)	free schematic + BOM on the Mechlab Industries Eurorack Schematics page	not stated (site footer: Copyright 2026 Mechlab Industries)	https://www.mechlabindustries.com/wp-content/uploads/2024/12/Canted-Clamor-v1.pdf	page: 'a pitched noise utility'	Mechlab Industries Eurorack Schematics (d 2026-09-26 14:39); page https://www.mechlabindustries.com/eurorack-schematics/canted-clamor/	2026-09-26
c737	Mechlab Industries	Destructo Disc	VCO (sawtooth, 555 modulators)	vendor page	eurorack (HP ?)	free schematic + BOM on the Mechlab Industries Eurorack Schematics page	not stated (site footer: Copyright 2026 Mechlab Industries)	https://www.mechlabindustries.com/wp-content/uploads/2023/03/Destructo-Disc.pdf	page: 'a sawtooth oscillator gone mad. Two waveshapers and an array of 555-based saw-width modulators'	Mechlab Industries Eurorack Schematics (d 2026-09-26 14:39); page https://www.mechlabindustries.com/eurorack-schematics/destructo-disc/; borrows heavily from Moritz Klein's Shapes VCO and Forrest M. Mims III's frequency divider	2026-09-26
c738	Mechlab Industries	Thunderdome	audio-rate switch (DG419 + 7555)	vendor page	eurorack (HP ?)	free schematic + BOM on the Mechlab Industries Eurorack Schematics page	not stated (site footer: Copyright 2026 Mechlab Industries)	https://www.mechlabindustries.com/wp-content/uploads/2023/09/Thunderdome-v2-1.pdf	page: 'Built around a DG419 analog switch, the Thunderdome uses an internal 7555-based, square-wave oscillator to switch between two input signals at audio rate'	Mechlab Industries Eurorack Schematics (d 2026-09-26 14:39); page https://www.mechlabindustries.com/eurorack-schematics/thunderdome/; v2 schematic (v1 also on the page)	2026-09-26
c739	Mechlab Industries	4Square	oscillator (quad square, CD4093)	vendor page	eurorack (HP ?)	free schematic + BOM on the Mechlab Industries Eurorack Schematics page	not stated (site footer: Copyright 2026 Mechlab Industries)	https://www.mechlabindustries.com/wp-content/uploads/2023/12/4Square-v1.pdf	page: 'built around a 4093 quad NAND Schmitt Trigger circuit. Four independent square-wave oscillators'	Mechlab Industries Eurorack Schematics (d 2026-09-26 14:39); page https://www.mechlabindustries.com/eurorack-schematics/4square/	2026-09-26
c740	Mechlab Industries	Sprung!	spring reverb driver	vendor page	eurorack (HP ?)	free schematic + BOM on the Mechlab Industries Eurorack Schematics page	not stated (site footer: Copyright 2026 Mechlab Industries)	https://www.mechlabindustries.com/wp-content/uploads/2023/08/Sprung-v1.pdf	page The Verbs: basic reverb schematics; PDF Sprung-v1 for a Mod 8EB2C1B tank	Mechlab Industries Eurorack Schematics (d 2026-09-26 14:39); page https://www.mechlabindustries.com/eurorack-schematics/the-verbs/; drives a Mod 8EB2C1B spring tank; one of three reverb schematics on The Verbs page	2026-09-26
c741	Mechlab Industries	SSSCM (Single Sideband-Suppressing Carrier Modulator)	frequency shifter (single sideband)	vendor page	eurorack (HP ?)	free schematic + BOM on the Mechlab Industries Eurorack Schematics page	not stated (site footer: Copyright 2026 Mechlab Industries)	https://www.mechlabindustries.com/wp-content/uploads/2023/09/SSSCM-v1-1.pdf	page: 'Single Sideband-Suppressing Carrier Modulator'	Mechlab Industries Eurorack Schematics (d 2026-09-26 14:39); page https://www.mechlabindustries.com/eurorack-schematics/ssscm/; built on the MC1496N balanced modulator chip	2026-09-26
c742	Mechlab Industries	Ambivalence Drive	VC switch (DG419)	vendor page	eurorack (HP ?)	free schematic + BOM on the Mechlab Industries Eurorack Schematics page	not stated (site footer: Copyright 2026 Mechlab Industries)	https://www.mechlabindustries.com/wp-content/uploads/2023/03/Ambivalence-Drive-v1.pdf	page: 'Built around a DG419 analog switch, Ambivalence Drive uses control voltage to switch between two input signals'	Mechlab Industries Eurorack Schematics (d 2026-09-26 14:39); page https://www.mechlabindustries.com/eurorack-schematics/ambivalence-drive/; behaves like Mechlab's Thunderdome when audio is patched into the CV input	2026-09-26
c743	Mechlab Industries	Forked	LFO (quad, free-running)	vendor page	eurorack (HP ?)	free schematic + BOM on the Mechlab Industries Eurorack Schematics page	not stated (site footer: Copyright 2026 Mechlab Industries)	https://www.mechlabindustries.com/wp-content/uploads/2023/10/Forked.pdf	page: 'a free-roaming modulation workhorse, with triangle and square outputs'	Mechlab Industries Eurorack Schematics (d 2026-09-26 14:39); page https://www.mechlabindustries.com/eurorack-schematics/forked/; conceptually based on the DivKid/Instruo Ochd (four LFOs instead of eight)	2026-09-26
c744	Mechlab Industries	Basic Utilities: Buffered Multiple	buffered multiple	vendor page	eurorack (HP ?)	free schematic image on the Basic Utilities page	not stated (site footer: Copyright 2026 Mechlab Industries)	https://www.mechlabindustries.com/wp-content/uploads/2026/08/BU-Buffered-Multiple-v2.png	Basic Utilities schematic title	Mechlab Industries Eurorack Schematics (d 2026-09-26 14:39); one of the Basic Utilities, page https://www.mechlabindustries.com/eurorack-schematics/basic-utilities/	2026-09-26
c745	Mechlab Industries	Basic Utilities: Gain	gain / amplifier	vendor page	eurorack (HP ?)	free schematic image on the Basic Utilities page	not stated (site footer: Copyright 2026 Mechlab Industries)	https://www.mechlabindustries.com/wp-content/uploads/2026/08/BU-Gain-v1.png	Basic Utilities schematic title	Mechlab Industries Eurorack Schematics (d 2026-09-26 14:39); one of the Basic Utilities, page https://www.mechlabindustries.com/eurorack-schematics/basic-utilities/	2026-09-26
c746	Mechlab Industries	Basic Utilities: 3-Channel Mixer	mixer (3-channel)	vendor page	eurorack (HP ?)	free schematic image on the Basic Utilities page	not stated (site footer: Copyright 2026 Mechlab Industries)	https://www.mechlabindustries.com/wp-content/uploads/2026/08/BU-3-Channel-Mixer-v1.png	Basic Utilities schematic title	Mechlab Industries Eurorack Schematics (d 2026-09-26 14:39); one of the Basic Utilities, page https://www.mechlabindustries.com/eurorack-schematics/basic-utilities/	2026-09-26
c747	Mechlab Industries	Basic Utilities: Attenuverter	attenuverter	vendor page	eurorack (HP ?)	free schematic image on the Basic Utilities page	not stated (site footer: Copyright 2026 Mechlab Industries)	https://www.mechlabindustries.com/wp-content/uploads/2026/08/BU-Attenuverter-v1.png	Basic Utilities schematic title	Mechlab Industries Eurorack Schematics (d 2026-09-26 14:39); one of the Basic Utilities, page https://www.mechlabindustries.com/eurorack-schematics/basic-utilities/	2026-09-26
c748	Mechlab Industries	Basic Utilities: Gate-to-Trigger	gate-to-trigger	vendor page	eurorack (HP ?)	free schematic image on the Basic Utilities page	not stated (site footer: Copyright 2026 Mechlab Industries)	https://www.mechlabindustries.com/wp-content/uploads/2026/08/BU-Gate-to-Trigger-v1.png	Basic Utilities schematic title	Mechlab Industries Eurorack Schematics (d 2026-09-26 14:39); one of the Basic Utilities, page https://www.mechlabindustries.com/eurorack-schematics/basic-utilities/	2026-09-26
c749	Mechlab Industries	Basic Utilities: Comparator	comparator	vendor page	eurorack (HP ?)	free schematic image on the Basic Utilities page	not stated (site footer: Copyright 2026 Mechlab Industries)	https://www.mechlabindustries.com/wp-content/uploads/2026/08/BU-Comparator-v1.png	Basic Utilities schematic title	Mechlab Industries Eurorack Schematics (d 2026-09-26 14:39); one of the Basic Utilities, page https://www.mechlabindustries.com/eurorack-schematics/basic-utilities/	2026-09-26
c750	Mechlab Industries	Basic Utilities: Passive Attenuators	attenuator (passive)	vendor page	eurorack (HP ?)	free schematic image on the Basic Utilities page	not stated (site footer: Copyright 2026 Mechlab Industries)	https://www.mechlabindustries.com/wp-content/uploads/2026/08/BU-Passive-Attenuators-v1.png	Basic Utilities schematic title	Mechlab Industries Eurorack Schematics (d 2026-09-26 14:39); one of the Basic Utilities, page https://www.mechlabindustries.com/eurorack-schematics/basic-utilities/	2026-09-26
c751	Mechlab Industries	Basic Utilities: Scale and Offset	scale / offset	vendor page	eurorack (HP ?)	free schematic image on the Basic Utilities page	not stated (site footer: Copyright 2026 Mechlab Industries)	https://www.mechlabindustries.com/wp-content/uploads/2026/08/BU-Scale-and-Offset-v1.png	Basic Utilities schematic title	Mechlab Industries Eurorack Schematics (d 2026-09-26 14:39); one of the Basic Utilities, page https://www.mechlabindustries.com/eurorack-schematics/basic-utilities/; a stripped-down version of Voltage Daikaiju's core	2026-09-26
c752	Mechlab Industries	Basic Utilities: 5V on Demand	5V source	vendor page	eurorack (HP ?)	free schematic image on the Basic Utilities page	not stated (site footer: Copyright 2026 Mechlab Industries)	https://www.mechlabindustries.com/wp-content/uploads/2026/08/BU-5V-On-Demand-v1.png	Basic Utilities schematic title	Mechlab Industries Eurorack Schematics (d 2026-09-26 14:39); one of the Basic Utilities, page https://www.mechlabindustries.com/eurorack-schematics/basic-utilities/	2026-09-26
c753	Mechlab Industries	Basic Utilities: Glide	slew / glide	vendor page	eurorack (HP ?)	free schematic image on the Basic Utilities page	not stated (site footer: Copyright 2026 Mechlab Industries)	https://www.mechlabindustries.com/wp-content/uploads/2026/08/BU-Glide-v1-1.png	Basic Utilities schematic title	Mechlab Industries Eurorack Schematics (d 2026-09-26 14:39); one of the Basic Utilities, page https://www.mechlabindustries.com/eurorack-schematics/basic-utilities/	2026-09-26
c754	Mechlab Industries	Adverb	reverb (stereo, BTDR-3 module)	vendor page	eurorack (HP ?)	free schematic image + BOM on The Verbs page	not stated (site footer: Copyright 2026 Mechlab Industries)	https://www.mechlabindustries.com/wp-content/uploads/2023/08/Adverb-v1.png	The Verbs page: 'built on an Accutronics/Beltron BTDR-3 (H/V) reverb unit'	Mechlab Industries Eurorack Schematics (d 2026-09-26 14:39); page https://www.mechlabindustries.com/eurorack-schematics/the-verbs/; built on an Accutronics/Beltron BTDR-3 (H/V) reverb unit; one of three reverb schematics on the page	2026-09-26
c755	Mechlab Industries	Lil' Verb	reverb (mono, BTDR-1 module)	vendor page	eurorack (HP ?)	free schematic image + BOM on The Verbs page	not stated (site footer: Copyright 2026 Mechlab Industries)	https://www.mechlabindustries.com/wp-content/uploads/2023/08/Lil-Verb-v1.png	The Verbs page: 'built on an Accutronics/Beltron BTDR-1 reverb unit'	Mechlab Industries Eurorack Schematics (d 2026-09-26 14:39); page https://www.mechlabindustries.com/eurorack-schematics/the-verbs/; built on an Accutronics/Beltron BTDR-1 reverb unit; one of three reverb schematics on the page	2026-09-26
