status	maker	name	type	licence_state	licence_note	schematic_url	schematic_checked	repo_url	instructions_url	store_url
NEW REPO, hardware - Music Thing open source (TomWhitwell/Turing-Pulse-Expander)	Music Thing Modular	Pulses Mk II	Turing Machine gate/pulse expander	Open source	No licence published	https://github.com/TomWhitwell/Turing-Pulse-Expander			https://www.thonk.co.uk/wp-content/uploads/2024/04/Pulses-build-doc-v1.1.pdf	https://www.thonk.co.uk/shop/pulses-mk-ii-full-kit/
NEW REPO, hardware - Music Thing open source (TomWhitwell/Volts)	Music Thing Modular	Volts	Turing Machine 5-bit DAC CV expander	Open source	No licence published	https://www.musicthing.co.uk/collateral/Volts_Schematic.pdf			https://www.thonk.co.uk/wp-content/uploads/2023/10/Volts-Build-Doc-v1.0.pdf	https://www.thonk.co.uk/shop/mtm-turing-volts-kit/
NEW REPO, hardware - not in the star list; add?	AtoVproject	16n Faderbank (rework)	Fader controller (CV + MIDI)	Proprietary	No open licence published, treat as all rights reserved	https://github.com/ATOVproject/16n-AtoVproject-rework/blob/master/PCB/V1.4%20ALPS/AtoVproject%2016n%20ALPS%20V1.4%20NL.sch		https://github.com/ATOVproject/16n-AtoVproject-rework	https://atov.de/pages/atovproject-16n-rework-manual	
NEW REPO, hardware - not in the star list; add?	Greenface Labs	PBJ EU	Proto board with jacks for Eurorack prototyping	Open source	GPL-3.0 over the schematic, board and panel files	https://github.com/shannon-greenlight/PBJ_EU_3		https://github.com/shannon-greenlight/PBJ_EU_3	https://www.greenfacelabs.com/pbj-eu/	https://www.greenfacelabs.com/pbj-eu/
NEW REPO, hardware - not in the star list; add?	Greenface Labs	PBJ-Solo	Standalone proto board with 6 jacks and 1660 tie points	Open source	GPL-3.0 over the schematic, board and panel files	https://github.com/shannon-greenlight/PBJ_New		https://github.com/shannon-greenlight/PBJ_New	https://www.greenfacelabs.com/pbj-6/	https://www.greenfacelabs.com/pbj-6/
NEW REPO, hardware - not in the star list; add?	Greenface Labs	Pipes	Harmonic generator that tracks an input	Proprietary	Design files published with no licence	https://github.com/shannon-greenlight/pipes		https://github.com/shannon-greenlight/pipes	https://www.greenfacelabs.com/pipes/	https://www.greenfacelabs.com/pipes/
NEW REPO, hardware - not in the star list; add?	Greenface Labs	Sidecar	PBJ-EU expander adding potentiometers and controls	Open source	GPL-3.0 over the schematic, board and panel files	https://github.com/shannon-greenlight/PBJ_EU_3		https://github.com/shannon-greenlight/PBJ_EU_3	https://www.greenfacelabs.com/sidecar/	https://www.greenfacelabs.com/sidecar/
NEW REPO, hardware - not in the star list; add?	Greenface Labs	Super Melper	Higher current version of the Melper case adapter	Open source	GPL-3.0 over the schematic, board and panel files	https://github.com/shannon-greenlight/Super-Melper		https://github.com/shannon-greenlight/Super-Melper	https://www.greenfacelabs.com/super-melper/	https://www.greenfacelabs.com/super-melper/
NEW REPO, hardware - not in the star list; add?	Greenface Labs	Thor's Arsenal	Eight channels of waveform generation	Open source	GPL-3.0 over the schematic, board and panel files	https://github.com/shannon-greenlight/Thors-Arsenal/tree/main/main_board		https://github.com/shannon-greenlight/Thors-Arsenal	https://github.com/shannon-greenlight/Thors-Arsenal/tree/main/manual	https://www.greenfacelabs.com/thors-arsenal/
NEW REPO, hardware - not in the star list; add?	HAGIWO	4ch Sampler	Sample player	Open source	No licence published			https://github.com/ijnekenamay/HAGIWOs_Module/tree/master/4ch_Sampler	https://github.com/ijnekenamay/HAGIWOs_Module/tree/master/4ch_Sampler	
NEW REPO, hardware - not in the star list; add?	HAGIWO	6CH Sequencer	6-channel gate/trigger sequencer	Open source	No licence published	https://github.com/ijnekenamay/HAGIWOs_Module/blob/master/6CH_Sequencer/original_schematic.jpg		https://github.com/ijnekenamay/HAGIWOs_Module/tree/master/6CH_Sequencer	https://github.com/ijnekenamay/HAGIWOs_Module/tree/master/6CH_Sequencer	
NEW REPO, hardware - not in the star list; add?	HAGIWO	CHORD VCO	Chord oscillator	Open source	No licence published			https://github.com/ijnekenamay/HAGIWOs_Module/tree/master/CHORD_VCO	https://github.com/ijnekenamay/HAGIWOs_Module/tree/master/CHORD_VCO	
NEW REPO, hardware - not in the star list; add?	HAGIWO	KICK	Drum voice (808/909 type)	Open source	No licence published	https://github.com/ijnekenamay/HAGIWOs_Module/blob/master/KICK/original_schematics.jpg		https://github.com/ijnekenamay/HAGIWOs_Module	https://github.com/ijnekenamay/HAGIWOs_Module/tree/master/KICK	
NEW REPO, hardware - not in the star list; add?	HAGIWO	MultiClockDiv	Clock divider	Open source	No licence published			https://github.com/ijnekenamay/HAGIWOs_Module	https://github.com/ijnekenamay/HAGIWOs_Module/tree/master/MultiClockDiv	
NEW REPO, hardware - not in the star list; add?	HAGIWO	Quantizer	Pitch quantizer	Open source	No licence published	https://github.com/ijnekenamay/HAGIWOs_Module/blob/master/Quantizer/original_schematic.jpg		https://github.com/ijnekenamay/HAGIWOs_Module	https://github.com/ijnekenamay/HAGIWOs_Module/tree/master/Quantizer	https://www.quinie.nl/product/quantizer-hagiwo-pcb-and-black-alu-panel/
NEW REPO, hardware - not in the star list; add?	HAGIWO	Sampler	Sample player	Open source	No licence published	https://github.com/ijnekenamay/HAGIWOs_Module/blob/master/Sampler/original_schematic.jpg		https://github.com/ijnekenamay/HAGIWOs_Module	https://github.com/ijnekenamay/HAGIWOs_Module/tree/master/Sampler	
NEW REPO, hardware - not in the star list; add?	HAGIWO	V2044 VCF	Voltage-controlled filter	Open source	No licence published			https://github.com/ijnekenamay/HAGIWOs_Module	https://github.com/ijnekenamay/HAGIWOs_Module/tree/master/V2044_VCF	
NEW REPO, hardware - not in the star list; add?	Kassutronics	ASR Envelope	Simplified attack/sustain/release envelope with loop mode	Proprietary	No licence published	https://github.com/kassu/kassutronics/tree/master/documentation/ASR%20Envelope		https://github.com/kassu/kassutronics	https://kassu2000.blogspot.com/2018/10/asr-envelope.html	https://store.kassutronics.net/eurorack-diy-c-1/asr-envelope-p-6
NEW REPO, hardware - not in the star list; add?	Kassutronics	Dual VCA	Dual linear VCA with mixer (AS3360)	Proprietary	No licence published	https://github.com/kassu/kassutronics/tree/master/documentation/Dual%20VCA		https://github.com/kassu/kassutronics	https://kassu2000.blogspot.com/2019/03/dual-vca.html	https://store.kassutronics.net/eurorack-diy-c-1/dual-vca-p-4
NEW REPO, hardware - not in the star list; add?	Kassutronics	KS-20 Filter	MS-20-style multimode filter	Proprietary	No licence published	https://github.com/kassu/kassutronics/tree/master/documentation/KS-20%20VCF		https://github.com/kassu/kassutronics	https://kassu2000.blogspot.com/2019/07/ks-20-filter.html	https://store.kassutronics.net/eurorack-diy-c-1/ks-20-filter-p-2
NEW REPO, hardware - not in the star list; add?	Kassutronics	Quad Attenuverter/Mixer	Four attenuverters normalled to a summing mixer	Proprietary	No licence published	https://github.com/kassu/kassutronics/tree/master/documentation/Attenuverter		https://github.com/kassu/kassutronics		https://store.kassutronics.net/eurorack-diy-c-1/quad-attenuverter-mixer-p-8
NEW REPO, hardware - not in the star list; add?	Kassutronics	Quantizer	Programmable CV quantizer (ATmega328P)	Proprietary	No licence published	https://github.com/kassu/kassutronics/tree/master/documentation/Quantizer		https://github.com/kassu/kassutronics	https://kassu2000.blogspot.com/2019/10/quantizer.html	https://store.kassutronics.net/eurorack-diy-c-1/quantizer-p-1
NEW REPO, hardware - not in the star list; add?	Kassutronics	Slope	Voltage-controlled slew limiter, envelope and looping LFO	Proprietary	No licence published	https://github.com/kassu/kassutronics/tree/master/documentation/Slope		https://github.com/kassu/kassutronics	https://kassu2000.blogspot.com/2020/10/slope.html	https://store.kassutronics.net/eurorack-diy-c-1/slope-p-9
NEW REPO, hardware - not in the star list; add?	Kassutronics	Transistor Ladder Filter	Transistor ladder low-pass filter	Proprietary	No licence published	https://github.com/kassu/kassutronics/tree/master/documentation/Transistor%20Ladder%20Filter		https://github.com/kassu/kassutronics	https://kassu2000.blogspot.com/2018/07/transistor-ladder-filter.html	https://store.kassutronics.net/eurorack-diy-c-1/transistor-ladder-filter-p-7
NEW REPO, hardware - not in the star list; add?	Kassutronics	VCO 3340	Analog VCO based on the AS3340	Proprietary	No licence published	https://github.com/kassu/kassutronics/tree/master/documentation/VCO%203340		https://github.com/kassu/kassutronics	https://kassu2000.blogspot.com/2018/06/vco-3340.html	https://store.kassutronics.net/eurorack-diy-c-1/vco-3340-p-3
NEW REPO, hardware - not in the star list; add?	Kassutronics	Wavefolder	Voltage-controlled transistor wavefolder with built-in VCA	Proprietary	No licence published	https://github.com/kassu/kassutronics/tree/master/documentation/Wavefolder		https://github.com/kassu/kassutronics	https://kassu2000.blogspot.com/2021/11/wavefolder.html	https://store.kassutronics.net/eurorack-diy-c-1/wavefolder-p-10
NEW REPO, hardware - not in the star list; add?	Mental Noise	Broca	Four channel audio mixer	Proprietary	GPL-3.0 covers the firmware, no hardware licence	https://github.com/Mental-Noise/Broca/tree/main/schematics		https://github.com/Mental-Noise/Broca	https://github.com/Mental-Noise/Broca/blob/main/Mental%20Noise%20-%20Broca.pdf	https://www.tindie.com/products/mentalnoise/broca-4-channels-audio-mixer-eurorack-module/
NEW REPO, hardware - not in the star list; add?	Modulove	A-RYTH-MATIK	Six channel euclidean gate sequencer	Proprietary	MIT covers the firmware, no hardware licence			https://github.com/modulove/A-RYTH-MATIK	https://dl.modulove.de/module/arythmatik/ARYTHMATIK_nEuclid-Sequencer_Firmware_User-Manual.pdf	https://www.tindie.com/products/modulove/a-ryth-matik-6ch-euclid-gate-sequencer/
NEW REPO, hardware - not in the star list; add?	Music Thing Modular	Mikrophonie	Contact-mic amplifier	Open source	No licence published	https://github.com/TomWhitwell/Mikrophonie/tree/master/Hardware		https://github.com/TomWhitwell/Mikrophonie	https://github.com/TomWhitwell/Mikrophonie	https://www.thonk.co.uk/shop/mtm-mikrophonie-bundle/
NEW REPO, hardware - not in the star list; add?	Music Thing Modular	Radio Music	Sample / radio player	Open source	No licence published	https://github.com/TomWhitwell/RadioMusic/tree/master/RadioMusicHardware		https://github.com/TomWhitwell/RadioMusic	https://github.com/TomWhitwell/RadioMusic/wiki/Building-the-Radio-Music-module	
NEW REPO, hardware - not in the star list; add?	Owen-Patrick	SoftSynthetics DSP	Karaoke-DSP-based stereo multi-FX	Proprietary	No open licence published, treat as all rights reserved	https://github.com/Owen-Patrick/SoftSynthetics-DSP/blob/main/v1.1/DSP%201.1.kicad_sch		https://github.com/Owen-Patrick/SoftSynthetics-DSP	https://github.com/Owen-Patrick/SoftSynthetics-DSP/blob/main/README.md	
NEW REPO, hardware - not in the star list; add?	Sherpa Modular	RawWaves (v2)	Sample player (WAV/RAW)	Proprietary	No open licence published, treat as all rights reserved	https://github.com/SherpaModular/RawWaves/blob/main/Hardware/KiCad/RawWavesV2.kicad_sch		https://github.com/SherpaModular/RawWaves	https://github.com/SherpaModular/RawWaves/blob/main/README.md	https://sherpamodular.com/products/raw-waves-v2
NEW REPO, hardware - not in the star list; add?	Sourcery Studios	Riddles	Multimode filter with VCA on the low pass output	Proprietary	No open licence published, treat as all rights reserved			https://github.com/SourceryOne/Riddles	https://github.com/SourceryOne/Riddles	https://www.tindie.com/products/Sourcery/riddles-a-throughhole-version-of-the-mi-ripples/
NEW REPO, hardware - not in the star list; add?	Voidpulse	Betweener	Teensy based CV and MIDI interface	Proprietary	No open licence published, treat as all rights reserved			https://github.com/jkrame1/Betweener	https://github.com/jkrame1/Betweener/wiki	https://www.tindie.com/products/werlekyle/betweener-full-kit/
NEW REPO, hardware - not in the star list; add?	Winterbloom	Big Honking Button	Sample player (button / gate triggered)	Open source	Hardware CERN-OHL-P v2, panel CC BY-SA 4.0, firmware MIT	https://github.com/wntrblm/Big_Honking_Button/tree/main/hardware/board		https://github.com/wntrblm/Big_Honking_Button	https://honk.wntr.dev/	https://winterbloom.com/shop/big-honking-button/
NEW REPO, hardware - not in the star list; add?	Winterbloom	Hydrogen	Dual 1-to-4 precision buffered multiple (1U)	Open source	Hardware CERN-OHL-P v2, panel CC BY-SA 4.0, firmware MIT	https://github.com/wntrblm/Hydrogen/tree/main/hardware		https://github.com/wntrblm/Hydrogen	https://hydrogen.wntr.dev/	https://winterbloom.com/shop/hydrogen/
NEW REPO, hardware - not in the star list; add?	Winterbloom	Micronova	Miniature Eurorack power supply	Open source	Hardware CERN-OHL-P v2, panel CC BY-SA 4.0, firmware MIT	https://github.com/wntrblm/Micronova/tree/main/hardware		https://github.com/wntrblm/Micronova	https://micronova.wntr.dev/	https://winterbloom.com/shop/micronova/
NEW REPO, hardware - not in the star list; add?	aliqut	3xOsc	Triple VCO (Moritz Klein cores)	Open source	GPL-3.0 covers the firmware, no hardware licence	https://github.com/aliqut/3xosc/tree/main/KiCad/Main		https://github.com/aliqut/3xosc	https://github.com/aliqut/3xosc/blob/main/README.md	
NEW REPO, hardware - not in the star list; add?	jakplugg	µO_C (micro Ornament & Crime)	Multi-function	Open source	Original design by mxmxmx	https://github.com/jakplugg/uO_c/blob/master/Schematic%20-%20uO_c.pdf		https://github.com/jakplugg/uO_c	https://ornament-and-cri.me/build-it/	https://modularaddict.com/module-type/multiples/uoc-8hp-ornament-crime-mxmxmx
NEW REPO, hardware - not in the star list; add?	joeSeggiola	Nearness	Passive panning mixer	Proprietary	No open licence published, treat as all rights reserved	https://joeseggiola.s3.eu-west-1.amazonaws.com/eurorack-projects/nearness/nearness-schematic.pdf		https://github.com/sarnesjo/nearness		https://www.tindie.com/products/joeseggiola/nearness-minimal-panning-mixer-pcb-panel/
NEW REPO, hardware - not in the star list; add?	mxmxmx / Patrick Dowling	Ornament & Crime (o_C)	Multi-function (CV / quantizer / sequencer)	Open source	No open licence published, treat as all rights reserved	https://ornament-and-cri.me/schematic/		https://github.com/mxmxmx/O_C	https://ornament-and-cri.me/build-it/	
NEW REPO, hardware - not in the star list; add?	mxmxmx / Patrick Dowling	Temps Utile	Clock / trigger generator	Open source	No open licence published, treat as all rights reserved	https://github.com/mxmxmx/temps_utile-/tree/master/hard		https://github.com/mxmxmx/temps_utile-	https://github.com/mxmxmx/temps_utile-/wiki/build-it	
MISSED - known repo; folder has only gerber zips / schematic PDF, so module detection skipped it	Sluisbrinkie	Edison	Lo-fi record and playback module	Open source	CC BY-SA 4.0 on the design files			https://github.com/niektb/sluisbrinkie-eurorack-published	https://github.com/niektb/sluisbrinkie-eurorack-published/tree/main/Sluisbrinkie%20Edison	https://www.tindie.com/products/sluisbrinkie/sluisbrinkie-edison-diy-kit/
MISSED - known repo; folder has only gerber zips / schematic PDF, so module detection skipped it	Sluisbrinkie	Kepler	Digital voice and arpeggiator	Open source	CC BY-SA 4.0 on the design files			https://github.com/niektb/sluisbrinkie-eurorack-published	https://github.com/niektb/sluisbrinkie-eurorack-published/tree/main/Sluisbrinkie%20Kepler	https://www.tindie.com/products/sluisbrinkie/sluisbrinkie-kepler-diy-kit/
MISSED - known repo; folder has only gerber zips / schematic PDF, so module detection skipped it	diysynth	0HP stuff	Set of three 0HP passives (attenuator, mixer, multiple)	Open source	Hardware and schematics CC BY-SA 4.0			https://github.com/diysynth/EURORACK-MODULES	https://github.com/diysynth/EURORACK-MODULES/tree/main/0HP%20STUFF	
MISSED - known repo; folder has only gerber zips / schematic PDF, so module detection skipped it	diysynth	3340 VCO	Oscillator (AS3340)	Open source	Hardware and schematics CC BY-SA 4.0	https://github.com/diysynth/EURORACK-MODULES/blob/main/3340%20VCO%20(4HP)/3340_VCO_schematic.png		https://github.com/diysynth/EURORACK-MODULES	https://github.com/diysynth/EURORACK-MODULES/tree/main/3340%20VCO%20(4HP)	
MISSED - known repo; folder has only gerber zips / schematic PDF, so module detection skipped it	diysynth	ADSR	Envelope	Open source	Hardware and schematics CC BY-SA 4.0	https://github.com/diysynth/EURORACK-MODULES/blob/main/ADSR%20(4HP)/ADSR_schematic.png		https://github.com/diysynth/EURORACK-MODULES	https://github.com/diysynth/EURORACK-MODULES/tree/main/ADSR%20(4HP)	
MISSED - known repo; folder has only gerber zips / schematic PDF, so module detection skipped it	diysynth	Dual VCA	VCA	Open source	Hardware and schematics CC BY-SA 4.0	https://github.com/diysynth/EURORACK-MODULES/blob/main/DUAL%20VCA/Eurorack_VCA_schematic.png		https://github.com/diysynth/EURORACK-MODULES	https://github.com/diysynth/EURORACK-MODULES/tree/main/DUAL%20VCA	
NEW, open source - schematic on musicthing.co.uk; no GitHub repo found	Music Thing Modular	Voltages	Turing Machine looping CV expander (8 faders)	Open source	No licence published	https://www.musicthing.co.uk/collateral/Turing-Expander-Schematic-PDFs.pdf			https://www.thonk.co.uk/wp-content/uploads/2025/05/TuringMachine_Voltages_1.4.pdf	https://www.thonk.co.uk/shop/voltages-expander/
NEW REPO, check - assembly guides / documentation PDFs only; row only if a schematic is inside	Drachma mfg.	BD-606	TR-606 bass drum voice	Proprietary	No open licence published, treat as all rights reserved			https://github.com/Deadbugged/Documentation/tree/main/BD606	https://github.com/Deadbugged/Documentation/tree/main/BD606	https://www.tindie.com/products/drachma/bd-606-bass-drum-module/
NEW REPO, check - assembly guides / documentation PDFs only; row only if a schematic is inside	Drachma mfg.	HH-606	TR-606 hi-hat voice with choke	Proprietary	No open licence published, treat as all rights reserved			https://github.com/Deadbugged/Documentation/tree/main/HH606	https://github.com/Deadbugged/Documentation/tree/main/HH606	https://www.tindie.com/products/drachma/hh-606-hihat-module/
NEW REPO, check - assembly guides / documentation PDFs only; row only if a schematic is inside	Drachma mfg.	SD-606	TR-606 snare drum voice	Proprietary	No open licence published, treat as all rights reserved			https://github.com/Deadbugged/Documentation/tree/main/SD606	https://github.com/Deadbugged/Documentation/tree/main/SD606	https://www.tindie.com/products/drachma/sd-606-snare-drum-module/
NEW REPO, check - one DCO Schematic.pdf; check it is a eurorack module	luislutz	Arduino VDCO	Digital multimode oscillator	Proprietary	No open licence published, treat as all rights reserved	https://github.com/luislutz/Arduino-VDCO/blob/main/DCO%20Schematic.pdf		https://github.com/luislutz/Arduino-VDCO	https://github.com/luislutz/Arduino-VDCO/blob/main/README.md	
MISSING, vendor covered - check format (4U CGS numbering vs Elby euro)	Cat Girl Synth (CGS)	CGS29 Wave Multiplier	Wavefolder / wave multiplier	Proprietary	No open licence published, treat as all rights reserved	http://www.cgs.synth.net/modules/pic/schem_cgs29_v20_wave_multiplie.gif			http://www.elby-designs.com/webtek/cgs/cgs29/cgs29_wave_multiplier.html	https://modularaddict.com/cgs29-wave-multiplier-cat-girl-synth
MISSING, vendor covered - check format (4U CGS numbering vs Elby euro)	Cat Girl Synth (CGS)	CGS32 Infinite Melody	Semi-random stepped CV generator	Proprietary	No open licence published, treat as all rights reserved				http://www.elby-designs.com/webtek/cgs/cgs32/cgs32_infinite_melody.html	https://modularaddict.com/cgs32-infinite-melody-cat-girl-synth
MISSING, vendor covered - check format (4U CGS numbering vs Elby euro)	Cat Girl Synth (CGS)	CGS35 Synthacon VCF	Multimode voltage-controlled filter	Proprietary	No open licence published, treat as all rights reserved				http://www.elby-designs.com/webtek/cgs/cgs35/cgs35_syntha_vcf.html	https://modularaddict.com/cgs35-synthacon-vcf-cat-girl-synth
MISSING, vendor covered - not in the commercial table	AI Synthesis	AI006 Stomp Box Adapter	Guitar-pedal interface	Proprietary	No licence published	https://aisynthesis.com/wp-content/uploads/2018/12/stomp-adapter.pdf			https://aisynthesis.com/how-to-build-ai006-eurorack-send-return-module/	https://aisynthesis.com/product/ai006-eurorack-stomp-box-adapter/
MISSING, vendor covered - not in the commercial table	AI Synthesis	AI008 Matrix Mixer	4-in/3-out matrix mixer	Proprietary	No licence published	https://aisynthesis.com/wp-content/uploads/2019/08/matrix-mixer-v2.pdf			https://aisynthesis.com/how-to-build-the-ai008-diy-matrix-mixer/	https://aisynthesis.com/product/ai008-eurorack-matrix-mixer/
MISSING, vendor covered - not in the commercial table	AI Synthesis	AI012 Wave Animator	Waveform animator	Proprietary	No licence published	https://aisynthesis.com/wp-content/uploads/2023/07/AI012-DIY-Wave-Animator-Schematic.pdf			https://aisynthesis.com/diy-eurorack-wave-animator/	https://aisynthesis.com/product/ai012-eurorack-wave-animator/
MISSING, vendor covered - not in the commercial table	AI Synthesis	AI018 Stereo Matrix Mixer	Stereo matrix mixer	Proprietary	No licence published	https://aisynthesis.com/wp-content/uploads/2023/02/stereo-matrix-mixer-v1.pdf			https://aisynthesis.com/diy-stereo-matrix-mixer/	https://aisynthesis.com/product/ai018-eurorack-stereo-matrix-mixer/
MISSING, vendor covered - not in the commercial table	AI Synthesis	AI024 X Filter	OB-X-style VCF	Proprietary	No licence published	https://aisynthesis.com/wp-content/uploads/2023/12/AI012-X-VCF-Schematic.pdf			https://aisynthesis.com/diy-x-filter/	https://aisynthesis.com/product/ai024-eurorack-x-filter/
MISSING, vendor covered - not in the commercial table	Barton Musical Circuits	1Song (BMC020)	Generative voice	Proprietary	No licence published				https://www.bartonmusicalcircuits.com/1song/index.html	https://synthcube.com/barton-bmc020-1song/
MISSING, vendor covered - not in the commercial table	Barton Musical Circuits	2LFO (BMC017)	Dual LFO	Proprietary	No licence published				https://www.bartonmusicalcircuits.com/2LFO/index.html	https://synthcube.com/barton-bmc017-2lfo/
MISSING, vendor covered - not in the commercial table	Barton Musical Circuits	Midi-to-Gate (BMC024)	MIDI-to-gate	Proprietary	No licence published				https://www.bartonmusicalcircuits.com/M2G/index.html	https://synthcube.com/barton-bmc024-midi-to-gate/
MISSING, vendor covered - not in the commercial table	Barton Musical Circuits	User Writeable Quantizer (BMC009)	Programmable quantizer	Proprietary	No licence published				https://www.bartonmusicalcircuits.com/uwq/index.html	https://synthcube.com/barton-bmc009-user-writeable-quantizer/
MISSING, vendor covered - not in the commercial table	Befaco	Lunch Bus	Bus board	Proprietary	No hardware licence published	https://www.befaco.org/docs/Lunchbus/Lunchbus_V1_Schematic.pdf			https://www.befaco.org/docs/Lunchbus/Lunchbus_V1_Assembly_Manual.pdf	https://www.thonk.co.uk/shop/befaco-lunch-bus-kit/
MISSING, build guide only - in mysticcircuits/0HP_Modular Build_Instructions, no schematic/gerbers	Mystic Circuits	0HP Envelope	Inline multifunction envelope	Proprietary	No licence published				https://github.com/mysticcircuits/0HP_Modular/tree/master/Build_Instructions/0HP_Envelope	https://www.mysticcircuits.com/product/0hp-envelope-full-kit
MISSING, build guide only - in mysticcircuits/0HP_Modular Build_Instructions, no schematic/gerbers	Mystic Circuits	Blinkus	LED cross-mangler	Proprietary	No licence published				https://github.com/mysticcircuits/0HP_Modular/tree/master/Build_Instructions/0HP_Blinkus	https://www.mysticcircuits.com/product/blinkus-full-kit
MISSING, build guide only - in mysticcircuits/0HP_Modular Build_Instructions, no schematic/gerbers	Mystic Circuits	Butt0n	Inline manual gate/trigger	Proprietary	No licence published				https://github.com/mysticcircuits/0HP_Modular/tree/master/Build_Instructions/0HP_Butt0n	https://www.mysticcircuits.com/product/butt0n-full-kit
MISSING, vendor absent - sheet links a schematic	4ms	DIY Looping Delay	Looping delay	Proprietary	Firmware MIT, hardware CC BY-NC-SA (noncommercial)	https://4mscompany.com/media/LD/manual/LD-Kit-schematic.pdf			https://4mscompany.com/media/LD/manual/LD_build_guide_1.0a.pdf	https://4mscompany.com/ld.php
MISSING, vendor absent - sheet links a schematic	4ms	DIY Sampler	Stereo sampler	Proprietary	No license published	https://4mscompany.com/media/SAMPLER/manual/SAMPLER-Kit-schematic.pdf			https://4mscompany.com/media/SAMPLER/manual/SAMPLER_build_guide_1.0a.pdf	https://4mscompany.com/sampler.php
MISSING, vendor absent - sheet links a schematic	DivKid	Mutes Mk2	Manual/VC mutes	Proprietary	No open licence published, treat as all rights reserved	https://www.befaco.org/docs/Mutes/Mutes_mk2_THT_Schematic.pdf			https://www.befaco.org/docs/Mutes/Mutes_mk2_Assembly_Manual.pdf	https://www.thonk.co.uk/shop/divkid-mutes-mk2-kit/
MISSING, vendor absent - no schematic published	Ginko Synthese	Magma	Diode-bridge compressor	Proprietary	No licence published	https://www.ginkosynthese.com/_downloads/352489aad63e172e106c7230df9b57d5	no schematic in the linked documentation PDFs (9 PDFs rendered, 2026-09-26); the Magma file the sheet calls a schematic is a component placement drawing		https://www.ginkosynthese.com/_downloads/fded02ecd19739107230dc234fb68902	https://www.ginkosynthese.com/product/7328915/magma
MISSING, vendor absent - sheet links a schematic	LZX Industries	Castle 101 Quad Gate	Video-rate quad logic gate	Proprietary	No open licence published, treat as all rights reserved	https://www.lzxindustries.net/wp-content/uploads/2018/01/CASTLE_QUAD_GATE_REV-D.pdf				https://modularaddict.com/castle-101-quad-gate-pcb-panel-lzx
MISSING, vendor absent - sheet links a schematic	Moffenzeef Modular	Bad Idea #9 Power Starved Glitch Oscillator	Glitch oscillator	Proprietary	No open licence published, treat as all rights reserved	https://www.moffenzeefmodular.com/s/BADIDEA9SCHEMATIC.bmp			https://www.moffenzeefmodular.com/s/MOF-BAD-IDEA-QS.pdf	https://modularaddict.com/bad-idea-9-power-starved-glitch-oscillator-pcb-panel-moffenzeef-modular
MISSING, vendor absent - schematic published	Synthrotek	Atari Punk Console	555-based drone	Proprietary	No licence published	https://www.synthrotek.com/products/modular-circuits/modular-atari-punk-console/eurorack-atari-punk-console-schematic/	schematic page linked from the assembly instructions (2026-09-26)		https://www.synthrotek.com/kit-assembly-instructions/modular-circuit-assembly-instructions/rack-atari-punk-console-assembly-instructions/	https://www.synthrotek.com/products/modular-circuits/modular-atari-punk-console/
MISSING, vendor absent - schematic published	Synthrotek	DIRT Filter	Filter / ring-mod / distortion	Proprietary	No licence published	https://www.synthrotek.com/products/modular-circuits/dirt-filter/dirt-filter-schematic/	schematic page linked from the assembly instructions (2026-09-26)		https://www.synthrotek.com/kit-assembly-instructions/modular-circuit-assembly-instructions/dirt-filter-assembly-instructions/	https://www.synthrotek.com/products/modular-circuits/dirt-filter/
MISSING, vendor absent - schematic published	Synthrotek	ECHO	PT2399 VC delay	Proprietary	No licence published	https://www.synthrotek.com/products/modular-circuits/echo/echo-schematic/	schematic page linked from the assembly instructions (2026-09-26)		https://www.synthrotek.com/kit-assembly-instructions/modular-circuit-assembly-instructions/echo-assembly-instructions/	https://www.synthrotek.com/products/modular-circuits/echo/
MISSING, vendor absent - sheet links no schematic	4ms	Euro Atoner	Downward harmonic stepper / degrader	Proprietary	No license published				https://4mscompany.com/euroatoner.php	https://4mscompany.com/euroatoner.php
MISSING, vendor absent - no schematic published	4ms	Pingable Envelope Generator	Pingable envelope	Proprietary	MIT, including the hardware folder		build guide and kit parts PDFs have no schematic (2026-09-26); no GitHub repo found		https://www.4mspedals.com/peg/kit/build_guide_1.0.6.pdf	https://4mscompany.com/peg.php
MISSING, vendor absent - no schematic published	4ms	Quad Clock Distributor Expander	QCD expander	Proprietary	No license published		build guide and kit parts PDFs have no schematic (2026-09-26); 4ms/qcd-expander on GitHub is firmware only		https://www.4mspedals.com/QCD/kit/QCDEXP_build_guide_medres.pdf	https://4mscompany.com/qcdexp.php
MISSING, vendor absent - sheet links no schematic	4ms	RCD Breakout	RCD expander	Proprietary	Firmware MIT, hardware CC BY-NC-SA (noncommercial)				https://www.4mspedals.com/clocker/kit/scmrcd_build_guide.pdf	https://4mscompany.com/rcdbo.php
MISSING, vendor absent - sheet links no schematic	4ms	SCM Breakout	SCM expander	Proprietary	No license published				https://www.4mspedals.com/clocker/kit/scmrcd_build_guide.pdf	https://4mscompany.com/scmbo.php
MISSING, vendor absent - schematic published	CCTV.fm	Filther	Analog voltage controlled low pass filter	Proprietary	No open licence published, treat as all rights reserved	https://static.wixstatic.com/media/32cd0c_ac3cc7a0e23841a5b900c3e90fdef7e8~mv2.png	build guide page cctv.fm/post/filther-build-guide shows 'Filther v1.3 Schematic' image (2026-09-26)		https://www.cctv.fm/filther	https://www.tindie.com/products/cctv/filther-diy-eurorack-kit/
MISSING, vendor absent - no schematic published	CCTV.fm	Immutable Clouds	Granular audio processor	Proprietary	No open licence published, treat as all rights reserved		build guide page has no schematic (2026-09-26); design is a Mutable Instruments clone			https://www.cctv.fm/product-page/immutable-clouds-diy-kit-or-preassembled
MISSING, vendor absent - no schematic published	CCTV.fm	Immutable Ears	Contact-mic input / envelope follower	Proprietary	No open licence published, treat as all rights reserved		build guide page has no schematic (2026-09-26); design is a Mutable Instruments clone		https://www.cctv.fm/ears	https://www.cctv.fm/product-page/immutable-ears-diy-kit-or-preassembled
MISSING, vendor absent - no schematic published	CCTV.fm	Immutable Kinks	Utility: rectifier, logic, S&H / noise	Proprietary	No open licence published, treat as all rights reserved		build guide page has no schematic (2026-09-26); design is a Mutable Instruments clone			https://www.cctv.fm/product-page/immutable-kinks-diy-kit-or-preassembled
MISSING, vendor absent - no schematic published	CCTV.fm	Immutable Marbles	Random sampler / clock and CV generator	Proprietary	No open licence published, treat as all rights reserved		build guide page has no schematic (2026-09-26); design is a Mutable Instruments clone			https://www.cctv.fm/product-page/immutable-marbles-diy-kit-or-preassembled
MISSING, vendor absent - no schematic published	CCTV.fm	Immutable Peaks	Dual envelope / LFO / drum generator	Proprietary	No open licence published, treat as all rights reserved		build guide page has no schematic (2026-09-26); design is a Mutable Instruments clone		https://www.cctv.fm/peaks	https://www.cctv.fm/product-page/immutable-peaks-diy-kit-or-preassembled
MISSING, vendor absent - no schematic published	CCTV.fm	Immutable Plaits	Macro-oscillator voice	Proprietary	No open licence published, treat as all rights reserved		build guide page has no schematic (2026-09-26); design is a Mutable Instruments clone			https://www.cctv.fm/product-page/immutable-plaits-diy-kit-or-preassembled
MISSING, vendor absent - no schematic published	CCTV.fm	Immutable Rings	Physical-modeling resonator	Proprietary	No open licence published, treat as all rights reserved		build guide page has no schematic (2026-09-26); design is a Mutable Instruments clone			https://www.cctv.fm/product-page/immutable-rings-diy-kit-or-preassembled
MISSING, vendor absent - no schematic published	CCTV.fm	Nerve Center	Four channel DC coupled fader mixer with mutes	Proprietary	No open licence published, treat as all rights reserved		build guide page has no schematic (2026-09-26)		https://www.cctv.fm/nervecenter	https://www.tindie.com/products/cctv/nerve-center-diy-eurorack-mixer/
MISSING, vendor absent - no schematic published	CCTV.fm	Ornament and Crime v4.1	Digital multi-app CV module (Teensy 4.1)	Proprietary	No open licence published, treat as all rights reserved		build guide page has no schematic (2026-09-26)			https://www.cctv.fm/product-page/ornament-and-crime-v4-1-diy-kit
MISSING, vendor absent - no schematic published	CCTV.fm	Out	Stereo output and headphone interface	Proprietary	No open licence published, treat as all rights reserved		build guide page has no schematic (2026-09-26)		https://www.cctv.fm/out	https://www.tindie.com/products/cctv/out-diy-eurorack-kit/
MISSING, vendor absent - no schematic published	CCTV.fm	Simple Gates	Passive dual vactrol low pass gate	Proprietary	No open licence published, treat as all rights reserved		build guide says schematic and board view are at the bottom of the page, but none are there (2026-09-26)		https://www.cctv.fm/simplegates	https://www.tindie.com/products/cctv/simple-gates-diy-eurorack-kit/
MISSING, vendor absent - schematic published	David Haillant	DM77	Analog drum synth voice	Proprietary	GPL-3.0 covers the firmware, no hardware licence	https://www.davidhaillant.com/wp/wp-content/uploads/dm77-0.4b-20190606.pdf	DM77 progress post (2019) links the 0.4b schematic PDF (2026-09-26)		http://www.davidhaillant.com/category/electronic-projects/dm77/	https://www.tindie.com/products/dhaillant/dm77-eurorack-drum-module/
NEW REPO, hardware - found while checking: dhaillant/simple-lfo, KiCad, CC-BY-SA 4.0; not in the star list; add?	David Haillant	Simple LFO	Triangle and square LFO	Proprietary	GPL-3.0 covers the firmware, no hardware licence	https://www.davidhaillant.com/wp/wp-content/uploads/lfo-1.5b-20210205.pdf	product page links schematic PDF (2026-09-26); GitHub dhaillant/simple-lfo exists, not yet checked	https://github.com/dhaillant/simple-lfo	https://www.davidhaillant.com/simple-lfo-1-5/	https://www.tindie.com/products/dhaillant/simple-lfo/
NEW REPO, hardware - found while checking: dhaillant/simple-vca, KiCad, LICENSE not read yet; not in the star list; add?	David Haillant	Simple VCA	Three input voltage controlled amplifier	Proprietary	GPL-3.0 covers the firmware, no hardware licence	https://www.davidhaillant.com/wp/wp-content/uploads/simple-vca-1.0.pdf	product page links schematic PDF (2026-09-26)	https://github.com/dhaillant/simple-vca	https://www.davidhaillant.com/simple-vca/	https://www.tindie.com/products/dhaillant/simple-vca/
NEW REPO, hardware - found while checking: dhaillant/Simple-VCO, KiCad, LICENSE not read yet; not in the star list; add?	David Haillant	Simple VCO	Analog voltage controlled oscillator	Proprietary	GPL-3.0 covers the firmware, no hardware licence	https://www.davidhaillant.com/wp/wp-content/uploads/vco-1.1-schematic-2026-05-04.pdf	Simple VCO 1.1 post links schematic PDF (2026-09-26); GitHub dhaillant/Simple-VCO exists, not yet checked	https://github.com/dhaillant/Simple-VCO	http://www.davidhaillant.com/category/electronic-projects/simple/simple-vco/	https://www.tindie.com/products/dhaillant/simple-vco-beginner-friendly-diy-eurorack-vco/
MISSING, vendor absent - schematic published	Erica Synths	EDU BBD	BBD delay / flanger (educational)	Proprietary	No licence published	https://www.ericasynths.lv/service/file/download/product_id/788/file_id/563/#page=61	schematic page right after the Module Assembly Appendix of the user manual (2026-09-26; seen on VCA/VCO/VCF/Wavefolder, same layout on the rest)		https://www.thonk.co.uk/shop/erica-edu-bbd/	https://www.thonk.co.uk/shop/erica-edu-bbd/
MISSING, vendor absent - schematic published	Erica Synths	EDU Compressor	Compressor (educational)	Proprietary	No licence published	https://www.ericasynths.lv/service/file/download/product_id/790/file_id/484/#page=57	schematic page right after the Module Assembly Appendix of the user manual (2026-09-26; seen on VCA/VCO/VCF/Wavefolder, same layout on the rest)		https://www.thonk.co.uk/shop/erica-synths-compressor/	https://www.thonk.co.uk/shop/erica-synths-compressor/
MISSING, vendor absent - schematic published	Erica Synths	EDU EG	Envelope (educational)	Proprietary	No licence published	https://www.ericasynths.lv/service/file/download/product_id/794/file_id/439/#page=42	schematic page right after the Module Assembly Appendix of the user manual (2026-09-26; seen on VCA/VCO/VCF/Wavefolder, same layout on the rest)		https://www.thonk.co.uk/shop/mki-erica-synths-edu-eg-kit/	https://www.thonk.co.uk/shop/mki-erica-synths-edu-eg-kit/
MISSING, vendor absent - schematic published	Erica Synths	EDU Kick Drum	Kick drum (educational)	Proprietary	No licence published	https://www.ericasynths.lv/service/file/download/product_id/800/file_id/491/#page=50	schematic page right after the Module Assembly Appendix of the user manual (2026-09-26; seen on VCA/VCO/VCF/Wavefolder, same layout on the rest)		https://www.thonk.co.uk/shop/mki-erica-edu-kickdrum/	https://www.thonk.co.uk/shop/mki-erica-edu-kickdrum/
MISSING, vendor absent - schematic published	Erica Synths	EDU Mixer	Mixer (educational)	Proprietary	No licence published	https://www.ericasynths.lv/service/file/download/product_id/809/file_id/453/#page=37	schematic page right after the Module Assembly Appendix of the user manual (2026-09-26; seen on VCA/VCO/VCF/Wavefolder, same layout on the rest)		https://www.thonk.co.uk/shop/erica-edu-mixer/	https://www.thonk.co.uk/shop/erica-edu-mixer/
MISSING, vendor absent - no schematic published	Erica Synths	EDU Noise / S&H	Noise + sample & hold (educational)	Proprietary	No licence published		user manual on the product page is 1 page with no schematic (2026-09-26)		https://www.thonk.co.uk/shop/erica-edu-sample-and-hold/	https://www.thonk.co.uk/shop/erica-edu-sample-and-hold/
MISSING, vendor absent - schematic published	Erica Synths	EDU Output	Output (educational)	Proprietary	No licence published	https://www.ericasynths.lv/service/file/download/product_id/815/file_id/466/#page=3	vector-drawing page 3 of the user manual, probably the schematic; not looked at (2026-09-26)		https://www.thonk.co.uk/shop/mki-erica-synths-edu-output/	https://www.thonk.co.uk/shop/mki-erica-synths-edu-output/
MISSING, vendor absent - schematic published	Erica Synths	EDU Sequencer	Sequencer (educational)	Proprietary	No licence published	https://www.ericasynths.lv/service/file/download/product_id/817/file_id/452/#page=52	schematic page right after the Module Assembly Appendix of the user manual (2026-09-26; seen on VCA/VCO/VCF/Wavefolder, same layout on the rest)		https://www.thonk.co.uk/shop/mki-erica-synths-sequencer/	https://www.thonk.co.uk/shop/mki-erica-synths-sequencer/
MISSING, vendor absent - schematic published	Erica Synths	EDU VCA	Dual VCA (linear / exponential)	Proprietary	No licence published	https://www.ericasynths.lv/service/file/download/product_id/821/file_id/433/#page=47	schematic page right after the Module Assembly Appendix of the user manual (2026-09-26; seen on VCA/VCO/VCF/Wavefolder, same layout on the rest)		https://www.thonk.co.uk/shop/mki-erica-synths-edu-vca-full-diy-kit/	https://www.thonk.co.uk/shop/mki-erica-synths-edu-vca-full-diy-kit/
MISSING, vendor absent - schematic published	Erica Synths	EDU VCF	Filter (educational)	Proprietary	No licence published	https://www.ericasynths.lv/service/file/download/product_id/823/file_id/450/#page=61	schematic page right after the Module Assembly Appendix of the user manual (2026-09-26; seen on VCA/VCO/VCF/Wavefolder, same layout on the rest)		https://www.thonk.co.uk/shop/mki-erica-synths-edu-vcf/	https://www.thonk.co.uk/shop/mki-erica-synths-edu-vcf/
MISSING, vendor absent - schematic published	Erica Synths	EDU VCO	Analog VCO (educational)	Proprietary	No licence published	https://www.ericasynths.lv/service/file/download/product_id/825/file_id/431/#page=49	schematic page right after the Module Assembly Appendix of the user manual (2026-09-26; seen on VCA/VCO/VCF/Wavefolder, same layout on the rest)		https://www.thonk.co.uk/shop/erica-edu-vco/	https://www.thonk.co.uk/shop/erica-edu-vco/
MISSING, vendor absent - schematic published	Erica Synths	EDU Wavefolder	Wavefolder (educational)	Proprietary	No licence published	https://www.ericasynths.lv/service/file/download/product_id/827/file_id/469/#page=46	schematic page right after the Module Assembly Appendix of the user manual (2026-09-26; seen on VCA/VCO/VCF/Wavefolder, same layout on the rest)		https://www.thonk.co.uk/shop/mki-erica-synths-edu-wavefolder/	https://www.thonk.co.uk/shop/mki-erica-synths-edu-wavefolder/
MISSING, vendor absent - not checked	Frequency Central	CEMosc	CEM3340 VCO	Proprietary	No licence published		not checked: frequencycentral.co.uk shows a Cloudflare bot check (2026-09-26)		https://frequencycentral.co.uk/product/cemosc/	https://frequencycentral.co.uk/product/cemosc/
MISSING, vendor absent - not checked	Frequency Central	Cosmic Background	Analogue drum voice	Proprietary	No licence published		not checked: frequencycentral.co.uk shows a Cloudflare bot check (2026-09-26)		https://frequencycentral.co.uk/product/cosmic-background/	https://frequencycentral.co.uk/product/cosmic-background/
MISSING, vendor absent - not checked	Frequency Central	Dual XVCA	Roland 100M dual VCA	Proprietary	No licence published		not checked: frequencycentral.co.uk shows a Cloudflare bot check (2026-09-26)		https://frequencycentral.co.uk/product/dual-xvca/	https://frequencycentral.co.uk/product/dual-xvca/
MISSING, vendor absent - not checked	Frequency Central	Logic Bomb	Dual CV-addressable Boolean logic	Proprietary	No licence published		not checked: frequencycentral.co.uk shows a Cloudflare bot check (2026-09-26)		https://frequencycentral.co.uk/product/logic-bomb/	https://frequencycentral.co.uk/product/logic-bomb/
MISSING, vendor absent - not checked	Frequency Central	Raging Bull 3.0	Moog Taurus-based VCF + VCA	Proprietary	No licence published		not checked: frequencycentral.co.uk shows a Cloudflare bot check (2026-09-26)		https://frequencycentral.co.uk/product/raging-bull-3/	https://frequencycentral.co.uk/product/raging-bull-3/
MISSING, vendor absent - not checked	Frequency Central	Stasis Leak	DSP chorus / delay / reverb	Proprietary	No licence published		not checked: frequencycentral.co.uk shows a Cloudflare bot check (2026-09-26)		https://frequencycentral.co.uk/product/stasis-leak/	https://frequencycentral.co.uk/product/stasis-leak/
MISSING, vendor absent - not checked	Frequency Central	Strips	4-channel VCA mixer	Proprietary	No licence published		not checked: frequencycentral.co.uk shows a Cloudflare bot check (2026-09-26)		https://frequencycentral.co.uk/product/strips-4-channel-vca-mixer/	https://frequencycentral.co.uk/product/strips-4-channel-vca-mixer/
MISSING, vendor absent - not checked	Frequency Central	System X Envelope	Roland 100M ADSR	Proprietary	No licence published		not checked: frequencycentral.co.uk shows a Cloudflare bot check (2026-09-26)		https://frequencycentral.co.uk/product/system-x-envelope/	https://frequencycentral.co.uk/product/system-x-envelope/
MISSING, vendor absent - not checked	Frequency Central	Tempograf	Tap-tempo clock	Proprietary	No licence published		not checked: frequencycentral.co.uk shows a Cloudflare bot check (2026-09-26)		https://frequencycentral.co.uk/product/tempograf/	https://frequencycentral.co.uk/product/tempograf/
MISSING, vendor absent - not checked	Frequency Central	Wave Runner	Digital multi-wave LFO (Electric Druid TAPLFO)	Proprietary	No licence published		not checked: frequencycentral.co.uk shows a Cloudflare bot check (2026-09-26)		https://frequencycentral.co.uk/product/wave-runner/	https://frequencycentral.co.uk/product/wave-runner/
MISSING, vendor absent - not checked	Frequency Central	XVCF TWO	Roland 100M state-variable VCF	Proprietary	No licence published		not checked: frequencycentral.co.uk shows a Cloudflare bot check (2026-09-26)		https://frequencycentral.co.uk/product/xvcf-two/	https://frequencycentral.co.uk/product/xvcf-two/
MISSING, vendor absent - not checked	Frequency Central	XVCO TWO	Roland 100M VCO (System X)	Proprietary	No licence published		not checked: frequencycentral.co.uk shows a Cloudflare bot check (2026-09-26)		https://frequencycentral.co.uk/product/xvco-two/	https://frequencycentral.co.uk/product/xvco-two/
MISSING, vendor absent - no schematic published	Ginko Synthese	Battle	CV performance mixer	Proprietary	No licence published		no schematic in the linked documentation PDFs (9 PDFs rendered, 2026-09-26); the Magma file the sheet calls a schematic is a component placement drawing		https://www.ginkosynthese.com/_downloads/8dc9a960b25b9e7b11a1749dce5573c3	https://www.ginkosynthese.com/product/2463866/battle-assembled
MISSING, vendor absent - no schematic published	Ginko Synthese	EZSQ	8-step sequencer	Proprietary	No licence published		no schematic in the linked documentation PDFs (9 PDFs rendered, 2026-09-26); the Magma file the sheet calls a schematic is a component placement drawing		https://www.ginkosynthese.com/_downloads/3a8649adc07d4f26f0d512a83ef076fd	https://www.ginkosynthese.com/product/586916/ezsq-assembled
MISSING, vendor absent - no schematic published	Ginko Synthese	Grains	Arduino granular / multi-mode osc	Proprietary	No licence published		no schematic in the linked documentation PDFs (9 PDFs rendered, 2026-09-26); the Magma file the sheet calls a schematic is a component placement drawing		https://www.ginkosynthese.com/_downloads/ef8663e93075f150ecfecd7a95fd41ca	https://www.ginkosynthese.com/product/586901/grains-diy-kit-black
MISSING, vendor absent - no schematic published	Ginko Synthese	Little Synth	Pocket CV/gate voice	Proprietary	No licence published		no schematic in the linked documentation PDFs (9 PDFs rendered, 2026-09-26); the Magma file the sheet calls a schematic is a component placement drawing		https://www.ginkosynthese.com/product/1114452/little-synth-diy-kit	https://www.ginkosynthese.com/product/1114452/little-synth-diy-kit
MISSING, vendor absent - no schematic published	Ginko Synthese	Sampleslicer mkII	Realtime sample-slice sequencer	Proprietary	No licence published		no schematic in the linked documentation PDFs (9 PDFs rendered, 2026-09-26); the Magma file the sheet calls a schematic is a component placement drawing		https://www.ginkosynthese.com/_downloads/5fe29649a1e58a1b0d7b83beb6dd78b5	https://www.ginkosynthese.com/product/555340/sampleslicer-mkii-assembled
MISSING, vendor absent - no schematic published	Ginko Synthese	Seeds	8-bit oscillator / voice	Proprietary	No licence published		no schematic in the linked documentation PDFs (9 PDFs rendered, 2026-09-26); the Magma file the sheet calls a schematic is a component placement drawing		https://www.ginkosynthese.com/_downloads/141f5e878878fc4cbc1dbf9324af8bda	https://www.ginkosynthese.com/product/1070475/seeds-diy-kit
MISSING, vendor absent - no schematic published	Ginko Synthese	TTLFO v2	Tap-tempo LFO	Proprietary	No licence published		no schematic in the linked documentation PDFs (9 PDFs rendered, 2026-09-26); the Magma file the sheet calls a schematic is a component placement drawing		https://www.ginkosynthese.com/_downloads/71e89ab07dd96e555247357e59d72473	https://www.ginkosynthese.com/product/555756/ttlfov2-assembled
MISSING, vendor absent - no schematic published	Ginko Synthese	Voltage Runner	Complex sequencer	Proprietary	No licence published		no schematic in the linked documentation PDFs (9 PDFs rendered, 2026-09-26); the Magma file the sheet calls a schematic is a component placement drawing		https://www.ginkosynthese.com/_downloads/3afae1059b8f1dfd0bf02a46cd493cb4	https://www.ginkosynthese.com/product/823745/voltage-runner-assembled
MISSING, vendor absent - schematic published	Hack Modular	1201 Bandpass Filter	Voltage controlled high and low pass filter pair	Proprietary	No open licence published, treat as all rights reserved	https://drive.google.com/drive/folders/1-7rXBOYkWIjv_i47lSmHwFAvrvJcoCgi	Drive folder holds '1201 BPF Schematic.pdf' (2026-09-26)		https://drive.google.com/drive/folders/1-7rXBOYkWIjv_i47lSmHwFAvrvJcoCgi	https://www.tindie.com/products/hackmodular/1201-bandpass-filter-eurorack-synthesizer-module/
MISSING, vendor absent - schematic published	Hack Modular	Quad 2-Input Logic Gates	Four channel logic gate utility	Proprietary	No open licence published, treat as all rights reserved	https://drive.google.com/drive/folders/1SzooZhFYZvZfBG2Upi1eZgHTSwQ4l0SQ	Drive folder holds 'Logic Gates Schematic.pdf' (2026-09-26)		https://drive.google.com/drive/folders/1SzooZhFYZvZfBG2Upi1eZgHTSwQ4l0SQ	https://www.tindie.com/products/hackmodular/quad-2-input-logic-gates-partial-diy-kit/
MISSING, vendor absent - no schematic published	HexInverter Electronique	Jupiter Storm	Cosmic noise and square-wave source	Proprietary	No open licence published, treat as all rights reserved		assembly manual has no schematic section (text check of the PDF, 2026-09-26)		http://data.hexinverter.net/Jupiter%20Storm_ASSEMBLY%20MANUAL_v1.pdf	https://modularaddict.com/jupiter-storm-pcb-panel-set-hexinverter-electronique
MISSING, vendor absent - not checked	HexInverter Electronique	Mutant Snare	Analog snare drum voice	Proprietary	No open licence published, treat as all rights reserved		not checked: build guide is a Google Drive file (2026-09-26)		https://drive.google.com/file/d/1UVI75z7o-4bZVrCLd33ShFFP5Q0C0KHc/view?usp=sharing	https://modularaddict.com/mutant-snare-panel-pcb-hexinverter-electronique
MISSING, vendor absent - schematic published (BOM/schematic PDFs on isaacbeers.square.site)	Isaac Beers	2P4T Analogue Switch	2-pole 4-throw binary-addressed analog switch	Proprietary	No licence published	https://isaacbeers.square.site/uploads/b/a029a0b0-d7a4-11ed-a402-c9f57f4c154c/BEERS-2P4T-BOM+schem.pdf	product page links it as schematic (2026-09-26)			https://isaacbeers.square.site/product/2P4T/11
MISSING, vendor absent - schematic published (BOM/schematic PDFs on isaacbeers.square.site)	Isaac Beers	3P2T Analogue Switch	3-pole 2-throw analog switch	Proprietary	No licence published	https://isaacbeers.square.site/uploads/b/a029a0b0-d7a4-11ed-a402-c9f57f4c154c/BEERS-3P2T-BOM-schem.pdf	product page links it as schematic (2026-09-26)			https://isaacbeers.square.site/product/3P2T/12
MISSING, vendor absent - schematic published (BOM/schematic PDFs on isaacbeers.square.site)	Isaac Beers	4013 Dual Flip-Flop	Dual D-type flip-flop / clock divider	Proprietary	No licence published	https://isaacbeers.square.site/uploads/b/a029a0b0-d7a4-11ed-a402-c9f57f4c154c/BEERS-4013-schem.pdf	product page links it as schematic (2026-09-26)			https://isaacbeers.square.site/product/4013/3
MISSING, vendor absent - schematic published (BOM/schematic PDFs on isaacbeers.square.site)	Isaac Beers	4029 Presettable Counter	CMOS presettable up/down counter	Proprietary	No licence published	https://isaacbeers.square.site/uploads/b/a029a0b0-d7a4-11ed-a402-c9f57f4c154c/BEERS-4029-schem.pdf	product page links it as schematic (2026-09-26)			https://isaacbeers.square.site/product/4029/6
MISSING, vendor absent - schematic published (BOM/schematic PDFs on isaacbeers.square.site)	Isaac Beers	4047VCO	Gateable triangle-core VCO	Proprietary	No licence published	https://isaacbeers.square.site/uploads/b/a029a0b0-d7a4-11ed-a402-c9f57f4c154c/BEERS-4047VCO-schem.pdf	product page links it as schematic (2026-09-26)			https://isaacbeers.square.site/product/4047VCO/9
MISSING, vendor absent - schematic published (BOM/schematic PDFs on isaacbeers.square.site)	Isaac Beers	ADC Bar Graph, Multiplexer, Binary Encoder	Analog-to-gate converter with bar graph, mux and encoder	Proprietary	No licence published	https://isaacbeers.square.site/uploads/b/a029a0b0-d7a4-11ed-a402-c9f57f4c154c/BEERS-ADC-schem.pdf	product page links it as schematic (2026-09-26)			https://isaacbeers.square.site/product/adc/5
MISSING, vendor absent - schematic published (BOM/schematic PDFs on isaacbeers.square.site)	Isaac Beers	AND/OR	Boolean logic (AND/OR/NAND/NOR)	Proprietary	No licence published	https://isaacbeers.square.site/uploads/b/a029a0b0-d7a4-11ed-a402-c9f57f4c154c/BEERS-ANDOR-schem.pdf	product page links it as schematic (2026-09-26)			https://isaacbeers.square.site/product/and-or/4
MISSING, vendor absent - schematic published (BOM/schematic PDFs on isaacbeers.square.site)	Isaac Beers	DAC Transposer/Sequencer	Analog 1V/oct DAC transposer and precision adder	Proprietary	No licence published	https://isaacbeers.square.site/uploads/b/a029a0b0-d7a4-11ed-a402-c9f57f4c154c/BEERS-DAC-schem1.pdf	product page links it as schematic (2026-09-26)			https://isaacbeers.square.site/product/dac/1
MISSING, vendor absent - schematic published (BOM/schematic PDFs on isaacbeers.square.site)	Isaac Beers	Dual VCA/Four Quadrant Multiplier	Dual VCA / four-quadrant multiplier	Proprietary	No licence published	https://isaacbeers.square.site/uploads/b/a029a0b0-d7a4-11ed-a402-c9f57f4c154c/BEERS-VCA4QM-schem1.pdf	product page links it as schematic (2026-09-26)			https://isaacbeers.square.site/product/VCA4QM/14
MISSING, vendor absent - schematic published (BOM/schematic PDFs on isaacbeers.square.site)	Isaac Beers	Edge Detector 12HP	8-channel edge detector with adjustable pulse length	Proprietary	No licence published	https://isaacbeers.square.site/uploads/b/a029a0b0-d7a4-11ed-a402-c9f57f4c154c/BEERS-edgedetect12hp-BOMschem.pdf	product page links it as schematic (2026-09-26)			https://isaacbeers.square.site/product/edge-detector-12hp/19
MISSING, vendor absent - schematic published (BOM/schematic PDFs on isaacbeers.square.site)	Isaac Beers	Edge Detector 8HP	8-channel gate-to-trigger edge detector	Proprietary	No licence published	https://isaacbeers.square.site/uploads/b/a029a0b0-d7a4-11ed-a402-c9f57f4c154c/BEERS-edgedetect8hp-BOMschem.pdf	product page links it as schematic (2026-09-26)			https://isaacbeers.square.site/product/edge-detector-8hp/20
MISSING, vendor absent - schematic published (BOM/schematic PDFs on isaacbeers.square.site)	Isaac Beers	Envelope Generator	Dual AD/AR envelope generator	Proprietary	No licence published	https://isaacbeers.square.site/uploads/b/a029a0b0-d7a4-11ed-a402-c9f57f4c154c/BEERS-envgen-schem1.pdf	product page links it as schematic (2026-09-26)			https://isaacbeers.square.site/product/envelope-generator/17
MISSING, vendor absent - schematic published (BOM/schematic PDFs on isaacbeers.square.site)	Isaac Beers	Melakarta Transposer/Sequencer	Analog raga transposer / sequencer	Proprietary	No licence published	https://isaacbeers.square.site/uploads/b/a029a0b0-d7a4-11ed-a402-c9f57f4c154c/BEERS-Melakarta-BOM-schem_Mzk0ND.pdf	product page links it as schematic (2026-09-26)			https://isaacbeers.square.site/product/melakarta-transposer-sequencer/15
MISSING, vendor absent - schematic published (BOM/schematic PDFs on isaacbeers.square.site)	Isaac Beers	Noise V2	Dual noise source with VCAs	Proprietary	No licence published	https://isaacbeers.square.site/uploads/b/a029a0b0-d7a4-11ed-a402-c9f57f4c154c/BEERS-NOISE-schem.pdf	product page links it as schematic (2026-09-26)			https://isaacbeers.square.site/product/NOISE/16
MISSING, vendor absent - schematic published (BOM/schematic PDFs on isaacbeers.square.site)	Isaac Beers	Summer	Dual 4-input summing mixer	Proprietary	No licence published	https://isaacbeers.square.site/uploads/b/a029a0b0-d7a4-11ed-a402-c9f57f4c154c/BEERS-SUMMER-schem.pdf	product page links it as schematic (2026-09-26)			https://isaacbeers.square.site/product/summer/7
MISSING, vendor absent - schematic published (BOM/schematic PDFs on isaacbeers.square.site)	Isaac Beers	XOR	Quad exclusive-OR logic	Proprietary	No licence published	https://isaacbeers.square.site/uploads/b/a029a0b0-d7a4-11ed-a402-c9f57f4c154c/BEERS-XOR-schem.pdf	product page links it as schematic (2026-09-26)			https://isaacbeers.square.site/product/XOR/8
MISSING, vendor absent - sheet links no schematic	Meng Qi	Grassi	Touch-controlled synth voice	Proprietary	No open licence published, treat as all rights reserved					https://modularaddict.com/grassi-touch-controlled-synth-voice-pcb-meng-qi
MISSING, vendor absent - sheet links no schematic	Molten Modular	Molten Bypass	Bypass / insert	Proprietary	No open licence published, treat as all rights reserved				https://befaco.org/docs/Bypass/BYPASS_V1_Assembly_Manual.pdf	https://www.thonk.co.uk/shop/molten-bypass/
MISSING, vendor absent - sheet links no schematic	Molten Modular	Motion MTR 1U	Meter (Intellijel 1U)	Proprietary	No open licence published, treat as all rights reserved				https://befaco.org/docs/Motion_MTR/1U_Motion_MTR_V1_Assembly_Manual.pdf	https://www.thonk.co.uk/shop/molten-motion-meter-1u/
MISSING, vendor absent - no schematic published	Neutral Labs	Elmyra 2	Digital and analog hybrid four-voice drone synth and microtonal platform	Proprietary	No hardware licence published		no schematic: downloads page has manuals, HW v3 build guide, firmware; build guide rendered, no schematic page (2026-09-26)			https://neutral-labs.com/elmyra2
MISSING, vendor absent - no schematic published	Neutral Labs	Luna	Touchpad logic and gate source, 42 HP Eurorack or desktop	Proprietary	No hardware licence published		no schematic: downloads page has manual, build guide, firmware; build guide rendered, no schematic page (2026-09-26)		https://neutral-labs.com/luna	https://neutral-labs.com/luna
MISSING, vendor absent - schematic published	Neutral Labs	Meg	Waveshaper that adds pulse-width-style shaping to any wave	Proprietary	No hardware licence published	https://neutral-labs.com/sb/meg-downloads/Meg-v1.1-schematic.jpg	product page links v1.1 schematic (2026-09-26)		https://neutral-labs.com/sb/meg-downloads/Meg-v1.1-build-guide.pdf	https://neutral-labs.com/meg
MISSING, vendor absent - schematic published	Neutral Labs	Nermal	Modulated destructive distortion	Proprietary	No hardware licence published	https://neutral-labs.com/sb/nermal-downloads/nermal-v1.1-schematic.png	product page links v1.1 schematic (2026-09-26)		https://neutral-labs.com/sb/nermal-downloads/Nermal-v1.1-build-guide.pdf	https://neutral-labs.com/nermal
MISSING, vendor absent - schematic published	Neutral Labs	Nijel	User-customizable diode distortion	Proprietary	No hardware licence published	https://neutral-labs.com/sb/nijel-downloads/Nijel-v1.1-schematic.jpg	product page links v1.1 schematic, plus Nuts board schematic (2026-09-26)		https://neutral-labs.com/sb/nijel-downloads/Nijel-v1.1-build-guide.pdf	https://neutral-labs.com/nijel
MISSING, vendor absent - schematic published	Neutral Labs	Scrat Configurable VCF	Configurable multimode VCF	Proprietary	No hardware licence published	https://neutral-labs.com/sb/scrat-downloads/scrat-v1.1-schematic.jpg	product page links v1.1 schematic, plus Nuts board schematic (2026-09-26)		https://neutral-labs.com/sb/scrat-downloads/Scrat-v1.1-build-guide.pdf	https://modularaddict.com/scrat-configurable-vcf-neutral-labs
MISSING, vendor absent - no schematic published	Neutral Labs	Scrooge	Sequenced malfunction generator, 42 HP	Proprietary	No hardware licence published		no schematic: downloads page has manuals, build guides, firmware; v3 build guide rendered, no schematic page (2026-09-26)		https://neutral-labs.com/scrooge	https://neutral-labs.com/scrooge
MISSING, vendor absent - no schematic published	Synthrotek	DS-M Drum Synth	Analog drum voice / mono synth	Proprietary	No licence published		no schematic link in the assembly instructions or the site schematic menu (2026-09-26)		https://www.synthrotek.com/kit-assembly-instructions/modular-circuit-assembly-instructions/ds-m-assembly-instructions/	https://www.synthrotek.com/products/modular-circuits/ds-m-drum-synth-module/
MISSING, vendor absent - no schematic published	Synthrotek	MST 4-Channel Mixer	4-channel audio/CV mixer	Proprietary	No licence published		no schematic link in the assembly instructions or the site schematic menu (2026-09-26)		https://www.synthrotek.com/kit-assembly-instructions/mst-eurorack-modular-assembly-instructions/mst-audio-cv-mutable-mixer-instructions/	https://www.synthrotek.com/products/mst-eurorack-modules/mst-4-channel-audio-cv-mixer/
MISSING, vendor absent - no schematic published	Synthrotek	MST Dual 2164 VCA	Precision dual VCA	Proprietary	No licence published		no schematic link in the assembly instructions or the site schematic menu (2026-09-26)		https://www.synthrotek.com/kit-assembly-instructions/mst-eurorack-modular-assembly-instructions/mst-dual-2164-vca-instructions/	https://www.synthrotek.com/products/mst-eurorack-modules/mst-dual-2164-vca/
MISSING, vendor absent - no schematic published	Synthrotek	MST VC Low Pass Filter	2/4-pole VCF	Proprietary	No licence published		no schematic link in the assembly instructions or the site schematic menu (2026-09-26)		https://www.synthrotek.com/kit-assembly-instructions/mst-eurorack-modular-assembly-instructions/mst-vc-low-pass-filter-instructions/	https://www.synthrotek.com/products/mst-eurorack-modules/mst-vc-low-pass-filter/
MISSING, vendor absent - no schematic published	Synthrotek	MST VCO	Analog VCO (Mattson)	Proprietary	No licence published		no schematic link in the assembly instructions or the site schematic menu (2026-09-26)		https://www.synthrotek.com/kit-assembly-instructions/mst-eurorack-modular-assembly-instructions/mst-vco-assembly-instructions/	https://www.synthrotek.com/products/mst-eurorack-modules/mst-voltage-controlled-oscillator/
MISSING, vendor absent - schematic published	Synthrotek	Sequence 8	8-step sequencer	Proprietary	No licence published	http://www.synthrotek.com/wp-content/uploads/2014/04/Sequence_8_Schematic.pdf	schematic PDF linked from the assembly instructions (2026-09-26)		https://www.synthrotek.com/kit-assembly-instructions/modular-circuit-assembly-instructions/sequence-8-assembly-instructions/	https://www.synthrotek.com/products/modular-circuits/sequence-8/
MISSING, vendor absent - no schematic published	Synthrotek	VCO	CEM3340 analog VCO	Proprietary	No licence published		no schematic link in the assembly instructions or the site schematic menu (2026-09-26)		https://www.synthrotek.com/kit-assembly-instructions/modular-circuit-assembly-instructions/vco-assembly-instructions/	https://www.synthrotek.com/products/modular-circuits/vco/
MISSING, vendor absent - no schematic published	WGD Modular	absinthe	Introducing absinthe: a DIY Eurorack module that brings the vintage charm of tubes to your modular setup	Proprietary	No licence published		no schematic on any module page or BOM page (85 wgdmodular.de module pages + their BOM pages searched for schematic/pdf/gerber/kicad, 2026-09-26); peach says it uses HAGIWO's open schematics		https://wgdmodular.de/module/absinthe/	
MISSING, vendor absent - no schematic published	WGD Modular	aligot	Inspired by the idea of macro controllers - aligot contains four channels off attenuverting and offset with a	Proprietary	No licence published		no schematic on any module page or BOM page (85 wgdmodular.de module pages + their BOM pages searched for schematic/pdf/gerber/kicad, 2026-09-26); peach says it uses HAGIWO's open schematics		https://wgdmodular.de/module/aligot/	
MISSING, vendor absent - no schematic published	WGD Modular	apple pie	A dual generative sequencer inspired by the famous turing machine	Proprietary	No licence published		no schematic on any module page or BOM page (85 wgdmodular.de module pages + their BOM pages searched for schematic/pdf/gerber/kicad, 2026-09-26); peach says it uses HAGIWO's open schematics		https://wgdmodular.de/module/apple-pie/	
MISSING, vendor absent - no schematic published	WGD Modular	aranciata	Aranciata 🍊 , Stereo Mixer (8HP)	Proprietary	No licence published		no schematic on any module page or BOM page (85 wgdmodular.de module pages + their BOM pages searched for schematic/pdf/gerber/kicad, 2026-09-26); peach says it uses HAGIWO's open schematics		https://wgdmodular.de/module/aranciata/	
MISSING, vendor absent - no schematic published	WGD Modular	bagels	A dual voltage source and attenuater inspired by the mtm control and motion mtr by molten and befaco	Proprietary	No licence published		no schematic on any module page or BOM page (85 wgdmodular.de module pages + their BOM pages searched for schematic/pdf/gerber/kicad, 2026-09-26); peach says it uses HAGIWO's open schematics		https://wgdmodular.de/module/bagels/	
MISSING, vendor absent - no schematic published	WGD Modular	banana	Banana is a Eurorack module that makes generating chords super easy	Proprietary	No licence published		no schematic on any module page or BOM page (85 wgdmodular.de module pages + their BOM pages searched for schematic/pdf/gerber/kicad, 2026-09-26); peach says it uses HAGIWO's open schematics		https://wgdmodular.de/module/banana/	
MISSING, vendor absent - no schematic published	WGD Modular	bouillabaisse	A passive low pass gate with an optional 0hp front panel	Proprietary	No licence published		no schematic on any module page or BOM page (85 wgdmodular.de module pages + their BOM pages searched for schematic/pdf/gerber/kicad, 2026-09-26); peach says it uses HAGIWO's open schematics		https://wgdmodular.de/module/bouillabaisse/	
MISSING, vendor absent - no schematic published	WGD Modular	bratwurst	A 6hp filter with a highpass, bandpass and lowpass output	Proprietary	No licence published		no schematic on any module page or BOM page (85 wgdmodular.de module pages + their BOM pages searched for schematic/pdf/gerber/kicad, 2026-09-26); peach says it uses HAGIWO's open schematics		https://wgdmodular.de/module/bratwurst/	
MISSING, vendor absent - no schematic published	WGD Modular	cavatelli	A buffered multiple in only 8hp	Proprietary	No licence published		no schematic on any module page or BOM page (85 wgdmodular.de module pages + their BOM pages searched for schematic/pdf/gerber/kicad, 2026-09-26); peach says it uses HAGIWO's open schematics		https://wgdmodular.de/module/cavatelli/	
MISSING, vendor absent - no schematic published	WGD Modular	cherry	Cherry is a Eurorack module that offers a unique twist on the classic VCO design	Proprietary	No licence published		no schematic on any module page or BOM page (85 wgdmodular.de module pages + their BOM pages searched for schematic/pdf/gerber/kicad, 2026-09-26); peach says it uses HAGIWO's open schematics		https://wgdmodular.de/module/cherry/	
MISSING, vendor absent - no schematic published	WGD Modular	chia	Based on an xiao seeed	Proprietary	No licence published		no schematic on any module page or BOM page (85 wgdmodular.de module pages + their BOM pages searched for schematic/pdf/gerber/kicad, 2026-09-26); peach says it uses HAGIWO's open schematics		https://wgdmodular.de/module/chia/	
MISSING, vendor absent - no schematic published	WGD Modular	cilantro	A simple triangle LFO in 1U with super slow cycle times	Proprietary	No licence published		no schematic on any module page or BOM page (85 wgdmodular.de module pages + their BOM pages searched for schematic/pdf/gerber/kicad, 2026-09-26); peach says it uses HAGIWO's open schematics		https://wgdmodular.de/module/cilantro/	
MISSING, vendor absent - no schematic published	WGD Modular	cumin	A simple through hole LFO specifically made as a very beginner project	Proprietary	No licence published		no schematic on any module page or BOM page (85 wgdmodular.de module pages + their BOM pages searched for schematic/pdf/gerber/kicad, 2026-09-26); peach says it uses HAGIWO's open schematics		https://wgdmodular.de/module/cumin/	
MISSING, vendor absent - no schematic published	WGD Modular	curry	A quad LFO with individual speed and shape control for each channel as well as bipolar led indication for each	Proprietary	No licence published		no schematic on any module page or BOM page (85 wgdmodular.de module pages + their BOM pages searched for schematic/pdf/gerber/kicad, 2026-09-26); peach says it uses HAGIWO's open schematics		https://wgdmodular.de/module/curry/	
MISSING, vendor absent - no schematic published	WGD Modular	egg	A passive multiple with eight jacks fitted into 2hp	Proprietary	No licence published		no schematic on any module page or BOM page (85 wgdmodular.de module pages + their BOM pages searched for schematic/pdf/gerber/kicad, 2026-09-26); peach says it uses HAGIWO's open schematics		https://wgdmodular.de/module/egg/	
MISSING, vendor absent - no schematic published	WGD Modular	farfalle	A simple switches multiple that also works passive without any power	Proprietary	No licence published		no schematic on any module page or BOM page (85 wgdmodular.de module pages + their BOM pages searched for schematic/pdf/gerber/kicad, 2026-09-26); peach says it uses HAGIWO's open schematics		https://wgdmodular.de/module/farfalle/	
MISSING, vendor absent - no schematic published	WGD Modular	fir	A 3hp holiday special 3u adaption of	Proprietary	No licence published		no schematic on any module page or BOM page (85 wgdmodular.de module pages + their BOM pages searched for schematic/pdf/gerber/kicad, 2026-09-26); peach says it uses HAGIWO's open schematics		https://wgdmodular.de/module/fir/	
MISSING, vendor absent - no schematic published	WGD Modular	focaccia	Focaccia is a compact utility module that combines a voltage-controlled slew limiter and a built-in VCA	Proprietary	No licence published		no schematic on any module page or BOM page (85 wgdmodular.de module pages + their BOM pages searched for schematic/pdf/gerber/kicad, 2026-09-26); peach says it uses HAGIWO's open schematics		https://wgdmodular.de/module/focaccia/	
MISSING, vendor absent - no schematic published	WGD Modular	gelato	A smooth-sounding diode-ladder low-pass filter served in just 4 delicious HP	Proprietary	No licence published		no schematic on any module page or BOM page (85 wgdmodular.de module pages + their BOM pages searched for schematic/pdf/gerber/kicad, 2026-09-26); peach says it uses HAGIWO's open schematics		https://wgdmodular.de/module/gelato/	
MISSING, vendor absent - no schematic published	WGD Modular	giardiniera	A dual 8-step quantized sequencer module for Eurorack that has been meticulously developed over the past few	Proprietary	No licence published		no schematic on any module page or BOM page (85 wgdmodular.de module pages + their BOM pages searched for schematic/pdf/gerber/kicad, 2026-09-26); peach says it uses HAGIWO's open schematics		https://wgdmodular.de/module/giardiniera/	
MISSING, vendor absent - no schematic published	WGD Modular	honey	A nice simplifation of a famous filter fitted in only 4hp to fit very small racks	Proprietary	No licence published		no schematic on any module page or BOM page (85 wgdmodular.de module pages + their BOM pages searched for schematic/pdf/gerber/kicad, 2026-09-26); peach says it uses HAGIWO's open schematics		https://wgdmodular.de/module/honey/	
MISSING, vendor absent - no schematic published	WGD Modular	ice cube	An expander channel for the jungle juice	Proprietary	No licence published		no schematic on any module page or BOM page (85 wgdmodular.de module pages + their BOM pages searched for schematic/pdf/gerber/kicad, 2026-09-26); peach says it uses HAGIWO's open schematics		https://wgdmodular.de/module/ice-cube/	
MISSING, vendor absent - no schematic published	WGD Modular	jungle juice	A 7-channel mixer with pan, mute and a stereo send and return	Proprietary	No licence published		no schematic on any module page or BOM page (85 wgdmodular.de module pages + their BOM pages searched for schematic/pdf/gerber/kicad, 2026-09-26); peach says it uses HAGIWO's open schematics		https://wgdmodular.de/module/jungle-juice/	
MISSING, vendor absent - no schematic published	WGD Modular	kaoya	A compact 4HP ducking module designed with techno in mind	Proprietary	No licence published		no schematic on any module page or BOM page (85 wgdmodular.de module pages + their BOM pages searched for schematic/pdf/gerber/kicad, 2026-09-26); peach says it uses HAGIWO's open schematics		https://wgdmodular.de/module/kaoya/	
MISSING, vendor absent - no schematic published	WGD Modular	ketchup	A dual headphone output module that allows you to listen with someone else	Proprietary	No licence published		no schematic on any module page or BOM page (85 wgdmodular.de module pages + their BOM pages searched for schematic/pdf/gerber/kicad, 2026-09-26); peach says it uses HAGIWO's open schematics		https://wgdmodular.de/module/ketchup/	
MISSING, vendor absent - no schematic published	WGD Modular	kibbeling	A small low pass gate with many different cutoff options configurable via jumpers on the back of the module	Proprietary	No licence published		no schematic on any module page or BOM page (85 wgdmodular.de module pages + their BOM pages searched for schematic/pdf/gerber/kicad, 2026-09-26); peach says it uses HAGIWO's open schematics		https://wgdmodular.de/module/kibbeling/	
MISSING, vendor absent - no schematic published	WGD Modular	kimchi	An 8-step sequencer with two outputs and offset and range control	Proprietary	No licence published		no schematic on any module page or BOM page (85 wgdmodular.de module pages + their BOM pages searched for schematic/pdf/gerber/kicad, 2026-09-26); peach says it uses HAGIWO's open schematics		https://wgdmodular.de/module/kimchi/	
MISSING, vendor absent - no schematic published	WGD Modular	kombucha	This compact 7-channel mixer is designed for seamless audio and CV mixing in your Eurorack setup	Proprietary	No licence published		no schematic on any module page or BOM page (85 wgdmodular.de module pages + their BOM pages searched for schematic/pdf/gerber/kicad, 2026-09-26); peach says it uses HAGIWO's open schematics		https://wgdmodular.de/module/kombucha/	
MISSING, vendor absent - no schematic published	WGD Modular	krustenbraten mit senf und krautsalat	This module shouldn't need much explanation	Proprietary	No licence published		no schematic on any module page or BOM page (85 wgdmodular.de module pages + their BOM pages searched for schematic/pdf/gerber/kicad, 2026-09-26); peach says it uses HAGIWO's open schematics		https://wgdmodular.de/module/krustenbraten-mit-senf-und-krautsalat/	
MISSING, vendor absent - no schematic published	WGD Modular	labskaus	A 4-dimesional joystick module with bipolar outputs ranging from -5V to +5V	Proprietary	No licence published		no schematic on any module page or BOM page (85 wgdmodular.de module pages + their BOM pages searched for schematic/pdf/gerber/kicad, 2026-09-26); peach says it uses HAGIWO's open schematics		https://wgdmodular.de/module/labskaus/	
MISSING, vendor absent - no schematic published	WGD Modular	lemon	A compact 6HP dual VCA module designed for versatility and dynamic sound shaping in your Eurorack system	Proprietary	No licence published		no schematic on any module page or BOM page (85 wgdmodular.de module pages + their BOM pages searched for schematic/pdf/gerber/kicad, 2026-09-26); peach says it uses HAGIWO's open schematics		https://wgdmodular.de/module/lemon/	
MISSING, vendor absent - no schematic published	WGD Modular	lollipop	A 6hp stereo delay with individual cv-controllable time control for each side	Proprietary	No licence published		no schematic on any module page or BOM page (85 wgdmodular.de module pages + their BOM pages searched for schematic/pdf/gerber/kicad, 2026-09-26); peach says it uses HAGIWO's open schematics		https://wgdmodular.de/module/lollipop/	
MISSING, vendor absent - no schematic published	WGD Modular	löwenzahnhonig	A reverb based on the electro smith daisy seed platform	Proprietary	No licence published		no schematic on any module page or BOM page (85 wgdmodular.de module pages + their BOM pages searched for schematic/pdf/gerber/kicad, 2026-09-26); peach says it uses HAGIWO's open schematics		https://wgdmodular.de/module/loewenzahnhonig/	
MISSING, vendor absent - no schematic published	WGD Modular	macarons	A simple arcade button that allows you to send a signal set by a potentiometer in the range from 0V to 10V	Proprietary	No licence published		no schematic on any module page or BOM page (85 wgdmodular.de module pages + their BOM pages searched for schematic/pdf/gerber/kicad, 2026-09-26); peach says it uses HAGIWO's open schematics		https://wgdmodular.de/module/macarons/	
MISSING, vendor absent - no schematic published	WGD Modular	mayo	A passive headphone output - also available with a 0hp front panel	Proprietary	No licence published		no schematic on any module page or BOM page (85 wgdmodular.de module pages + their BOM pages searched for schematic/pdf/gerber/kicad, 2026-09-26); peach says it uses HAGIWO's open schematics		https://wgdmodular.de/module/mayo/	
MISSING, vendor absent - no schematic published	WGD Modular	melanzane	A quad VCA with daisy-chained outputs allowing it to be also used as a mixer	Proprietary	No licence published		no schematic on any module page or BOM page (85 wgdmodular.de module pages + their BOM pages searched for schematic/pdf/gerber/kicad, 2026-09-26); peach says it uses HAGIWO's open schematics		https://wgdmodular.de/module/melanzane/	
MISSING, vendor absent - no schematic published	WGD Modular	melon	A compact Eurorack module based on Hagiwo's MOD2 platform, designed to pack a surprising amount of function	Proprietary	No licence published		no schematic on any module page or BOM page (85 wgdmodular.de module pages + their BOM pages searched for schematic/pdf/gerber/kicad, 2026-09-26); peach says it uses HAGIWO's open schematics		https://wgdmodular.de/module/melon/	
MISSING, vendor absent - no schematic published	WGD Modular	muffin	A 3-channel clickless mute with a mixed output	Proprietary	No licence published		no schematic on any module page or BOM page (85 wgdmodular.de module pages + their BOM pages searched for schematic/pdf/gerber/kicad, 2026-09-26); peach says it uses HAGIWO's open schematics		https://wgdmodular.de/module/muffin/	
MISSING, vendor absent - no schematic published	WGD Modular	orzo	An offset/attenuater/inverter module in 1U	Proprietary	No licence published		no schematic on any module page or BOM page (85 wgdmodular.de module pages + their BOM pages searched for schematic/pdf/gerber/kicad, 2026-09-26); peach says it uses HAGIWO's open schematics		https://wgdmodular.de/module/orzo/	
MISSING, vendor absent - no schematic published	WGD Modular	pannavision	A DSO138 Pro based scope for eurorack	Proprietary	No licence published		no schematic on any module page or BOM page (85 wgdmodular.de module pages + their BOM pages searched for schematic/pdf/gerber/kicad, 2026-09-26); peach says it uses HAGIWO's open schematics		https://wgdmodular.de/module/pannavision/	
MISSING, vendor absent - no schematic published	WGD Modular	peach	PEACH , Dual Digital Unison VCO	Proprietary	No licence published		no schematic on any module page or BOM page (85 wgdmodular.de module pages + their BOM pages searched for schematic/pdf/gerber/kicad, 2026-09-26); peach says it uses HAGIWO's open schematics		https://wgdmodular.de/module/peach/	
MISSING, vendor absent - no schematic published	WGD Modular	peppermint	Your go-to voltage-controlled slew limiter for precise envelope shaping in your modular setup	Proprietary	No licence published		no schematic on any module page or BOM page (85 wgdmodular.de module pages + their BOM pages searched for schematic/pdf/gerber/kicad, 2026-09-26); peach says it uses HAGIWO's open schematics		https://wgdmodular.de/module/peppermint/	
MISSING, vendor absent - no schematic published	WGD Modular	pesto	Pesto is your bridge between guitar gear and the modular ecosystem	Proprietary	No licence published		no schematic on any module page or BOM page (85 wgdmodular.de module pages + their BOM pages searched for schematic/pdf/gerber/kicad, 2026-09-26); peach says it uses HAGIWO's open schematics		https://wgdmodular.de/module/pesto/	
MISSING, vendor absent - no schematic published	WGD Modular	pho	A super compact and affordable 4HP quad mute module designed for maximum simplicity and hands-on control	Proprietary	No licence published		no schematic on any module page or BOM page (85 wgdmodular.de module pages + their BOM pages searched for schematic/pdf/gerber/kicad, 2026-09-26); peach says it uses HAGIWO's open schematics		https://wgdmodular.de/module/pho/	
MISSING, vendor absent - no schematic published	WGD Modular	pici	A tiny 3HP utility controller built for hands-on control where space really matters	Proprietary	No licence published		no schematic on any module page or BOM page (85 wgdmodular.de module pages + their BOM pages searched for schematic/pdf/gerber/kicad, 2026-09-26); peach says it uses HAGIWO's open schematics		https://wgdmodular.de/module/pici/	
MISSING, vendor absent - no schematic published	WGD Modular	poké bowl	A digital multi fx inspired by hagiwos 100fx module	Proprietary	No licence published		no schematic on any module page or BOM page (85 wgdmodular.de module pages + their BOM pages searched for schematic/pdf/gerber/kicad, 2026-09-26); peach says it uses HAGIWO's open schematics		https://wgdmodular.de/module/poke-bowl/	
MISSING, vendor absent - no schematic published	WGD Modular	queso	A small 1U hi hat module with quite simple circuit	Proprietary	No licence published		no schematic on any module page or BOM page (85 wgdmodular.de module pages + their BOM pages searched for schematic/pdf/gerber/kicad, 2026-09-26); peach says it uses HAGIWO's open schematics		https://wgdmodular.de/module/queso/	
MISSING, vendor absent - no schematic published	WGD Modular	ramen	A simple RJ45 eurorack case connector module	Proprietary	No licence published		no schematic on any module page or BOM page (85 wgdmodular.de module pages + their BOM pages searched for schematic/pdf/gerber/kicad, 2026-09-26); peach says it uses HAGIWO's open schematics		https://wgdmodular.de/module/ramen/	
MISSING, vendor absent - no schematic published	WGD Modular	rigatoni	You can think of rigatoni as the successor of spaghetti	Proprietary	No licence published		no schematic on any module page or BOM page (85 wgdmodular.de module pages + their BOM pages searched for schematic/pdf/gerber/kicad, 2026-09-26); peach says it uses HAGIWO's open schematics		https://wgdmodular.de/module/rigatoni/	
MISSING, vendor absent - no schematic published	WGD Modular	smoothie	To mix all your ingredients together in very few hp	Proprietary	No licence published		no schematic on any module page or BOM page (85 wgdmodular.de module pages + their BOM pages searched for schematic/pdf/gerber/kicad, 2026-09-26); peach says it uses HAGIWO's open schematics		https://wgdmodular.de/module/smoothie-1/	
MISSING, vendor absent - no schematic published	WGD Modular	stv	STV is a 2HP DIY Eurorack power supply designed in collaboration with	Proprietary	No licence published		no schematic on any module page or BOM page (85 wgdmodular.de module pages + their BOM pages searched for schematic/pdf/gerber/kicad, 2026-09-26); peach says it uses HAGIWO's open schematics		https://wgdmodular.de/module/stv/	
MISSING, vendor absent - no schematic published	WGD Modular	tepache	A 4x4 matrix mixer with attenuverting mixer knobs ready to mix all your modulation just as you want	Proprietary	No licence published		no schematic on any module page or BOM page (85 wgdmodular.de module pages + their BOM pages searched for schematic/pdf/gerber/kicad, 2026-09-26); peach says it uses HAGIWO's open schematics		https://wgdmodular.de/module/tepache/	
MISSING, vendor absent - no schematic published	WGD Modular	tequila	A tube distortion/saturation based on the famous valve caster circuit	Proprietary	No licence published		no schematic on any module page or BOM page (85 wgdmodular.de module pages + their BOM pages searched for schematic/pdf/gerber/kicad, 2026-09-26); peach says it uses HAGIWO's open schematics		https://wgdmodular.de/module/tequila/	
MISSING, vendor absent - no schematic published	WGD Modular	tofu	A super simple 4HP utility that combines a 1&times;6 passive multiple with a front-access Eurorack power ou	Proprietary	No licence published		no schematic on any module page or BOM page (85 wgdmodular.de module pages + their BOM pages searched for schematic/pdf/gerber/kicad, 2026-09-26); peach says it uses HAGIWO's open schematics		https://wgdmodular.de/module/tofu/	
MISSING, vendor absent - no schematic published	WGD Modular	trifle	A compact CV utility developed in collaboration with Caos Modular	Proprietary	No licence published		no schematic on any module page or BOM page (85 wgdmodular.de module pages + their BOM pages searched for schematic/pdf/gerber/kicad, 2026-09-26); peach says it uses HAGIWO's open schematics		https://wgdmodular.de/module/trifle/	
MISSING, vendor absent - no schematic published	WGD Modular	veggie griller	A stereo multimode filter with three attenuable cv inputs	Proprietary	No licence published		no schematic on any module page or BOM page (85 wgdmodular.de module pages + their BOM pages searched for schematic/pdf/gerber/kicad, 2026-09-26); peach says it uses HAGIWO's open schematics		https://wgdmodular.de/module/veggie-griller/	
MISSING, vendor absent - no schematic published	WGD Modular	vla	A VU meter in 3hp suitable for audio as well as CV	Proprietary	No licence published		no schematic on any module page or BOM page (85 wgdmodular.de module pages + their BOM pages searched for schematic/pdf/gerber/kicad, 2026-09-26); peach says it uses HAGIWO's open schematics		https://wgdmodular.de/module/vla/	
MISSING, vendor absent - no schematic published	WGD Modular	ziti	A super efficient passive multiple in just 4hp	Proprietary	No licence published		no schematic on any module page or BOM page (85 wgdmodular.de module pages + their BOM pages searched for schematic/pdf/gerber/kicad, 2026-09-26); peach says it uses HAGIWO's open schematics		https://wgdmodular.de/module/ziti/	
MISSING, vendor absent - no schematic published	Zlob Modular	Attenumixer	Passive three-channel attenuator and mixer	Proprietary	No licence published		no schematic in the build docs or BOM PDFs (53 PDFs from 25 product pages; build docs are step-by-step photo guides, pages rendered and checked, 2026-09-26)			https://zlobmodular.com/product/attenumixer/
MISSING, vendor absent - no schematic published	Zlob Modular	Diode Chaos	Chaotic voltage generator	Proprietary	No licence published		no schematic in the build docs or BOM PDFs (53 PDFs from 25 product pages; build docs are step-by-step photo guides, pages rendered and checked, 2026-09-26)		https://zlobmodular.com/product/diode-chaos/	https://modularaddict.com/diode-chaos-zlob-modular
MISSING, vendor absent - no schematic published	Zlob Modular	Dual VCA	Dual OTA (LM13700) VCA and mixer	Proprietary	No licence published		no schematic in the build docs or BOM PDFs (53 PDFs from 25 product pages; build docs are step-by-step photo guides, pages rendered and checked, 2026-09-26)			https://zlobmodular.com/product/dual-vca/
MISSING, vendor absent - no schematic published	Zlob Modular	Dual VCO	Dual analog VCO	Proprietary	No licence published		no schematic in the build docs or BOM PDFs (53 PDFs from 25 product pages; build docs are step-by-step photo guides, pages rendered and checked, 2026-09-26)			https://zlobmodular.com/product/dual-vco/
MISSING, vendor absent - no schematic published	Zlob Modular	Entropy	Random voltage and noise with sample/track and hold	Proprietary	No licence published		no schematic in the build docs or BOM PDFs (53 PDFs from 25 product pages; build docs are step-by-step photo guides, pages rendered and checked, 2026-09-26)		https://zlobmodular.com/product/entropy/	https://modularaddict.com/entropy-s-h-t-zlob-modular
MISSING, vendor absent - no schematic published	Zlob Modular	Entropy Expander	Expander for Entropy adding slew, comparator gates and switching	Proprietary	No licence published		no schematic in the build docs or BOM PDFs (53 PDFs from 25 product pages; build docs are step-by-step photo guides, pages rendered and checked, 2026-09-26)			https://zlobmodular.com/product/entropy-expander/
MISSING, vendor absent - no schematic published	Zlob Modular	Foldiplier	Wavefolder with voltage-controlled feedback	Proprietary	No licence published		no schematic in the build docs or BOM PDFs (53 PDFs from 25 product pages; build docs are step-by-step photo guides, pages rendered and checked, 2026-09-26)			https://zlobmodular.com/product/foldiplier/
MISSING, vendor absent - no schematic published	Zlob Modular	MINEQ	3-band EQ with clipping feedback	Proprietary	No licence published		no schematic in the build docs or BOM PDFs (53 PDFs from 25 product pages; build docs are step-by-step photo guides, pages rendered and checked, 2026-09-26)			https://zlobmodular.com/product/min-eq/
MISSING, vendor absent - no schematic published	Zlob Modular	MiniAtt	Dual attenuator, offset generator and mixer	Proprietary	No licence published		no schematic in the build docs or BOM PDFs (53 PDFs from 25 product pages; build docs are step-by-step photo guides, pages rendered and checked, 2026-09-26)			https://zlobmodular.com/product/mini-att/
MISSING, vendor absent - no schematic published	Zlob Modular	Push VCA	Dual pushbutton mute and unity-gain VCA	Proprietary	No licence published		no schematic in the build docs or BOM PDFs (53 PDFs from 25 product pages; build docs are step-by-step photo guides, pages rendered and checked, 2026-09-26)			https://zlobmodular.com/product/push-vca/
MISSING, vendor absent - no schematic published	Zlob Modular	SVF	12 dB state-variable filter	Proprietary	No licence published		no schematic in the build docs or BOM PDFs (53 PDFs from 25 product pages; build docs are step-by-step photo guides, pages rendered and checked, 2026-09-26)			https://zlobmodular.com/product/svf/
MISSING, vendor absent - no schematic published	Zlob Modular	Skew Fade	Analog LFO with skew and waveform crossfade	Proprietary	No licence published		no schematic in the build docs or BOM PDFs (53 PDFs from 25 product pages; build docs are step-by-step photo guides, pages rendered and checked, 2026-09-26)			https://zlobmodular.com/product/skew-fade/
MISSING, vendor absent - no schematic published	Zlob Modular	Trepanator	Self-contained experimental feedback voice	Proprietary	No licence published		no schematic in the build docs or BOM PDFs (53 PDFs from 25 product pages; build docs are step-by-step photo guides, pages rendered and checked, 2026-09-26)			https://zlobmodular.com/product/trepanator/
MISSING, vendor absent - no schematic published	Zlob Modular	Triple Cap Chaos	Analog audio-rate chaos oscillator and pseudo ring modulator	Proprietary	No licence published		no schematic in the build docs or BOM PDFs (53 PDFs from 25 product pages; build docs are step-by-step photo guides, pages rendered and checked, 2026-09-26)			https://zlobmodular.com/product/triplecapchaos/
MISSING, vendor absent - no schematic published	Zlob Modular	VC F3DB	Six-band voltage-controlled fixed filter bank	Proprietary	No licence published		no schematic in the build docs or BOM PDFs (53 PDFs from 25 product pages; build docs are step-by-step photo guides, pages rendered and checked, 2026-09-26)			https://zlobmodular.com/product/vc-f3db/
MISSING, vendor absent - no schematic published	Zlob Modular	VnIcursal VCA	Six-channel VCA and mixer	Proprietary	No licence published		no schematic in the build docs or BOM PDFs (53 PDFs from 25 product pages; build docs are step-by-step photo guides, pages rendered and checked, 2026-09-26)		https://zlobmodular.com/product/vnicursal-vca/	https://modularaddict.com/vnicursal-vca-full-diy-kit-zlob-modular
NEW REPO, hardware - found while checking: terrabite3/Affine has Affine_schematic.pdf + gerbers; not in the star list; add?	terrabite3	Affine	CV scaler, inverter and offset	Proprietary	No open licence published, treat as all rights reserved			https://github.com/terrabite3/Affine		https://www.tindie.com/products/terrabite3/affine-scaleinvertoffset-4hp-eurorack-kit/
NEW REPO, no hardware - build docs only (BOM, build guide, manual); closed hardware, OUT unless a schematic turns up	CubuSynth	ADSR	Envelope	Proprietary	No open licence published, treat as all rights reserved			https://github.com/CubuSynth/ADSR-documentary	https://github.com/CubuSynth/ADSR-documentary/blob/main/CubuSynth_ADSR_build_guide_V2-1.pdf	https://cubusynth.com/collections/eurorack-diy-kits
NEW REPO, no hardware - firmware only	David Haillant	UC Clock Divider	Arduino based eight output clock divider	Proprietary	GPL-3.0 covers the firmware, no hardware licence			https://github.com/dhaillant/uc_divider	https://www.davidhaillant.com/uc-clock-divider/	https://www.tindie.com/products/dhaillant/uc-clock-divider/
NEW REPO, unreachable - private or deleted	Greenface Labs	EyeBall	Optical gesture controller	Proprietary	Design files published with no licence	https://github.com/shannon-greenlight/EyeBall		https://github.com/shannon-greenlight/EyeBall	https://www.greenfacelabs.com/eyeball/	https://www.greenfacelabs.com/eyeball/
HAVE - commercial table	AI Synthesis	AI001 Multiple	Passive multiple	Proprietary	No licence published	https://aisynthesis.com/wp-content/uploads/2016/05/Screen-Shot-2016-05-28-at-6.58.51-PM.png			https://aisynthesis.com/ai001-multiple-build-guide/	https://aisynthesis.com/product/multiple-eurorack-synthesizer-module/
HAVE - commercial table	AI Synthesis	AI002 Mixer	Audio / CV mixer	Proprietary	No licence published	https://aisynthesis.com/wp-content/uploads/2026/02/AI002-Mixer-Schematic.pdf			https://aisynthesis.com/ai002-diy-eurorack-mixer-module-build/	https://aisynthesis.com/product/eurorack-audio-and-cv-mixer/
HAVE - commercial table	AI Synthesis	AI003 Looping ADSR	Looping ADSR	Proprietary	No licence published	https://aisynthesis.com/wp-content/uploads/2026/02/adsr.pdf			https://aisynthesis.com/ai003-looping-adsr-build-guide/	https://aisynthesis.com/product/looping-adsr-envelope-generator-diy-kit/
HAVE - commercial table	AI Synthesis	AI004 Filter	MS-20-style VCF	Proprietary	No licence published	https://aisynthesis.com/wp-content/uploads/2020/05/MS20v2.5.pdf			https://aisynthesis.com/how-to-build-ai004-diy-eurorack-ota-filter-vcf-v2/	https://aisynthesis.com/product/diy-ms-20-filter/
HAVE - commercial table	AI Synthesis	AI007 Quad VCA Mixer	Quad VCA / mixer	Proprietary	No licence published	https://aisynthesis.com/wp-content/uploads/2020/04/ai007-Quad-VCA-v1.pdf			https://aisynthesis.com/how-to-build-the-ai007-eurorack-quad-vca-mixer/	https://aisynthesis.com/product/ai007-quad-vca-mixer/
HAVE - commercial table	AI Synthesis	AI011 Analog VCO	Analog VCO	Proprietary	No licence published	https://aisynthesis.com/wp-content/uploads/2025/11/3340VCOc-v1.pdf			https://aisynthesis.com/how-to-build-ai011-eurorack-vco-module/	https://aisynthesis.com/product/ai011-voltage-controlled-oscillator/
HAVE - commercial table	AI Synthesis	AI017 Low Pass Gate	Vactrol low-pass gate	Proprietary	No licence published	https://aisynthesis.com/wp-content/uploads/2022/03/LPGv0.pdf			https://aisynthesis.com/diy-low-pass-gate/	https://aisynthesis.com/product/ai017-low-pass-gate/
HAVE - commercial table	AI Synthesis	AI022 Harmonic Mixer	CP3-style mixer	Proprietary	No licence published	https://aisynthesis.com/wp-content/uploads/2022/04/AI022.pdf			https://aisynthesis.com/diy-harmonic-mixer/	https://aisynthesis.com/product/harmonic-cp3-style-mixer/
HAVE - commercial table	AI Synthesis	AI028 VC Matrix Mixer	Voltage-controlled matrix mixer	Proprietary	No licence published	https://aisynthesis.com/wp-content/uploads/2025/03/AI028-Voltage-Controlled-Matrix-Mixer.pdf			https://aisynthesis.com/how-to-build-the-ai028-diy-voltage-controlled-matrix-mixer/	https://aisynthesis.com/product/ai028-voltage-controlled-matrix-mixer/
HAVE - commercial table	Barton Musical Circuits	Analog Drum (BMC018)	Analog drum voice	Proprietary	No licence published				https://www.bartonmusicalcircuits.com/drum/index.html	https://synthcube.com/barton-bmc018-analog-drum/
HAVE - commercial table	Barton Musical Circuits	Auto-Seq (BMC022)	Self-programming sequencer	Proprietary	No licence published				https://www.bartonmusicalcircuits.com/autoseq/index.html	https://synthcube.com/barton-bmc022-auto-seq/
HAVE - commercial table	Barton Musical Circuits	CV Arpeggiator (BMC003)	CV arpeggiator	Proprietary	No licence published				https://www.bartonmusicalcircuits.com/arpeggiator/index.html	
HAVE - commercial table	Barton Musical Circuits	Clock + 4X Divider (BMC004)	VC master clock / divider	Proprietary	No licence published				https://www.bartonmusicalcircuits.com/vcclock/index.html	https://synthcube.com/barton-bmc004-clock-4x-divider/
HAVE - commercial table	Barton Musical Circuits	Delaying AR Generator (BMC019)	Delayed AR envelope	Proprietary	No licence published				https://www.bartonmusicalcircuits.com/dar/index.html	https://synthcube.com/barton-bmc019-delaying-ar-generator/
HAVE - commercial table	Barton Musical Circuits	Dual Decaying Noise (BMC010)	Percussive noise voice	Proprietary	No licence published				https://www.bartonmusicalcircuits.com/ddn/index.html	https://synthcube.com/barton-bmc010-dual-decaying-noise/
HAVE - commercial table	Barton Musical Circuits	Dual Nice Quantizer (BMC016)	Dual quantizer	Proprietary	No licence published				https://www.bartonmusicalcircuits.com/dnq/index.html	https://synthcube.com/barton-bmc016-dual-nice-quantizer-euro/
HAVE - commercial table	Barton Musical Circuits	Dual Simple Quantizer (BMC001)	Dual quantizer	Proprietary	No licence published				https://www.bartonmusicalcircuits.com/cvquant/index.html	https://synthcube.com/barton-bmc001-dual-quantizer-euro/
HAVE - commercial table	Barton Musical Circuits	FM Drum (BMC025)	FM percussion voice	Proprietary	No licence published				https://www.bartonmusicalcircuits.com/fmd/index.html	https://synthcube.com/barton-bmc025-fm-drum/
HAVE - commercial table	Barton Musical Circuits	Gate Delay Looper (BMC014)	Gate delay / looper	Proprietary	No licence published				https://www.bartonmusicalcircuits.com/gdelay/index.html	https://synthcube.com/barton-bmc014-gate-delay-looper/
HAVE - commercial table	Barton Musical Circuits	Multi-Window Comparator (BMC008)	Multi-window comparator	Proprietary	No licence published				https://www.bartonmusicalcircuits.com/MWC/index.html	https://synthcube.com/barton-bmc008-multi-window-comparator/
HAVE - commercial table	Barton Musical Circuits	Quad VCA/Mixer (BMC015)	Quad VCA / mixer	Proprietary	No licence published				https://www.bartonmusicalcircuits.com/vcamix/index.html	https://synthcube.com/barton-bmc015-quad-vca-mixer-euro/
HAVE - commercial table	Barton Musical Circuits	Rando Chordo (BMC026)	Random chord quantizer	Proprietary	No licence published				https://www.bartonmusicalcircuits.com/ranchord/index.html	https://synthcube.com/barton-bmc026-rando-chordo/
HAVE - commercial table	Barton Musical Circuits	Random Resonator (BMC013)	Random resonator	Proprietary	No licence published				https://www.bartonmusicalcircuits.com/randres/index.html	https://synthcube.com/barton-bmc013-random-resonator/
HAVE - commercial table	Barton Musical Circuits	Random Rhythms (BMC027)	Random rhythm sequencer	Proprietary	No licence published				https://www.bartonmusicalcircuits.com/ranrhythm/index.html	https://synthcube.com/barton-bmc027-random-rhythms/
HAVE - commercial table	Barton Musical Circuits	Stepped CV Generator (BMC012)	Stepped CV source	Proprietary	No licence published				https://www.bartonmusicalcircuits.com/steppedcv/index.html	https://synthcube.com/barton-bmc012-stepped-cv-generator/
HAVE - commercial table	Barton Musical Circuits	Voltage to Rhythm Converter (BMC006)	Voltage-to-rhythm	Proprietary	No licence published				https://www.bartonmusicalcircuits.com/v2r/index.html	https://synthcube.com/barton-bmc006-voltage-to-rhythm-converter/
HAVE - commercial table	Barton Musical Circuits	Wave Animator (BMC011)	Triple-LFO animator	Proprietary	No licence published				https://www.bartonmusicalcircuits.com/saw/index.html	https://synthcube.com/barton-bmc011-wave-animator-euro/
HAVE - commercial table	Befaco	1U TRS	TRS I/O (Intellijel 1U)	Proprietary	No hardware licence published	https://befaco.org/docs/TRS/TRS_Schematic.pdf			https://befaco.org/docs/TRS/1U_TRS_Assembly_Manual.pdf	https://www.thonk.co.uk/shop/befaco-1u-trs/
HAVE - commercial table	Befaco	A*B+C	Dual four-quadrant multiplier / VCA / ring mod (A*B+C)	Proprietary	No hardware licence published	https://www.befaco.org/docs/AB%2BC/AB%2BC_V2_1_Schematic.pdf			https://www.befaco.org/docs/AB%2BC/AB%2BC_V2_1_Assembly_Manual.pdf	https://www.thonk.co.uk/shop/befaco-abc-kit-new/
HAVE - commercial table	Befaco	ADSR	VC-ADSR envelope	Proprietary	No hardware licence published	https://www.befaco.org/docs/ADSR/ADSR_V2_0_3_Schematic.pdf			https://www.befaco.org/docs/ADSR/ADSR_V2_0_3_Assembly_Manual.pdf	https://www.thonk.co.uk/shop/adsr/
HAVE - commercial table	Befaco	Atte	Attenuator / offset	Proprietary	No hardware licence published				https://www.befaco.org/docs/ATTE/ATTE_V3_Assembly_Manual.pdf	https://www.thonk.co.uk/shop/befaco-atte-kit/
HAVE - commercial table	Befaco	BF-22 Dual Sallen VCF	Dual Sallen-Key filter	Proprietary	No hardware licence published	https://www.befaco.org/docs/BF-22/BF_22_V3_3_Schematic.pdf			https://www.befaco.org/docs/BF-22/BF_22_V3_3_Assembly_Manual.pdf	https://www.thonk.co.uk/shop/befaco-bf-22-dual-sallen-vcf-full-diy-kit/
HAVE - commercial table	Befaco	Bandit	Four-band spectral processor / filterbank	Proprietary	No hardware licence published	https://www.befaco.org/docs/Bandit/Bandit_PCB_THT_V1.pdf			https://www.befaco.org/docs/Bandit/Bandit_V1_Assembly_Manual.pdf	https://www.thonk.co.uk/shop/befaco-bandit-kit/
HAVE - commercial table	Befaco	Burst	Burst / trigger generator	Proprietary	No hardware licence published	https://www.befaco.org/docs/Burst/Burst_V3_Schematic.pdf			https://www.befaco.org/docs/Burst/Burst_V3_Assembly_Manual.pdf	https://www.thonk.co.uk/shop/befaco-burst-kit/
HAVE - commercial table	Befaco	Chopping Kinky	Waveshaper / VCA	Proprietary	No hardware licence published	https://befaco.org/docs/Chopping_Kinky/Chopping_Kinky_V1_Schematic.pdf			https://befaco.org/docs/Chopping_Kinky/Chopping%20Kinky_V1_Assembly_Manual.pdf	https://www.thonk.co.uk/shop/befaco-chopping-kinky/
HAVE - commercial table	Befaco	Crush Delay v3	Delay / bitcrusher	Proprietary	No hardware licence published	https://befaco.org/docs/Crush_Delay/Crush_Delay_V3_Schematic.pdf			https://befaco.org/docs/Crush_Delay/Crush_Delay_V3_Assembly_Manual.pdf	https://www.thonk.co.uk/shop/befaco-crush-delay-full-diy-kit/
HAVE - commercial table	Befaco	FxBoy	Cartridge multi-effect	Proprietary	No hardware licence published	https://www.befaco.org/docs/FX_Boy/FxBoy_V1_Schematic.pdf			https://www.befaco.org/docs/FX_Boy/FXBoy_V1_Assembly_Manual.pdf	https://shop.befaco.org/full-kits/1298-fxboy-diy-kit-8436590351703.html
HAVE - commercial table	Befaco	I4 Instrument Interface	Instrument interface / preamp	Proprietary	No hardware licence published	https://befaco.org/docs/Instrument_Interface/I4_Schematic.pdf			https://befaco.org/docs/Instrument_Interface/I4_Assembly_Manual.pdf	https://www.thonk.co.uk/shop/befaco-i%c2%b2-instrument-interface-full-diy-kit/
HAVE - commercial table	Befaco	Input Amplifier	Line/instrument input	Proprietary	No hardware licence published	https://www.befaco.org/docs/INamp/INamp_V1_4_Schematic.pdf			https://www.befaco.org/docs/INamp/INamp_V1_4_Assembly_Guide.pdf	https://www.thonk.co.uk/shop/befaco-input-amplifier-full-diy-kit/
HAVE - commercial table	Befaco	Iroi	Multi-effect	Proprietary	No hardware licence published	https://www.befaco.org/docs/Iroi/Iroi_V1_THT_Schematic.pdf			https://www.befaco.org/docs/Iroi/Iroi_V1a_Assembly_Manual.pdf	https://www.thonk.co.uk/shop/befaco-iroi/
HAVE - commercial table	Befaco	Kickall	Kick drum voice	Proprietary	No hardware licence published	https://www.befaco.org/docs/Kickall/Kickall_V1C_Schematic.pdf			https://www.befaco.org/docs/Kickall/Kickall_V1C_Assembly_Manual.pdf	https://www.thonk.co.uk/shop/befaco-kickall/
HAVE - commercial table	Befaco	MEX	Muxlicer expander	Proprietary	No hardware licence published	https://www.befaco.org/docs/MEX/Mex_V1_Schematic.pdf			https://www.befaco.org/docs/MEX/MEX_v1_Assembly_Manual.pdf	https://www.thonk.co.uk/shop/befaco-mex-kit/
HAVE - commercial table	Befaco	MIDI Thing V2	MIDI-to-CV	Proprietary	No hardware licence published				https://befaco.org/docs/Midi_thing_V2/Midi_Thing_V2_Assembly_Manual.pdf	https://www.thonk.co.uk/shop/befaco-midi-thing-v2-kit/
HAVE - commercial table	Befaco	Morphader	VC crossfader / mixer	Proprietary	No hardware licence published	https://www.befaco.org/docs/Morphader/Morphader_V1.pdf			https://www.befaco.org/docs/Morphader/Morphader_V1_Assembly_Manual.pdf	https://www.thonk.co.uk/shop/befaco-morphader-kit/
HAVE - commercial table	Befaco	MuDi	Multiple / distributor	Proprietary	No hardware licence published				https://www.befaco.org/docs/MuDi/MuDi_V1_Assembly_Manual.pdf	https://www.thonk.co.uk/shop/befaco-mudi-kit/
HAVE - commercial table	Befaco	Muxlicer	Sequential signal source / switch	Proprietary	No hardware licence published	https://www.befaco.org/docs/Muxlicer/Muxlicer_V1_3_Schematic.pdf			https://www.befaco.org/docs/Muxlicer/Muxlicer_v1_3_Assembly_Manual.pdf	https://www.thonk.co.uk/shop/befaco-muxslicer-kit/
HAVE - commercial table	Befaco	Noise Plethora	Noise / chaos source	Proprietary	No hardware licence published	https://www.befaco.org/docs/Noise_Plethora/Noise_Plethora_V1_THT_sch.pdf			https://www.befaco.org/docs/Noise_Plethora/Noise_Plethora_V1_1_Assembly_Manual.pdf	https://www.thonk.co.uk/shop/befaco-noise-plethora/
HAVE - commercial table	Befaco	Octaves VCO	Wavetable VCO	Proprietary	No hardware licence published				https://www.befaco.org/docs/Octaves/Octaves_VCO_V1_Assembly_Manual.pdf	https://www.thonk.co.uk/shop/befaco-octaves-vco-kit/
HAVE - commercial table	Befaco	Oneiroi	Stereo multi-effect / looper	Proprietary	Firmware GPL-3.0, no hardware licence	https://befaco.org/docs/Oneiroi/Oneiroi_0_1_THT.pdf			https://befaco.org/docs/Oneiroi/Oneiroi_Assembly_Manual.pdf	https://www.thonk.co.uk/shop/befaco-oneiroi/
HAVE - commercial table	Befaco	Out 1U	Output (Intellijel 1U)	Proprietary	No hardware licence published	https://befaco.org/docs/Out/1U_Ouput_V3_Schematic.pdf			https://befaco.org/docs/Out/1U_Out_Assembly_Manual.pdf	https://www.thonk.co.uk/shop/befaco-out-1u-kit/
HAVE - commercial table	Befaco	Output Module III	Output / headphone	Proprietary	No hardware licence published	https://befaco.org/docs/Out/Output_V3_Schematic.pdf			https://www.befaco.org/docs/Out/Out_V3_1_Assembly_Manual.pdf	https://www.thonk.co.uk/shop/befaco-output-module/
HAVE - commercial table	Befaco	Percall	Percussion / envelopes	Proprietary	No hardware licence published	https://www.befaco.org/docs/Percall/Percall_V1_Schematic.pdf			https://www.befaco.org/docs/Percall/Percall_V1_Assembly_Manual.pdf	https://www.thonk.co.uk/shop/percall/
HAVE - commercial table	Befaco	Pony VCF	Filter	Proprietary	No hardware licence published	https://www.befaco.org/docs/Pony_VCF/Pony_VCF_THT_schematic.pdf			https://www.befaco.org/docs/Pony_VCF/Pony_VCF_V1_Assembly_Manual.pdf	https://www.thonk.co.uk/shop/befaco-pony-vcf-kit/
HAVE - commercial table	Befaco	Pony VCO	Analog VCO	Proprietary	No hardware licence published				https://www.befaco.org/docs/Pony/Pony_VCO_V1_Assembly_Manual.pdf	https://www.thonk.co.uk/shop/befaco-pony-vco/
HAVE - commercial table	Befaco	Rampage	Dual function generator / slew	Proprietary	No hardware licence published	https://www.befaco.org/docs/Rampage/Rampage_V1_4_Sch.pdf			https://www.befaco.org/docs/Rampage/Rampage_V1_4_Assembly_Manual.pdf	https://www.thonk.co.uk/shop/befaco-rampage-full-diy-kit/
HAVE - commercial table	Befaco	ST AMP 1U	Stereo line amp (Intellijel 1U)	Proprietary	No hardware licence published	https://befaco.org/docs/STAmp/1U_StAmp_Schematic.pdf			https://befaco.org/docs/STAmp/1U_STAmp_Assembly_Manual.pdf	https://www.thonk.co.uk/shop/befaco-st-amp-1u-kit/
HAVE - commercial table	Befaco	STMix	Stereo mixer	Proprietary	No hardware licence published	https://www.befaco.org/docs/StMix/StMix_V2_Schematic.pdf			https://www.befaco.org/docs/StMix/StMix_V2_Assembly_Manual.pdf	https://www.thonk.co.uk/shop/befaco-stmix/
HAVE - commercial table	Befaco	STMix 1U	Stereo mixer (Intellijel 1U)	Proprietary	No hardware licence published	https://befaco.org/docs/StMix/1U_StMix_schematic.pdf			https://befaco.org/docs/StMix/1U_StMix_Assembly_Manual.pdf	https://www.thonk.co.uk/shop/befaco-st-mix-1u-kit/
HAVE - commercial table	Befaco	Sampling Modulator	Sample-rate reducer / S&H	Proprietary	No hardware licence published	https://befaco.org/docs/Sampling_Modulator/Sampling_Modulator_V1_6_1_Schematic.pdf			https://befaco.org/docs/Sampling_Modulator/Sampling_Modulator_V1_6_1_Assembly_Manual.pdf	https://www.thonk.co.uk/shop/sampling-modulator/
HAVE - commercial table	Befaco	Slew	Slew limiter	Proprietary	No hardware licence published	https://www.befaco.org/docs/Slew/slew_1_2.pdf			https://www.befaco.org/docs/Slew/Slew_V1_Assembly_Manual.pdf	https://www.thonk.co.uk/shop/befaco-slew-kit/
HAVE - commercial table	Befaco	Voltio	USB voltage source	Proprietary	No hardware licence published	https://befaco.org/docs/Voltio/Voltio_V1_schematic.pdf			https://befaco.org/docs/Voltio/Voltio_V1_Assembly_Manual.pdf	https://www.thonk.co.uk/shop/befaco-voltio-kit/
HAVE - commercial table	Nonlinear Circuits	1U Difference Rectifier	Difference rectifier (Intellijel 1U)	Proprietary	No licence published	https://www.nonlinearcircuits.com/s/1u_diff-rect_build_and_bom.pdf#page=2	schematic on page 2 of the build/BOM PDF (rendered and looked at, 2026-09-26)		https://www.nonlinearcircuits.com/s/1u_diff-rect_build_and_bom.pdf	https://www.nonlinearcircuits.com/modules/p/1u-diff-rect
HAVE - commercial table	Nonlinear Circuits	1U Sloth Chaos	Slow chaos generator (1U)	Proprietary	No licence published	https://www.nonlinearcircuits.com/s/1u_sloth_build_and_bom.pdf#page=3	schematic on page 3 of the build/BOM PDF (rendered and looked at, 2026-09-26)		https://www.nonlinearcircuits.com/s/1u_sloth_build_and_bom.pdf	https://www.nonlinearcircuits.com/modules/p/1u-sloth-chaos
HAVE - commercial table	Nonlinear Circuits	4HP Mix	Attenuverting mixer	Proprietary	No licence published	https://www.nonlinearcircuits.com/s/4hp_mix_build_and_bom.pdf#page=4	schematic on page 4 of the build/BOM PDF (rendered and looked at, 2026-09-26)		https://www.nonlinearcircuits.com/s/4hp_mix_build_and_bom.pdf	https://www.nonlinearcircuits.com/modules/p/4hp-mix
HAVE - commercial table	Nonlinear Circuits	4HP Neuron	Neuron and difference rectifier	Proprietary	No licence published	https://www.nonlinearcircuits.com/s/4HP-Neuron-Build-and-BOM.pdf#page=3	schematic on page 3 of the build/BOM PDF (rendered and looked at, 2026-09-26)		https://www.nonlinearcircuits.com/s/4HP-Neuron-Build-and-BOM.pdf	https://www.nonlinearcircuits.com/modules/p/4hpneuron
HAVE - commercial table	Nonlinear Circuits	7555 VCO	Sawtooth VCO	Proprietary	No licence published	https://www.nonlinearcircuits.com/s/7555-VCO-Build-and-BOM-v2.pdf#page=4	schematic on page 4 of the build/BOM PDF (rendered and looked at, 2026-09-26)		https://www.nonlinearcircuits.com/s/7555-VCO-Build-and-BOM.pdf	https://www.nonlinearcircuits.com/modules/p/7555vco
HAVE - commercial table	Nonlinear Circuits	BBX291 VCF	Filter	Proprietary	No licence published	https://www.nonlinearcircuits.com/s/BBX291-Build-and-BOM.pdf#page=4	schematic on page 4 of the build/BOM PDF (rendered and looked at, 2026-09-26)		https://www.nonlinearcircuits.com/s/BBX291-Build-and-BOM.pdf	https://www.nonlinearcircuits.com/modules/p/bbx291
HAVE - commercial table	Nonlinear Circuits	BOOLs	Logic and S&H	Proprietary	No licence published	https://www.nonlinearcircuits.com/s/BOOLs-BOM-guide-vers1.pdf#page=4	schematic on page 4 of the build/BOM PDF (rendered and looked at, 2026-09-26)		https://www.nonlinearcircuits.com/s/BOOLs-BOM-guide-vers1.pdf	https://www.nonlinearcircuits.com/modules/p/bools
HAVE - commercial table	Nonlinear Circuits	Bindubba	Generative sequencer	Proprietary	No licence published	https://www.nonlinearcircuits.com/s/bindubba_sequencer_build_and_bom.pdf#page=3	schematic on page 3 of the build/BOM PDF (rendered and looked at, 2026-09-26)		https://www.nonlinearcircuits.com/s/bindubba_sequencer_build_and_bom.pdf	https://www.nonlinearcircuits.com/modules/p/bindubba
HAVE - commercial table	Nonlinear Circuits	Brain Custard	Audio-rate chaos noise	Proprietary	No licence published	https://www.nonlinearcircuits.com/s/BrainCustard_BuildBOM_vers1.pdf#page=3	schematic on page 3 of the build/BOM PDF (rendered and looked at, 2026-09-26)		https://www.nonlinearcircuits.com/s/BrainCustard_BuildBOM_vers1.pdf	https://www.nonlinearcircuits.com/modules/p/brain-custard
HAVE - commercial table	Nonlinear Circuits	Bulbous Also Tapered VCF	Dual SSI2140 filter	Proprietary	No licence published	https://www.nonlinearcircuits.com/s/BULBOUS-ALSO-TAPERED-VCF-Build-and-BOM.pdf#page=4	schematic on page 4 of the build/BOM PDF (rendered and looked at, 2026-09-26)		https://www.nonlinearcircuits.com/s/BULBOUS-ALSO-TAPERED-VCF-Build-and-BOM.pdf	https://www.nonlinearcircuits.com/modules/p/bulbousalsotapered
HAVE - commercial table	Nonlinear Circuits	CEM3340 VCO	Analog VCO	Proprietary	No licence published	https://www.nonlinearcircuits.com/s/CEM3340VCO-BUILD-NOTES.pdf#page=4	schematic on page 4 of the build/BOM PDF (rendered and looked at, 2026-09-26)		https://www.nonlinearcircuits.com/s/CEM3340VCO-BUILD-NOTES.pdf	https://www.nonlinearcircuits.com/modules/p/cem3340-vco
HAVE - commercial table	Nonlinear Circuits	Cellular Automata	CA gate and pattern generator	Proprietary	No licence published	https://www.nonlinearcircuits.com/s/Cellular-Automata-Build-and-BOM.pdf#page=4	schematic on page 4 of the build/BOM PDF (rendered and looked at, 2026-09-26)		https://www.nonlinearcircuits.com/s/Cellular-Automata-Build-and-BOM.pdf	https://www.nonlinearcircuits.com/modules/p/cellular-automata
HAVE - commercial table	Nonlinear Circuits	Comparators	Six comparators	Proprietary	No licence published	https://www.nonlinearcircuits.com/s/COMPARATORS-Build-and-BOM.pdf#page=3	schematic on page 3 of the build/BOM PDF (rendered and looked at, 2026-09-26)		https://www.nonlinearcircuits.com/s/COMPARATORS-Build-and-BOM.pdf	https://www.nonlinearcircuits.com/modules/p/comparators
HAVE - commercial table	Nonlinear Circuits	Coupled Comparators	Comparators and hyperchaos	Proprietary	No licence published	https://www.nonlinearcircuits.com/s/COUPLED-COMPARATORS-Build-and-BOM-5nds.pdf#page=4	schematic on page 4 of the build/BOM PDF (rendered and looked at, 2026-09-26)		https://www.nonlinearcircuits.com/s/COUPLED-COMPARATORS-Build-and-BOM-5nds.pdf	https://www.nonlinearcircuits.com/modules/p/coupledcomparators
HAVE - commercial table	Nonlinear Circuits	Dactrol	Vactrol multiplying DAC	Proprietary	No licence published	https://www.nonlinearcircuits.com/s/DACTROL-Build-and-BOM.pdf#page=4	schematic on page 4 of the build/BOM PDF (rendered and looked at, 2026-09-26)		https://www.nonlinearcircuits.com/s/DACTROL-Build-and-BOM.pdf	https://www.nonlinearcircuits.com/modules/p/dactrol
HAVE - commercial table	Nonlinear Circuits	Digital Filter Simulator	Analog digital-filter emulation	Proprietary	No licence published	https://www.nonlinearcircuits.com/s/digi-filter_simulator_build_and_bom.pdf#page=5	schematic on page 5 of the build/BOM PDF (rendered and looked at, 2026-09-26)		https://www.nonlinearcircuits.com/s/digi-filter_simulator_build_and_bom.pdf	https://www.nonlinearcircuits.com/modules/p/digital-filter-simulator
HAVE - commercial table	Nonlinear Circuits	Divide & Conquer	Clock divider	Proprietary	No licence published	https://www.nonlinearcircuits.com/s/Divide-Conquer-build-and-BOM.pdf#page=2	schematic on page 2 of the build/BOM PDF (rendered and looked at, 2026-09-26)		https://www.nonlinearcircuits.com/s/Divide-Conquer-build-and-BOM.pdf	https://www.nonlinearcircuits.com/modules/p/divide-and-conquer
HAVE - commercial table	Nonlinear Circuits	Double Penetration (DP) Filter	Dual opto ladder filter	Proprietary	No licence published		build PDF opened, no schematic in it (2026-09-26)		https://www.nonlinearcircuits.com/s/Double-Penetration-Filter-build-notes.pdf	https://www.nonlinearcircuits.com/modules/p/double-penetration-dp-filter
HAVE - commercial table	Nonlinear Circuits	Dual LFO	Dual wide-range LFO	Proprietary	No licence published	https://www.nonlinearcircuits.com/s/WAMOD10-dual-LFO.pdf#page=2	schematic on page 2 of the build/BOM PDF (rendered and looked at, 2026-09-26)		https://www.nonlinearcircuits.com/s/WAMOD10-dual-LFO.pdf	https://www.nonlinearcircuits.com/modules/p/dual-lfo-1
HAVE - commercial table	Nonlinear Circuits	Dual LFO/VCO	Dual LFO / VCO	Proprietary	No licence published	https://www.nonlinearcircuits.com/s/dual_lfo-vco_build_and_bom.pdf#page=4	schematic on page 4 of the build/BOM PDF (rendered and looked at, 2026-09-26)		https://www.nonlinearcircuits.com/s/dual_lfo-vco_build_and_bom.pdf	https://www.nonlinearcircuits.com/modules/p/dual-lfo
HAVE - commercial table	Nonlinear Circuits	Dual Low Pass Gate	Dual low-pass gate	Proprietary	No licence published	https://www.nonlinearcircuits.com/s/DUAL-LPG-build-and-BOM.pdf#page=4	schematic on page 4 of the build/BOM PDF (rendered and looked at, 2026-09-26)		https://www.nonlinearcircuits.com/s/DUAL-LPG-build-and-BOM.pdf	https://www.nonlinearcircuits.com/modules/p/dual-lpg
HAVE - commercial table	Nonlinear Circuits	Dual OTA VCO	Dual triangle-core VCO	Proprietary	No licence published	https://www.nonlinearcircuits.com/s/ota-vco-build-guide.pdf#page=3	schematic on page 3 of the build/BOM PDF (rendered and looked at, 2026-09-26)		https://www.nonlinearcircuits.com/s/ota-vco-build-guide.pdf	https://www.nonlinearcircuits.com/modules/p/dual-ota-vco
HAVE - commercial table	Nonlinear Circuits	Epilogue VCF	Voltage controlled filter	Proprietary	No licence published	https://www.nonlinearcircuits.com/s/Epilogue-VCF-build-and-BOM2.pdf#page=3	schematic on page 3 of the build/BOM PDF (rendered and looked at, 2026-09-26)		https://www.nonlinearcircuits.com/s/Epilogue-VCF-build-and-BOM2.pdf	https://www.nonlinearcircuits.com/modules/p/epilogue
HAVE - commercial table	Nonlinear Circuits	FK1T VCF	Vactrol LP/HP filter	Proprietary	No licence published	https://www.nonlinearcircuits.com/s/FK1T_build_BOM.pdf#page=4	schematic on page 4 of the build/BOM PDF (rendered and looked at, 2026-09-26)		https://www.nonlinearcircuits.com/s/FK1T_build_BOM.pdf	https://www.nonlinearcircuits.com/modules/p/fk1t-vcf
HAVE - commercial table	Nonlinear Circuits	FM OP	Through-zero FM operator	Proprietary	No licence published	https://www.nonlinearcircuits.com/s/FM-OP-Build-and-BOM.pdf#page=6	schematic on page 6 of the build/BOM PDF (rendered and looked at, 2026-09-26)		https://www.nonlinearcircuits.com/s/FM-OP-Build-and-BOM.pdf	https://www.nonlinearcircuits.com/modules/p/fmop
HAVE - commercial table	Nonlinear Circuits	Fast & Bulbous VCF	SSI2140 filter/phaser	Proprietary	No licence published	https://www.nonlinearcircuits.com/s/FAST-AND-BULBOUS-VCF-Build-and-BOM.pdf#page=3	schematic on page 3 of the build/BOM PDF (rendered and looked at, 2026-09-26)		https://www.nonlinearcircuits.com/s/FAST-AND-BULBOUS-VCF-Build-and-BOM.pdf	https://www.nonlinearcircuits.com/modules/p/fastbulbous
HAVE - commercial table	Nonlinear Circuits	Feague	VCF and quadrature oscillator	Proprietary	No licence published	https://www.nonlinearcircuits.com/s/FEAGUEbuildBOM-yxyz.pdf#page=4	schematic on page 4 of the build/BOM PDF (rendered and looked at, 2026-09-26)		https://www.nonlinearcircuits.com/s/FEAGUEbuildBOM-yxyz.pdf	https://www.nonlinearcircuits.com/modules/p/feague
HAVE - commercial table	Nonlinear Circuits	Flipflop Chaos	Chaotic gate and trigger source	Proprietary	No licence published	https://www.nonlinearcircuits.com/s/FF-Chaos-build-notes.pdf#page=8	schematic on page 8 of the build/BOM PDF (rendered and looked at, 2026-09-26)		https://www.nonlinearcircuits.com/s/FF-Chaos-build-notes.pdf	https://www.nonlinearcircuits.com/modules/p/flipflop-chaos
HAVE - commercial table	Nonlinear Circuits	GENiE	Gene-sequencer / random	Proprietary	No licence published	https://www.nonlinearcircuits.com/s/genie_build_and_bom.pdf#page=3	schematic on page 3 of the build/BOM PDF (rendered and looked at, 2026-09-26)		https://www.nonlinearcircuits.com/s/genie_build_and_bom.pdf	https://www.nonlinearcircuits.com/modules/p/genie
HAVE - commercial table	Nonlinear Circuits	Giant B0n0	PLL and delay chaos	Proprietary	No licence published	https://www.nonlinearcircuits.com/s/giant-B0N0-build-and-BOM.pdf#page=6	schematic on page 6 of the build/BOM PDF (rendered and looked at, 2026-09-26)		https://www.nonlinearcircuits.com/s/giant-B0N0-build-and-BOM.pdf	https://www.nonlinearcircuits.com/modules/p/giant-b0n0
HAVE - commercial table	Nonlinear Circuits	Hyperchaos Deluxe	Hyperchaos CV generator	Proprietary	No licence published	https://www.nonlinearcircuits.com/s/HYPERCHAOS-DELUXE-build-and-BOM-ml4l.pdf#page=4	schematic on page 4 of the build/BOM PDF (rendered and looked at, 2026-09-26)		https://www.nonlinearcircuits.com/s/HYPERCHAOS-DELUXE-build-and-BOM-ml4l.pdf	https://www.nonlinearcircuits.com/modules/p/hyperchaos-deluxe
HAVE - commercial table	Nonlinear Circuits	I Can't Believe It's Not a VCO	VCF voice with exciter	Proprietary	No licence published	https://www.nonlinearcircuits.com/s/icbinavco_build_and_bom.pdf#page=4	schematic on page 4 of the build/BOM PDF (rendered and looked at, 2026-09-26)		https://www.nonlinearcircuits.com/s/icbinavco_build_and_bom.pdf	https://www.nonlinearcircuits.com/modules/p/i-cant-believe-its-not-a-vco
HAVE - commercial table	Nonlinear Circuits	Ian Fritz Hypster	Fourth-order hyperchaos	Proprietary	No licence published	https://www.nonlinearcircuits.com/s/hypster_build_and_bom.pdf#page=8	schematic on page 8 of the build/BOM PDF (rendered and looked at, 2026-09-26)		https://www.nonlinearcircuits.com/s/hypster_build_and_bom.pdf	https://www.nonlinearcircuits.com/modules/p/ian-fritz-hypster
HAVE - commercial table	Nonlinear Circuits	Isolate	Dual DJ-style EQ isolator	Proprietary	No licence published	https://www.nonlinearcircuits.com/s/ISOLATE-Build-and-BOM.pdf#page=3	schematic on page 3 of the build/BOM PDF (rendered and looked at, 2026-09-26)		https://www.nonlinearcircuits.com/s/ISOLATE-Build-and-BOM.pdf	https://www.nonlinearcircuits.com/modules/p/isolate
HAVE - commercial table	Nonlinear Circuits	Kareishuu VCO	Triangle-core VCO	Proprietary	No licence published	https://www.nonlinearcircuits.com/s/kareishuu_vco_build_and_bom.pdf#page=3	schematic on page 3 of the build/BOM PDF (rendered and looked at, 2026-09-26)		https://www.nonlinearcircuits.com/s/kareishuu_vco_build_and_bom.pdf	https://www.nonlinearcircuits.com/modules/p/kareishuu-vco
HAVE - commercial table	Nonlinear Circuits	Let's Splosh	CV mangler	Proprietary	No licence published	https://www.nonlinearcircuits.com/s/splosh_build_and_bom.pdf#page=2	schematic on page 2 of the build/BOM PDF (rendered and looked at, 2026-09-26)		https://www.nonlinearcircuits.com/s/splosh_build_and_bom.pdf	https://www.nonlinearcircuits.com/modules/p/lets-splosh
HAVE - commercial table	Nonlinear Circuits	Low Pass Gate	Low pass gate	Proprietary	No licence published	https://www.nonlinearcircuits.com/s/WAMOD4-lpg.pdf#page=2	schematic on page 2 of the build/BOM PDF (rendered and looked at, 2026-09-26)		https://www.nonlinearcircuits.com/s/WAMOD4-lpg.pdf	https://www.nonlinearcircuits.com/modules/p/low-pass-gate
HAVE - commercial table	Nonlinear Circuits	Lux	Light sensor to CV	Proprietary	No licence published	https://www.nonlinearcircuits.com/s/LUX-Build-and-BOM.pdf#page=4	schematic on page 4 of the build/BOM PDF (rendered and looked at, 2026-09-26)		https://www.nonlinearcircuits.com/s/LUX-Build-and-BOM.pdf	https://www.nonlinearcircuits.com/modules/p/lux
HAVE - commercial table	Nonlinear Circuits	Mixer	Mixer with headphone monitor	Proprietary	No licence published		build PDF opened, no schematic in it (2026-09-26)		https://www.nonlinearcircuits.com/s/WAMOD-mixer.pdf	https://www.nonlinearcircuits.com/modules/p/mixer
HAVE - commercial table	Nonlinear Circuits	Moldy Rapture VCO	SSI2131 VCO	Proprietary	No licence published	https://www.nonlinearcircuits.com/s/Moldy-Rapture-VCO-Build-and-BOM.pdf#page=4	schematic on page 4 of the build/BOM PDF (rendered and looked at, 2026-09-26)		https://www.nonlinearcircuits.com/s/Moldy-Rapture-VCO-Build-and-BOM.pdf	https://www.nonlinearcircuits.com/modules/p/moldyrapture
HAVE - commercial table	Nonlinear Circuits	Mults	Passive multiples	Proprietary	No licence published		no build PDF on the product page (2026-09-26)			https://www.nonlinearcircuits.com/modules/p/mults
HAVE - commercial table	Nonlinear Circuits	Neuron	Neuron and difference rectifier	Proprietary	No licence published	https://www.nonlinearcircuits.com/s/neuron_build_bom.pdf#page=1	schematic on page 1 of the build/BOM PDF (rendered and looked at, 2026-09-26)		https://www.nonlinearcircuits.com/s/neuron_build_bom.pdf	https://www.nonlinearcircuits.com/modules/p/8hp-neuron
HAVE - commercial table	Nonlinear Circuits	Numberwang	Bit / logic processor	Proprietary	No licence published	https://www.nonlinearcircuits.com/s/Numberwang-BOM-guide.pdf#page=3	schematic on page 3 of the build/BOM PDF (rendered and looked at, 2026-09-26)		https://www.nonlinearcircuits.com/s/Numberwang-BOM-guide.pdf	https://www.nonlinearcircuits.com/modules/p/numberwang
HAVE - commercial table	Nonlinear Circuits	Path Filter	N-path filter/phaser	Proprietary	No licence published	https://www.nonlinearcircuits.com/s/PATH-FILTER-Build-and-BOM-etm8.pdf#page=4	schematic on page 4 of the build/BOM PDF (rendered and looked at, 2026-09-26)		https://www.nonlinearcircuits.com/s/PATH-FILTER-Build-and-BOM-etm8.pdf	https://www.nonlinearcircuits.com/modules/p/pathfilter
HAVE - commercial table	Nonlinear Circuits	Plague of Demons	Through-zero VCO	Proprietary	No licence published	https://www.nonlinearcircuits.com/s/plague_of_demons_build_bom.pdf#page=7	schematic on page 7 of the build/BOM PDF (rendered and looked at, 2026-09-26)		https://www.nonlinearcircuits.com/s/plague_of_demons_build_bom.pdf	https://www.nonlinearcircuits.com/modules/p/plague-of-demons
HAVE - commercial table	Nonlinear Circuits	Primal Hyperchaos	Hyperchaos CV generator	Proprietary	No licence published	https://www.nonlinearcircuits.com/s/Primal-build-and-BOM.pdf#page=2	schematic on page 2 of the build/BOM PDF (rendered and looked at, 2026-09-26)		https://www.nonlinearcircuits.com/s/Primal-build-and-BOM.pdf	https://www.nonlinearcircuits.com/modules/p/primal-hyperchaos
HAVE - commercial table	Nonlinear Circuits	Router	CV/gate signal router	Proprietary	No licence published	https://www.nonlinearcircuits.com/s/Router_BuildBOM.pdf#page=3	schematic on page 3 of the build/BOM PDF (rendered and looked at, 2026-09-26)		https://www.nonlinearcircuits.com/s/Router_BuildBOM.pdf	https://www.nonlinearcircuits.com/modules/p/router
HAVE - commercial table	Nonlinear Circuits	Sauce of Unce	Source of uncertainty	Proprietary	No licence published	https://www.nonlinearcircuits.com/s/Sauce-of-Unce-build-notes.pdf#page=7	schematic on page 7 of the build/BOM PDF (rendered and looked at, 2026-09-26)		https://www.nonlinearcircuits.com/s/Sauce-of-Unce-build-notes.pdf	https://www.nonlinearcircuits.com/modules/p/sauce-of-unce
HAVE - commercial table	Nonlinear Circuits	Segue	Crossfader / VCA	Proprietary	No licence published	https://www.nonlinearcircuits.com/s/Segue-build-BOM.pdf#page=2	schematic on page 2 of the build/BOM PDF (rendered and looked at, 2026-09-26)		https://www.nonlinearcircuits.com/s/Segue-build-BOM.pdf	https://www.nonlinearcircuits.com/modules/p/segue
HAVE - commercial table	Nonlinear Circuits	Serious Filter	State-variable filter	Proprietary	No licence published	https://www.nonlinearcircuits.com/s/serious-filter-build-BOM.pdf#page=2	schematic on page 2 of the build/BOM PDF (rendered and looked at, 2026-09-26)		https://www.nonlinearcircuits.com/s/serious-filter-build-BOM.pdf	https://www.nonlinearcircuits.com/modules/p/serious-filter
HAVE - commercial table	Nonlinear Circuits	Signum Hyperchaos	Hyperchaos with signum switch	Proprietary	No licence published	https://www.nonlinearcircuits.com/s/signum_hyperchaos_build_and_bom.pdf#page=5	schematic on page 5 of the build/BOM PDF (rendered and looked at, 2026-09-26)		https://www.nonlinearcircuits.com/s/signum_hyperchaos_build_and_bom.pdf	https://www.nonlinearcircuits.com/modules/p/signum-hyperchaos
HAVE - commercial table	Nonlinear Circuits	Sloth Chaos	Slow chaos	Proprietary	No licence published	https://www.nonlinearcircuits.com/s/sloth_chaos2.pdf#page=3	schematic on page 3 of the build/BOM PDF (rendered and looked at, 2026-09-26)		https://www.nonlinearcircuits.com/s/sloth_chaos2.pdf	https://www.nonlinearcircuits.com/modules/p/4hp-sloth-chaos
HAVE - commercial table	Nonlinear Circuits	Sloth DK	Slow chaos generator	Proprietary	No licence published	https://www.nonlinearcircuits.com/s/sloth_dk_build_and_bom.pdf#page=5	schematic on page 5 of the build/BOM PDF (rendered and looked at, 2026-09-26)		https://www.nonlinearcircuits.com/s/sloth_dk_build_and_bom.pdf	https://www.nonlinearcircuits.com/modules/p/sloth-dk
HAVE - commercial table	Nonlinear Circuits	Squid Axon	Chaos / difference equation	Proprietary	No licence published	https://www.nonlinearcircuits.com/s/Squid-Axon-build-and-BOM-83ep.pdf#page=3	schematic on page 3 of the build/BOM PDF (rendered and looked at, 2026-09-26)		https://www.nonlinearcircuits.com/s/Squid-Axon-build-and-BOM-83ep.pdf	https://www.nonlinearcircuits.com/modules/p/squid-axon
HAVE - commercial table	Nonlinear Circuits	Statues	1-to-8 mux + S&H	Proprietary	No licence published	https://www.nonlinearcircuits.com/s/statues_build_and_bom.pdf#page=2	schematic on page 2 of the build/BOM PDF (rendered and looked at, 2026-09-26)		https://www.nonlinearcircuits.com/s/statues_build_and_bom.pdf	https://www.nonlinearcircuits.com/modules/p/statues
HAVE - commercial table	Nonlinear Circuits	Stochaos	Random gate and CV generator	Proprietary	No licence published	https://www.nonlinearcircuits.com/s/STOCHAOS-Build-and-BOM.pdf#page=5	schematic on page 5 of the build/BOM PDF (rendered and looked at, 2026-09-26)		https://www.nonlinearcircuits.com/s/STOCHAOS-Build-and-BOM.pdf	https://www.nonlinearcircuits.com/modules/p/stochaos
HAVE - commercial table	Nonlinear Circuits	Timbre!	Waveshaper	Proprietary	No licence published	https://www.nonlinearcircuits.com/s/timbre_build_bom_v2.pdf#page=5	schematic on page 5 of the build/BOM PDF (rendered and looked at, 2026-09-26)		https://www.nonlinearcircuits.com/s/timbre_build_bom_v2.pdf	https://www.nonlinearcircuits.com/modules/p/timbre
HAVE - commercial table	Nonlinear Circuits	Tin Teardrop VCF	Dual SSI2144 ladder filter	Proprietary	No licence published	https://www.nonlinearcircuits.com/s/TIN-TEARDROP-VCF-Build-and-BOM-2axx.pdf#page=4	schematic on page 4 of the build/BOM PDF (rendered and looked at, 2026-09-26)		https://www.nonlinearcircuits.com/s/TIN-TEARDROP-VCF-Build-and-BOM-2axx.pdf	https://www.nonlinearcircuits.com/modules/p/tinteardrop
HAVE - commercial table	Nonlinear Circuits	Triple Sloth	Triple slow chaos	Proprietary	No licence published	https://www.nonlinearcircuits.com/s/8HP-Sloth-build-and-BOM-new.pdf#page=5	schematic on page 5 of the build/BOM PDF (rendered and looked at, 2026-09-26)		https://www.nonlinearcircuits.com/s/8HP-Sloth-build-and-BOM-new.pdf	https://www.nonlinearcircuits.com/modules/p/triple-sloth
HAVE - commercial table	Nonlinear Circuits	VCAs	Triple VCA with fuzz	Proprietary	No licence published	https://www.nonlinearcircuits.com/s/VCAs-build-and-BOM.pdf#page=3	schematic on page 3 of the build/BOM PDF (rendered and looked at, 2026-09-26)		https://www.nonlinearcircuits.com/s/VCAs-build-and-BOM.pdf	https://www.nonlinearcircuits.com/modules/p/vcas
HAVE - commercial table	North Coast Synthesis	MSK 008 Dual VC Octave Switch	Voltage-controlled octave switch and CV processor	Proprietary	No open licence published, treat as all rights reserved				https://files.northcoastsynthesis.com/msk-008.pdf	https://modularaddict.com/msk-008-dual-vc-octave-switch-full-kit-north-coast-synthesis
HAVE - commercial table	North Coast Synthesis	MSK 010 Fixed Sine Bank LFO	Bank of fixed-frequency sine LFOs	Proprietary	No open licence published, treat as all rights reserved				https://files.northcoastsynthesis.com/msk-010.pdf	https://modularaddict.com/msk-010-fixed-sine-bank-lfo-full-kit-north-coast-synthesis
HAVE - commercial table	North Coast Synthesis	MSK 012 Transistor ADSR	Four-stage ADSR envelope generator	Proprietary	No open licence published, treat as all rights reserved				https://files.northcoastsynthesis.com/msk-012.pdf	https://modularaddict.com/msk-012-transistor-adsr-north-coast-synthesis
HAVE - curated row	Voxmachina	Cha Cha	Voltage-controlled LFO	Proprietary	MIT covers the repo's software, no hardware licence	https://github.com/musicdevghost/eurorack/tree/main/Cha%20Cha%20-%20VCLFO/Schematics		https://github.com/musicdevghost/eurorack	https://github.com/musicdevghost/eurorack/tree/main/Cha%20Cha%20-%20VCLFO	https://siammodular.com/products/voxmachina-cha-cha-voltage-controlled-lfo-pcb-kit-or-pre-built
HAVE - curated row	Voxmachina	Kra Pao	Resonant low-pass gate	Proprietary	MIT covers the repo's software, no hardware licence	https://github.com/musicdevghost/eurorack/tree/main/KRA%20PAO%20-%20RESONANT%20LOW%20PASS%20GATE/Schematics		https://github.com/musicdevghost/eurorack	https://github.com/musicdevghost/eurorack/tree/main/KRA%20PAO%20-%20RESONANT%20LOW%20PASS%20GATE	https://siammodular.com/products/voxmachina-kra-pao-resonant-low-pass-gate-pcb-kit-or-pre-built
HAVE - curated row	Voxmachina	Leo Leo	Serge-style matrix programmer / sequencer	Proprietary	MIT covers the repo's software, no hardware licence	https://github.com/musicdevghost/eurorack/tree/main/LEO%20LEO%20-%20MATRIX%20STAGE%20PROGRAMMER/Schematics		https://github.com/musicdevghost/eurorack	https://github.com/musicdevghost/eurorack/blob/main/LEO%20LEO%20-%20MATRIX%20STAGE%20PROGRAMMER/Build%20Instructions.pdf	https://siammodular.com/products/voxmachina-leo-leo-matrix-sequencer
HAVE - curated row	Voxmachina	Mak Mak	Quad VCA / attenuator / mixer	Proprietary	MIT covers the repo's software, no hardware licence	https://github.com/musicdevghost/eurorack/tree/main/Mak%20Mak%20-%20QUAD%20VCA-ATT-MIXER/Schematics		https://github.com/musicdevghost/eurorack	https://github.com/musicdevghost/eurorack/tree/main/Mak%20Mak%20-%20QUAD%20VCA-ATT-MIXER	https://siammodular.com/products/voxmachina-mak-mak-quad-vca-attenuator-mixer-pcb-kit-or-pre-built
HAVE - curated row	Voxmachina	Sigma	Function / slope generator	Proprietary	MIT covers the repo's software, no hardware licence	https://github.com/musicdevghost/eurorack/tree/main/Sigma%20-%20Function%20Generator/Schematics		https://github.com/musicdevghost/eurorack	https://github.com/musicdevghost/eurorack/tree/main/Sigma%20-%20Function%20Generator	https://siammodular.com/products/voxmachina-sigma-function-ramp-generator-pcb-kit-or-pre-built
HAVE - curated row	Voxmachina	Tom Yum	Analog VCO	Proprietary	MIT covers the repo's software, no hardware licence	https://github.com/musicdevghost/eurorack/tree/main/TOM%20YUM%20-%20VCO/Schematics		https://github.com/musicdevghost/eurorack	https://github.com/musicdevghost/eurorack/tree/main/TOM%20YUM%20-%20VCO	https://siammodular.com/products/voxmachina-tom-yum-voltage-controlled-oscillator-pcb-kit-or-pre-built
HAVE - firmware repo; hardware is row p284 (monome/teletype-hardware)	monome	Teletype	Scriptable CV / triggers	Proprietary	Firmware GPL-2.0, the hardware repo has no licence	https://github.com/monome/teletype-hardware/blob/main/teletype-180824.sch		https://github.com/monome/teletype		
HAVE - main table	4ms	Quad Pingable LFO	Quad pingable LFO	Proprietary	BSD 2-clause, including the hardware folder				https://www.4mspedals.com/QPLFO/kit/QPLFO_build_guide.pdf	https://4mscompany.com/qplfo.php
HAVE - main table	4ms	Rotating Clock Divider	Clock divider	Proprietary	Firmware MIT, hardware CC BY-NC-SA (noncommercial)				https://www.4mspedals.com/clocker/kit/scmrcd_build_guide.pdf	https://4mscompany.com/rcd.php
HAVE - main table	4ms	Shuffling Clock Multiplier	Clock multiplier	Proprietary	No license published				https://www.4mspedals.com/clocker/kit/scmrcd_build_guide.pdf	https://4mscompany.com/scm.php
HAVE - main table	Befaco	ILSE	Minimal analog synth voice (CHAIR Audio design, distributed by Befaco)	Proprietary	CHAIR Audio: source available, no clones of the commercial product	https://github.com/chairaudio/ILSE		https://github.com/chairaudio/ILSE	https://discourse.chair.audio/t/ilse-build-instructions-for-revision-4/151	https://shop.befaco.org/full-kits/1310-ilse-diy-kit-8436590352168.html
HAVE - main table	CCTV.fm	Quadtec-101	Dual digital wavetable oscillator	Proprietary	No open licence published, treat as all rights reserved			https://github.com/cctvfm/quadtec101	https://github.com/cctvfm/quadtec101/blob/master/BUILD%20GUIDE.pdf	https://www.tindie.com/products/cctv/quadtec-101-a-diy-open-source-digital-oscillator/
HAVE - main table	Divergent Waves	DrumFiend	Trigger to MIDI converter	Proprietary	No open licence published, treat as all rights reserved			https://github.com/tpcarlson/synth-diy/tree/main/drumfiend	https://github.com/tpcarlson/synth-diy/blob/main/drumfiend/ASSEMBLY.md	https://www.tindie.com/products/divergentwaves/drumfiend/
HAVE - main table	Divergent Waves	Sycamore	Dual random looping sequencer with quantizer	Proprietary	No open licence published, treat as all rights reserved			https://github.com/tpcarlson/synth-diy/tree/main/sycamore	https://github.com/tpcarlson/synth-diy/blob/main/sycamore/ASSEMBLY.md	https://www.tindie.com/products/divergentwaves/sycamore-dual-looping-eurorack-sequencer/
HAVE - main table	Erica Synths	DIY Bassline	Bassline voice	Proprietary	No licence published	https://github.com/erica-synths/diy-eurorack/blob/master/Bassline%20DIY.zip		https://github.com/erica-synths/diy-eurorack	https://github.com/erica-synths/diy-eurorack/blob/master/Bassline%20DIY.zip	https://www.ericasynths.lv/diy-bassline-full-kit-335/
HAVE - main table	Erica Synths	DIY Delay	Delay	Proprietary	No licence published	https://github.com/erica-synths/diy-eurorack/blob/master/Delay%20DIY.zip		https://github.com/erica-synths/diy-eurorack	https://github.com/erica-synths/diy-eurorack/blob/master/Delay%20DIY.zip	https://www.ericasynths.lv/diy-delay-full-kit-339/
HAVE - main table	Erica Synths	DIY Dual VCA (Polivoks)	Dual VCA	Proprietary	No licence published	https://github.com/erica-synths/diy-eurorack/blob/master/Dual%20VCA%20DIY.zip		https://github.com/erica-synths/diy-eurorack	https://github.com/erica-synths/diy-eurorack/blob/master/Dual%20VCA%20DIY.zip	
HAVE - main table	Erica Synths	DIY Envelope (Polivoks)	Envelope	Proprietary	No licence published	https://github.com/erica-synths/diy-eurorack/blob/master/Envelope%20DIY.zip		https://github.com/erica-synths/diy-eurorack	https://github.com/erica-synths/diy-eurorack/blob/master/Envelope%20DIY.zip	
HAVE - main table	Erica Synths	DIY MIDI-CV	MIDI-to-CV	Proprietary	No licence published	https://github.com/erica-synths/diy-eurorack/blob/master/Midi-CV%20DIY.zip		https://github.com/erica-synths/diy-eurorack	https://github.com/erica-synths/diy-eurorack/blob/master/Midi-CV%20DIY.zip	
HAVE - main table	Erica Synths	DIY Mixer	Mixer	Proprietary	No licence published	https://github.com/erica-synths/diy-eurorack/blob/master/Mixer%20DIY.zip		https://github.com/erica-synths/diy-eurorack	https://github.com/erica-synths/diy-eurorack/blob/master/Mixer%20DIY.zip	
HAVE - main table	Erica Synths	DIY Modulator	LFO / noise / S&H	Proprietary	No licence published	https://github.com/erica-synths/diy-eurorack/blob/master/Modulator%20DIY.zip		https://github.com/erica-synths/diy-eurorack	https://github.com/erica-synths/diy-eurorack/blob/master/Modulator%20DIY.zip	
HAVE - main table	Erica Synths	DIY Output	Output	Proprietary	No licence published	https://github.com/erica-synths/diy-eurorack/blob/master/Output%20DIY.zip		https://github.com/erica-synths/diy-eurorack	https://github.com/erica-synths/diy-eurorack/blob/master/Output%20DIY.zip	
HAVE - main table	Erica Synths	DIY Polivoks VCF II	Polivoks filter	Proprietary	No licence published	https://github.com/erica-synths/diy-eurorack/blob/master/Polivoks%20VCF%20DIY.zip		https://github.com/erica-synths/diy-eurorack	https://github.com/erica-synths/diy-eurorack/blob/master/Polivoks%20VCF%20DIY.zip	https://www.ericasynths.lv/diy-polivoks-vcf-ii-full-kit-145/
HAVE - main table	Erica Synths	DIY Swamp	Random CV + audio source with ring modulator (Wogglebug-style)	Proprietary	No licence published	https://github.com/erica-synths/diy-eurorack/blob/master/Swamp%20DIY.zip		https://github.com/erica-synths/diy-eurorack	https://github.com/erica-synths/diy-eurorack/blob/master/Swamp%20DIY.zip	
HAVE - main table	Erica Synths	DIY VCO3 (Polivoks)	Polivoks VCO	Proprietary	No licence published	https://github.com/erica-synths/diy-eurorack/blob/master/VCO3%20DIY.zip		https://github.com/erica-synths/diy-eurorack	https://github.com/erica-synths/diy-eurorack/blob/master/VCO3%20DIY.zip	
HAVE - main table	Greenface Labs	Melper	Adapter that turns a Moog case into a 60 HP Eurorack case	Open source	GPL-3.0 over the schematic, board and panel files	https://github.com/shannon-greenlight/Melper		https://github.com/shannon-greenlight/Melper	https://www.greenfacelabs.com/melper/	https://www.greenfacelabs.com/melper/
HAVE - main table	MeeBilt	Bass Buddy	Bassline step sequencer with OLED	Proprietary	MIT covers the repo's software, no hardware licence			https://github.com/tkilla64/eurorack/tree/main/bassbuddy	https://github.com/tkilla64/eurorack/tree/main/bassbuddy	https://www.tindie.com/products/tkilla64/bass-buddy-sequencer-eurorack-module-full-kit/
HAVE - main table	MeeBilt	Sample and Hold plus Noise	Sample and hold with white noise source	Proprietary	MIT covers the repo's software, no hardware licence			https://github.com/tkilla64/eurorack/tree/main/snh_noise	https://github.com/tkilla64/eurorack/tree/main/snh_noise	https://www.tindie.com/products/tkilla64/samplehold-noise-eurorack-module-full-kit/
HAVE - main table	MeeBilt	Voltage Controlled LFO	Five output analog LFO with CV and reset	Proprietary	MIT covers the repo's software, no hardware licence			https://github.com/tkilla64/eurorack/tree/main/vc-lfo	https://github.com/tkilla64/eurorack/tree/main/vc-lfo	https://www.tindie.com/products/tkilla64/voltage-controlled-lfo-eurorack-module-full-kit/
HAVE - main table	Mental Noise	Synapse	CV-to-MIDI	Proprietary	GPL-3.0 covers the firmware, no hardware licence	https://github.com/Mental-Noise/Synapse/tree/master/schematics		https://github.com/Mental-Noise/Synapse	https://github.com/Mental-Noise/Synapse/blob/master/Mental%20Noise%20-%20Synapse.pdf	https://www.tindie.com/products/mentalnoise/synapse-cv-to-midi-eurorack-module/
HAVE - main table	Mental Noise	Thal	Three channel stereo mixer and output	Proprietary	GPL-3.0 covers the firmware, no hardware licence	https://github.com/Mental-Noise/Thal/tree/main/schematics		https://github.com/Mental-Noise/Thal	https://github.com/Mental-Noise/Thal	https://www.tindie.com/products/mentalnoise/thal-mixer-output-eurorack-module/
HAVE - main table	Music Thing Modular	Turing Machine Mk II	Random looping sequencer	Open source	No licence published	https://github.com/TomWhitwell/TuringMachine/tree/master/Hardware		https://github.com/TomWhitwell/TuringMachine	https://www.thonk.co.uk/shop/turingmkii/	https://www.thonk.co.uk/shop/turingmkii/
HAVE - main table	Mutable Instruments	Blades	Dual multimode filter	Open source	Hardware CC BY-SA 3.0, code MIT	https://pichenettes.github.io/mutable-instruments-documentation/modules/blades/downloads/blades_v40.pdf		https://github.com/pichenettes/eurorack/tree/master/blades		https://oddvolt.com/collections/for-mutable-instruments
HAVE - main table	Mutable Instruments	Blinds	Quad VC polarizer	Open source	Hardware CC BY-SA 3.0, code MIT	https://pichenettes.github.io/mutable-instruments-documentation/modules/blinds/downloads/blinds_v60.pdf		https://github.com/pichenettes/eurorack/tree/master/blinds		https://oddvolt.com/collections/for-mutable-instruments
HAVE - main table	Mutable Instruments	Braids	Macro-oscillator	Open source	Hardware CC BY-SA 3.0, code MIT	https://pichenettes.github.io/mutable-instruments-documentation/modules/braids/downloads/braids_v50.pdf		https://github.com/pichenettes/eurorack/tree/master/braids		https://oddvolt.com/collections/for-mutable-instruments
HAVE - main table	Mutable Instruments	Branches	Bernoulli gate	Open source	Hardware CC BY-SA 3.0, code MIT	https://pichenettes.github.io/mutable-instruments-documentation/modules/branches/downloads/branches_v40.pdf		https://github.com/pichenettes/eurorack/tree/master/branches		https://oddvolt.com/collections/for-mutable-instruments
HAVE - main table	Mutable Instruments	Clouds	Granular processor	Open source	Hardware CC BY-SA 3.0, code MIT	https://pichenettes.github.io/mutable-instruments-documentation/modules/clouds/downloads/clouds_v30.pdf		https://github.com/pichenettes/eurorack/tree/master/clouds		https://oddvolt.com/collections/for-mutable-instruments
HAVE - main table	Mutable Instruments	Ears	Contact mic	Open source	Hardware CC BY-SA 3.0, code MIT	https://pichenettes.github.io/mutable-instruments-documentation/modules/ears/downloads/ears_v40.pdf		https://github.com/pichenettes/eurorack/tree/master/ears		https://oddvolt.com/collections/for-mutable-instruments
HAVE - main table	Mutable Instruments	Edges	Quad digital oscillator	Open source	Hardware CC BY-SA 3.0, code MIT	https://pichenettes.github.io/mutable-instruments-documentation/modules/edges/downloads/edges_v20.pdf		https://github.com/pichenettes/eurorack/tree/master/edges		https://oddvolt.com/collections/for-mutable-instruments
HAVE - main table	Mutable Instruments	Elements	Modal synth voice	Open source	Hardware CC BY-SA 3.0, code MIT	https://pichenettes.github.io/mutable-instruments-documentation/modules/elements/downloads/elements_v02.pdf		https://github.com/pichenettes/eurorack/tree/master/elements		https://oddvolt.com/collections/for-mutable-instruments
HAVE - main table	Mutable Instruments	Frames	Keyframer / mixer	Open source	Hardware CC BY-SA 3.0, code MIT	https://pichenettes.github.io/mutable-instruments-documentation/modules/frames/downloads/frames_v03.pdf		https://github.com/pichenettes/eurorack/tree/master/frames		https://oddvolt.com/collections/for-mutable-instruments
HAVE - main table	Mutable Instruments	Grids	Drum sequencer	Open source	Hardware CC BY-SA 3.0, code MIT	https://pichenettes.github.io/mutable-instruments-documentation/modules/grids/downloads/grids_v02.pdf		https://github.com/pichenettes/eurorack/tree/master/grids		https://oddvolt.com/collections/for-mutable-instruments
HAVE - main table	Mutable Instruments	Kinks	Utility (rectifier/logic/S&H)	Open source	Hardware CC BY-SA 3.0, code MIT	https://pichenettes.github.io/mutable-instruments-documentation/modules/kinks/downloads/kinks_v41.pdf		https://github.com/pichenettes/eurorack/tree/master/kinks		https://oddvolt.com/collections/for-mutable-instruments
HAVE - main table	Mutable Instruments	Links	Multiples	Open source	Hardware CC BY-SA 3.0, code MIT	https://pichenettes.github.io/mutable-instruments-documentation/modules/links/downloads/links_v40.pdf		https://github.com/pichenettes/eurorack/tree/master/links		https://oddvolt.com/collections/for-mutable-instruments
HAVE - main table	Mutable Instruments	Marbles	Random sampler	Open source	Hardware CC BY-SA 3.0, code MIT	https://pichenettes.github.io/mutable-instruments-documentation/modules/marbles/downloads/marbles_v70.pdf		https://github.com/pichenettes/eurorack/tree/master/marbles		https://oddvolt.com/collections/for-mutable-instruments
HAVE - main table	Mutable Instruments	Peaks	Dual function generator	Open source	Hardware CC BY-SA 3.0, code MIT	https://pichenettes.github.io/mutable-instruments-documentation/modules/peaks/downloads/peaks_v30.pdf		https://github.com/pichenettes/eurorack/tree/master/peaks		https://oddvolt.com/collections/for-mutable-instruments
HAVE - main table	Mutable Instruments	Plaits	Macro-oscillator	Open source	Hardware CC BY-SA 3.0, code MIT	https://pichenettes.github.io/mutable-instruments-documentation/modules/plaits/downloads/plaits_v50.pdf		https://github.com/pichenettes/eurorack/tree/master/plaits		https://oddvolt.com/collections/for-mutable-instruments
HAVE - main table	Mutable Instruments	Rings	Resonator	Open source	Hardware CC BY-SA 3.0, code MIT	https://pichenettes.github.io/mutable-instruments-documentation/modules/rings/downloads/rings_v30.pdf		https://github.com/pichenettes/eurorack/tree/master/rings		https://oddvolt.com/collections/for-mutable-instruments
HAVE - main table	Mutable Instruments	Ripples	Liquid 4-pole filter	Open source	Hardware CC BY-SA 3.0, code MIT	https://pichenettes.github.io/mutable-instruments-documentation/modules/ripples_original/downloads/ripples_v40.pdf		https://github.com/pichenettes/eurorack/tree/master/ripples		https://oddvolt.com/collections/for-mutable-instruments
HAVE - main table	Mutable Instruments	Shades	Triple attenuverter	Open source	Hardware CC BY-SA 3.0, code MIT	https://pichenettes.github.io/mutable-instruments-documentation/modules/shades_original/downloads/shades_v30.pdf		https://github.com/pichenettes/eurorack/tree/master/shades		https://oddvolt.com/collections/for-mutable-instruments
HAVE - main table	Mutable Instruments	Shelves	EQ / filter	Open source	Hardware CC BY-SA 3.0, code MIT	https://pichenettes.github.io/mutable-instruments-documentation/modules/shelves/downloads/shelves_v05.pdf		https://github.com/pichenettes/eurorack/tree/master/shelves		https://oddvolt.com/collections/for-mutable-instruments
HAVE - main table	Mutable Instruments	Stages	Segment generator	Open source	Hardware CC BY-SA 3.0, code MIT	https://pichenettes.github.io/mutable-instruments-documentation/modules/stages/downloads/stages_v70.pdf		https://github.com/pichenettes/eurorack/tree/master/stages		https://oddvolt.com/collections/for-mutable-instruments
HAVE - main table	Mutable Instruments	Streams	Dual dynamics gate	Open source	Hardware CC BY-SA 3.0, code MIT	https://pichenettes.github.io/mutable-instruments-documentation/modules/streams/downloads/streams_v05.pdf		https://github.com/pichenettes/eurorack/tree/master/streams		https://oddvolt.com/collections/for-mutable-instruments
HAVE - main table	Mutable Instruments	Tides	Tidal modulator / oscillator	Open source	Hardware CC BY-SA 3.0, code MIT	https://pichenettes.github.io/mutable-instruments-documentation/modules/tides_original/downloads/tides1_v40.pdf		https://github.com/pichenettes/eurorack/tree/master/tides		https://oddvolt.com/collections/for-mutable-instruments
HAVE - main table	Mutable Instruments	Tides (2018)	Tidal modulator / oscillator	Open source	Hardware CC BY-SA 3.0, code MIT	https://pichenettes.github.io/mutable-instruments-documentation/modules/tides_2018/downloads/tides_v40.pdf		https://github.com/pichenettes/eurorack/tree/master/tides2		https://oddvolt.com/collections/for-mutable-instruments
HAVE - main table	Mutable Instruments	Veils	Quad VCA	Open source	Hardware CC BY-SA 3.0, code MIT	https://pichenettes.github.io/mutable-instruments-documentation/modules/veils_2020/downloads/veils_v110.pdf		https://github.com/pichenettes/eurorack/tree/master/veils		https://oddvolt.com/collections/for-mutable-instruments
HAVE - main table	Mutable Instruments	Warps	Meta-modulator	Open source	Hardware CC BY-SA 3.0, code MIT	https://pichenettes.github.io/mutable-instruments-documentation/modules/warps/downloads/warps_v30.pdf		https://github.com/pichenettes/eurorack/tree/master/warps		https://oddvolt.com/collections/for-mutable-instruments
HAVE - main table	Mutable Instruments	Yarns	MIDI interface	Open source	Hardware CC BY-SA 3.0, code MIT	https://pichenettes.github.io/mutable-instruments-documentation/modules/yarns/downloads/yarns_v03.pdf		https://github.com/pichenettes/eurorack/tree/master/yarns		https://oddvolt.com/collections/for-mutable-instruments
HAVE - main table	Mystic Circuits	0HP 0ttenuator	Inline attenuator	Proprietary	No licence published	https://github.com/mysticcircuits/0HP_Modular/tree/master/Hardware/0HP%200ttenuator			https://github.com/mysticcircuits/0HP_Modular/tree/master/Build_Instructions/0HP_0ttenuator	https://www.mysticcircuits.com/product/0hp-0ttenuator-diy
HAVE - main table	Mystic Circuits	0HP AND Gate / VCA	Inline analog AND / VCA	Proprietary	No licence published	https://github.com/mysticcircuits/0HP_Modular/tree/master/Hardware/0HP%20AND%20Gate			https://github.com/mysticcircuits/0HP_Modular/tree/master/Build_Instructions/0HP_AND_GATE	https://www.mysticcircuits.com/product/0hp-and-gate-full-kit
HAVE - main table	Mystic Circuits	0HP EYEtenuator	Dual light-sensor attenuator	Proprietary	No licence published	https://github.com/mysticcircuits/0HP_Modular/tree/master/Hardware/0HP%20EYEtenuator			https://github.com/mysticcircuits/0HP_Modular/tree/master/Build_Instructions/0HP_EYEtenuator	https://www.mysticcircuits.com/product/0hp-eyetenuator-full-kit
HAVE - main table	Mystic Circuits	0HP Filter	Inline low-pass filter / clipper	Proprietary	No licence published	https://github.com/mysticcircuits/0HP_Modular/tree/master/Hardware/0HP%20Filter			https://github.com/mysticcircuits/0HP_Modular/tree/master/Build_Instructions/0HP_Filter	https://www.mysticcircuits.com/product/0hp-filter-full-kit
HAVE - main table	Mystic Circuits	0HP OR Gate	Inline analog OR / combiner	Proprietary	No licence published	https://github.com/mysticcircuits/0HP_Modular/tree/master/Hardware/0HP%20OR%20Gate			https://github.com/mysticcircuits/0HP_Modular/tree/master/Build_Instructions/0HP_OR_GATE	https://www.mysticcircuits.com/product/0hp-or-gate-full-kit
HAVE - main table	Mystic Circuits	0HP Vactrol LPG/VCA	Inline vactrol LPG / VCA	Proprietary	No licence published	https://github.com/mysticcircuits/0HP_Modular/tree/master/Hardware/0HP%20Vactrol%20LPG-VCA			https://github.com/mysticcircuits/0HP_Modular/tree/master/Build_Instructions/0HP_Vactrol_LPG_VCA	https://www.mysticcircuits.com/product/0hp-vactrol-lpg-vca-full-kit
HAVE - main table	PaulStoffregen	O_C (Teensy 4.1)	Multi-function	Proprietary	No open licence published, treat as all rights reserved	https://github.com/PaulStoffregen/O_C_T41		https://github.com/PaulStoffregen/O_C_T41	https://github.com/PaulStoffregen/O_C_T41	https://www.thonk.co.uk/shop/cctv-ornament-and-crime/
HAVE - main table	Sluisbrinkie	Toepler+	Programmable RP2040 digital voice	Open source	CC BY-SA 4.0 on the design files			https://github.com/niektb/sluisbrinkie-eurorack-published	https://github.com/niektb/sluisbrinkie-eurorack-published/tree/main/Sluisbrinkie%20Toepler%2B	https://www.tindie.com/products/sluisbrinkie/sluisbrinkie-toepler-diy-kit/
HAVE - main table	Super Synthesis	2OPFM	2-operator FM voice	Open source	CC0	https://github.com/supersynthesis/eurorack/blob/main/Production%20Modules/2OPFM/2OPFM_REV5_SCHEMATIC.pdf		https://github.com/supersynthesis/eurorack		https://midwestmodular.com
HAVE - main table	Super Synthesis	CHORUS	Chorus	Open source	CC0			https://github.com/supersynthesis/eurorack		https://midwestmodular.com
HAVE - main table	Super Synthesis	EG	Envelope (cycling)	Open source	CC0	https://github.com/supersynthesis/eurorack/blob/main/Production%20Modules/EG/EG_REV1_SCHEMATIC.pdf		https://github.com/supersynthesis/eurorack		https://midwestmodular.com
HAVE - main table	Super Synthesis	PHRSR	Phaser	Open source	CC0	https://github.com/supersynthesis/eurorack/blob/main/Production%20Modules/PHRSR/PHRSR_REV7_SCHEMATIC.pdf		https://github.com/supersynthesis/eurorack		https://midwestmodular.com
HAVE - main table	Super Synthesis	ROOM	Reverb	Open source	CC0			https://github.com/supersynthesis/eurorack		https://midwestmodular.com
HAVE - main table	Super Synthesis	SCANNER	1-to-4 triangle CV generator (scanning / crossfade)	Open source	CC0	https://github.com/supersynthesis/eurorack/blob/main/Production%20Modules/SCANNER/SCANNER_REV2_SCHEMATIC.pdf		https://github.com/supersynthesis/eurorack		https://midwestmodular.com
HAVE - main table	Super Synthesis	SVFs	State-variable filter	Open source	CC0	https://github.com/supersynthesis/eurorack/blob/main/Production%20Modules/SVFs/SVFs_REV3_SCHEMATIC.pdf		https://github.com/supersynthesis/eurorack		https://midwestmodular.com
HAVE - main table	Super Synthesis	TVCA	Dual-input VCA with distortion	Open source	CC0	https://github.com/supersynthesis/eurorack/blob/main/Production%20Modules/TVCA/TVCA_REV3_SCHEMATIC.pdf		https://github.com/supersynthesis/eurorack		https://midwestmodular.com
HAVE - main table	Super Synthesis	VCAs	Quad VCA	Open source	CC0	https://github.com/supersynthesis/eurorack/blob/main/Production%20Modules/VCAs/VCAs_REV2_SCHEMATIC.pdf		https://github.com/supersynthesis/eurorack		https://midwestmodular.com
HAVE - main table	Synthrotek	ADSR	ADSR/AR envelope	Proprietary	No licence published				https://www.synthrotek.com/kit-assembly-instructions/modular-circuit-assembly-instructions/adsr-assembly-instructions/	https://www.synthrotek.com/products/modular-circuits/adsr/
HAVE - main table	TOIL Modular	RAT	Dual RAT-style distortion	Open source	No open licence published, treat as all rights reserved	https://github.com/TOILmodular/RAT/blob/main/Schematic/Schematic.pdf		https://github.com/TOILmodular/RAT	https://github.com/TOILmodular/RAT/blob/main/README.md	
HAVE - main table	Voxmachina	Su Su	Bipolar PSU (±12V)	Proprietary	MIT covers the repo's software, no hardware licence	https://github.com/musicdevghost/eurorack/blob/main/SU%20SU%20-%20POWER%20SUPPLY/Schematics/schematic.pdf		https://github.com/musicdevghost/eurorack	https://github.com/musicdevghost/eurorack/tree/main/SU%20SU%20-%20POWER%20SUPPLY	
HAVE - main table	Winterbloom	Castor & Pollux	Dual Juno-inspired oscillator	Open source	Hardware CERN-OHL-P v2, panel CC BY-SA 4.0, firmware MIT	https://github.com/wntrblm/Castor_and_Pollux/blob/main/hardware/mainboard/mainboard.pdf		https://github.com/wntrblm/Castor_and_Pollux	https://github.com/wntrblm/Castor_and_Pollux/tree/main/user_guide	https://winterbloom.com/shop/castor-and-pollux-kit/
HAVE - main table	Winterbloom	Helium	Buffered mult + precision adder	Open source	Hardware CERN-OHL-P v2, panel CC BY-SA 4.0, firmware MIT	https://github.com/wntrblm/Helium/tree/main/hardware		https://github.com/wntrblm/Helium	https://helium.wntr.dev/	https://winterbloom.com/shop/helium/
HAVE - main table	Winterbloom	Neptune	Diode-ladder filter with drive	Open source	Hardware CERN-OHL-P v2, panel CC BY-SA 4.0, firmware MIT	https://github.com/wntrblm/Neptune/tree/main/hardware		https://github.com/wntrblm/Neptune	https://neptune.wntr.dev/	https://winterbloom.com/shop/neptune/
HAVE - main table	Winterbloom	Sol	USB MIDI-to-CV/gate	Open source	Hardware CERN-OHL-P v2, panel CC BY-SA 4.0, firmware MIT	https://github.com/wntrblm/Sol/tree/master/hardware		https://github.com/wntrblm/Sol	https://github.com/wntrblm/Sol/tree/master/user_guide	https://winterbloom.com/shop/sol/
HAVE - main table	Winterbloom	Speak to Me	Headphone / speaker output	Open source	Hardware CERN-OHL-P v2, panel CC BY-SA 4.0, firmware MIT	https://github.com/wntrblm/Speak_to_Me/tree/main/hardware		https://github.com/wntrblm/Speak_to_Me	https://github.com/wntrblm/Speak_to_Me/tree/main/user_guide	https://winterbloom.com/shop/speak-to-me/
HAVE - main table	abluenautilus	Tap-O-Matic (DDV)	Multi-tap delay (based on the OAM Time Machine)	Open source	No open licence published, treat as all rights reserved	https://github.com/abluenautilus/Tap-O-Matic-DDV/tree/main/kicad		https://github.com/abluenautilus/Tap-O-Matic-DDV	https://docs.google.com/document/d/1rPKsOXEx5abdQNxCypnp2nViSWlIubEysEng-fZd7tw/edit	
HAVE - main table	diysynth	3320 VCF	Filter (AS3320)	Open source	Hardware and schematics CC BY-SA 4.0	https://github.com/diysynth/EURORACK-MODULES/blob/main/3320%20VCF%20(6HP)/3320VCFschematic.png		https://github.com/diysynth/EURORACK-MODULES	https://github.com/diysynth/EURORACK-MODULES/tree/main/3320%20VCF%20(6HP)	
HAVE - main table	diysynth	Buffered Multiple	Utility	Open source	Hardware and schematics CC BY-SA 4.0	https://github.com/diysynth/EURORACK-MODULES/blob/main/BUFFERED%20MULTIPLE%20(3HP)/Schematic_BufferedMulti.png		https://github.com/diysynth/EURORACK-MODULES	https://github.com/diysynth/EURORACK-MODULES/tree/main/BUFFERED%20MULTIPLE%20(3HP)	
HAVE - main table	diysynth	Cycling Envelope Generator	Envelope / LFO	Open source	Hardware and schematics CC BY-SA 4.0	https://github.com/diysynth/EURORACK-MODULES/blob/main/CYCLING%20ENVELOPE%20GENERATOR%20(4HP)/CYCENV_Schematics.png		https://github.com/diysynth/EURORACK-MODULES	https://github.com/diysynth/EURORACK-MODULES/tree/main/CYCLING%20ENVELOPE%20GENERATOR%20(4HP)	
HAVE - main table	diysynth	DigiLFO	LFO	Open source	Hardware and schematics CC BY-SA 4.0	https://github.com/diysynth/EURORACK-MODULES/blob/main/DIGILFO%20(6HP)/digiLFOschematic.png		https://github.com/diysynth/EURORACK-MODULES	https://github.com/diysynth/EURORACK-MODULES/tree/main/DIGILFO%20(6HP)	
HAVE - main table	diysynth	Looping A-R	Envelope	Open source	Hardware and schematics CC BY-SA 4.0	https://github.com/diysynth/EURORACK-MODULES/blob/main/LOOPING%20A-R/loop-ar-schematic.png		https://github.com/diysynth/EURORACK-MODULES	https://github.com/diysynth/EURORACK-MODULES/tree/main/LOOPING%20A-R	
HAVE - main table	diysynth	Noise Lab	Noise	Open source	Hardware and schematics CC BY-SA 4.0	https://github.com/diysynth/EURORACK-MODULES/blob/main/NOISE%20LAB%20(3HP)/Schematic_NoiseLab.png		https://github.com/diysynth/EURORACK-MODULES	https://github.com/diysynth/EURORACK-MODULES/tree/main/NOISE%20LAB%20(3HP)	
HAVE - main table	diysynth	Offset-Gain Utility	Utility	Open source	Hardware and schematics CC BY-SA 4.0	https://github.com/diysynth/EURORACK-MODULES/blob/main/OFFSET-GAIN%20UTILITY%20(4HP)/OffsetGain_Schematic.png		https://github.com/diysynth/EURORACK-MODULES	https://github.com/diysynth/EURORACK-MODULES/tree/main/OFFSET-GAIN%20UTILITY%20(4HP)	
HAVE - main table	diysynth	PSU	Power supply	Open source	Hardware and schematics CC BY-SA 4.0	https://github.com/diysynth/EURORACK-MODULES/blob/main/PSU%20(6HP)/PSU_schematic.png		https://github.com/diysynth/EURORACK-MODULES	https://github.com/diysynth/EURORACK-MODULES/tree/main/PSU%20(6HP)	
HAVE - main table	diysynth	Passive Low Pass Gate	Low-pass gate	Open source	Hardware and schematics CC BY-SA 4.0	https://github.com/diysynth/EURORACK-MODULES/blob/main/PASSIVE%20LOW%20PASS%20GATE%20(2HP)/LPG_schematic.png		https://github.com/diysynth/EURORACK-MODULES	https://github.com/diysynth/EURORACK-MODULES/tree/main/PASSIVE%20LOW%20PASS%20GATE%20(2HP)	
HAVE - main table	diysynth	Sub Modulator	Sub-osc / ring mod	Open source	Hardware and schematics CC BY-SA 4.0	https://github.com/diysynth/EURORACK-MODULES/blob/main/SUB%20MODULATOR%20(6HP)/SubMod_Schematics.png		https://github.com/diysynth/EURORACK-MODULES	https://github.com/diysynth/EURORACK-MODULES/tree/main/SUB%20MODULATOR%20(6HP)	
HAVE - same collection as mzuelch/CATs-Eurosynth (Sync LFO = p661)	Modulove	SYNC LFO	Clock synced Arduino LFO	Proprietary	MIT covers the firmware, no hardware licence			https://github.com/modulove/CATs-Eurosynth/tree/main/Modules/HAGIWO/Sync%20LFO	https://dl.modulove.de/module/synclfo/index.html	https://www.tindie.com/products/modulove/clock-sync-lfo-arduino-eurorack-modul/
HAVE - triage DEFERRED: user: primarily video modules - set aside for later; a later pass would pick out any non-v	Syntonie	VU006 Quadrature Oscillator	Quadrature oscillator (video synthesis)	Proprietary	No open licence published, treat as all rights reserved			https://github.com/Syntonie/documentation		https://modularaddict.com/vu006-syntonie
HAVE - triage OUT: closed hardware (CCTV Coven LFO kit); build guide cctv.fm/post/coven-lfo-build-guide has a	CCTV.fm	Coven LFO	Digital quad LFO with clock sync and division	Proprietary	Firmware GPL-3.0, no hardware licence			https://github.com/cctvfm/covenlfo	https://www.cctv.fm/post/coven-lfo-build-guide	https://www.tindie.com/products/cctv/coven-lfo-diy-eurorack-digital-lfo-kit/
HAVE - triage OUT: closed hardware (Neutral Labs Pip); schematic JPG on neutral-labs.com/pip -> listed in the	Neutral Labs	Pip	Dual clocked CV generator, complex LFO and CV recorder	Proprietary	Firmware released to the public domain, no hardware licence			https://github.com/neutral-labs/pip	https://neutral-labs.com/sb/pip-downloads/Pip-v1.1-build-guide.pdf	https://neutral-labs.com/pip
EXTRA, not in the sheet - Isaac Beers product with a published schematic	Isaac Beers	4094 shift register				https://isaacbeers.square.site/uploads/b/a029a0b0-d7a4-11ed-a402-c9f57f4c154c/BEERS-4094-BOM-schem.pdf	product page links it as schematic (2026-09-26)			https://isaacbeers.square.site/product/4094/ZITRUIOZ3L5GAA3BQU4EPQVW
EXTRA, not in the sheet - Isaac Beers product with a published schematic	Isaac Beers	divide by n				https://isaacbeers.square.site/uploads/b/a029a0b0-d7a4-11ed-a402-c9f57f4c154c/BEERS-dividebyn-schem.pdf	product page links it as schematic (2026-09-26)			https://isaacbeers.square.site/product/divide-by-n/XBBLZUKG46Z6AYMOOMJUJE4M
EXTRA, not in the sheet - Isaac Beers product with a published schematic	Isaac Beers	4070 XOR				https://isaacbeers.square.site/uploads/b/a029a0b0-d7a4-11ed-a402-c9f57f4c154c/BEERS-4070-BOM-schem.pdf	product page links it as schematic (2026-09-26)			https://isaacbeers.square.site/product/4070/VWRRN4AJIRXH6LCQJXLC42AZ
EXTRA, not in the sheet - Isaac Beers product with a published schematic	Isaac Beers	4026 7-segment display decade counter				https://isaacbeers.square.site/uploads/b/a029a0b0-d7a4-11ed-a402-c9f57f4c154c/BEERS-4026-schem.pdf	product page links it as schematic (2026-09-26)			https://isaacbeers.square.site/product/4026/VW4D2TIQD4EKUQU3WD5KPEND
EXTRA, not in the sheet - Isaac Beers product with a published schematic	Isaac Beers	Clipper				https://isaacbeers.square.site/uploads/b/a029a0b0-d7a4-11ed-a402-c9f57f4c154c/BEERS-Clipper-BOM-schem.pdf	product page links it as schematic (2026-09-26)			https://isaacbeers.square.site/product/clipper/M2TDWHBUSRC3SHGNAKPSEXSV
EXTRA, not in the sheet - Isaac Beers product with a published schematic	Isaac Beers	3phaseVCO				https://isaacbeers.square.site/uploads/b/a029a0b0-d7a4-11ed-a402-c9f57f4c154c/BEERS-3phaseVCO-schem_ODgzOD.pdf	product page links it as schematic (2026-09-26)			https://isaacbeers.square.site/product/3phasevco/HDJ55CL5I4PABPOR6ENZIGNX
EXTRA, not in the sheet - Isaac Beers product with a published schematic	Isaac Beers	SeqSw6				https://isaacbeers.square.site/uploads/b/a029a0b0-d7a4-11ed-a402-c9f57f4c154c/BEERS-SeqSw6-schem.pdf	product page links it as schematic (2026-09-26)			https://isaacbeers.square.site/product/seqsw6/ED5UPANDULRXWO7PNSAX2CIY
EXTRA, not in the sheet - Isaac Beers product with a published schematic	Isaac Beers	Bigger Dumber Sequencer (16-step version)				https://isaacbeers.square.site/uploads/b/a029a0b0-d7a4-11ed-a402-c9f57f4c154c/BEERS-BiggerDumber16-schem_ODU1Mj.pdf	product page links it as schematic (2026-09-26)			https://isaacbeers.square.site/product/bigger-dumber-sequencer-16-step-version-/22
EXTRA, not in the sheet - Isaac Beers product with a published schematic	Isaac Beers	Big Dumb Sequencer				https://isaacbeers.square.site/uploads/b/a029a0b0-d7a4-11ed-a402-c9f57f4c154c/BEERS-BigDumb-schem1.pdf	product page links it as schematic (2026-09-26)			https://isaacbeers.square.site/product/big-dumb-sequencer/21
EXTRA, not in the sheet - Isaac Beers product with a published schematic	Isaac Beers	4054x2 data latch				https://isaacbeers.square.site/uploads/b/a029a0b0-d7a4-11ed-a402-c9f57f4c154c/BEERS-4054x2-schem.pdf	product page links it as schematic (2026-09-26)			https://isaacbeers.square.site/product/4054x2/10
EXTRA, not in the sheet - Synthrotek eurorack module with a published schematic	Synthrotek	308				https://www.synthrotek.com/products/modular-circuits/308-2/308-schematic/	listed in the site schematic menu under modular circuits (2026-09-26)			
EXTRA, not in the sheet - Synthrotek eurorack module with a published schematic	Synthrotek	Quadrangle				https://www.synthrotek.com/products/modular-circuits/quadrangle/quadrangle-schematic/	listed in the site schematic menu under modular circuits (2026-09-26)			
EXTRA, not in the sheet - Synthrotek eurorack module with a published schematic	Synthrotek	Eurorack Combine-OR				https://www.synthrotek.com/products/modular-circuits/eurorack-combine-or-module/eurorack-combine-or-schematic/	listed in the site schematic menu under modular circuits (2026-09-26)			
EXTRA, not in the sheet - Synthrotek eurorack module with a published schematic	Synthrotek	Eurorack Either-OR				https://www.synthrotek.com/products/modular-circuits/eurorack-either-or-module/eurorack-either-or-schematic/	listed in the site schematic menu under modular circuits (2026-09-26)			
EXTRA, not in the sheet - Synthrotek eurorack module with a published schematic	Synthrotek	VCA				https://www.synthrotek.com/products/modular-circuits/vca/vca-schematic/	listed in the site schematic menu under modular circuits (2026-09-26)			
EXTRA, not in the sheet - CCTV build guide mentions a schematic; format not checked	CCTV.fm	Ouija				https://www.cctv.fm/post/ouija-build-guide	build guide page has an 'Ouija schematic' caption (2026-09-26)			
EXTRA, not in the sheet - CCTV build guide mentions a schematic; format not checked	CCTV.fm	MS-420				https://www.cctv.fm/post/ms-420-build-guide	build guide page has a SCHEMATIC heading (2026-09-26)			
EXTRA, not in the sheet - CCTV build guide mentions a schematic; format not checked	CCTV.fm	Fade4				https://www.cctv.fm/post/fade4	post has a Schematic heading (2026-09-26)			
EXTRA, not in the sheet - Erica EDU module with a schematic in its manual	Erica Synths	EDU Hi-Hat				https://www.ericasynths.lv/service/file/download/product_id/798/file_id/504/#page=50	vector-drawing page after the assembly appendix; same layout as the checked EDU manuals (2026-09-26)			
EXTRA, not in the sheet - Erica EDU module with a schematic in its manual	Erica Synths	EDU FM Drum				https://www.ericasynths.lv/service/file/download/product_id/796/file_id/585/#page=64	vector-drawing page after the assembly appendix; same layout as the checked EDU manuals (2026-09-26)			
EXTRA, not in the sheet - Erica EDU module with a schematic in its manual	Erica Synths	EDU Snare Drum				https://www.ericasynths.lv/service/file/download/product_id/819/file_id/530/#page=44	vector-drawing page after the assembly appendix; same layout as the checked EDU manuals (2026-09-26)			
EXTRA, not in the sheet - Erica EDU module with a schematic in its manual	Erica Synths	EDU Drum Mixer				https://www.ericasynths.lv/service/file/download/product_id/1161/file_id/614/#page=42	vector-drawing page after the assembly appendix; same layout as the checked EDU manuals (2026-09-26)			
