id	repo	sha	date	module_dir	creator	module_name	type	license	schematic	layout	components	link	notes	comp_conf	comp_basis	type_basis	creator_basis	license_basis	bom	followup	detector_version
p01	musicdevghost/eurorack	46ea69c	2024-07	SU SU - POWER SUPPLY	Voxmachina	Su Su	power supply	MIT	https://github.com/musicdevghost/eurorack/blob/main/SU%20SU%20-%20POWER%20SUPPLY/Schematics/schematic.pdf	easyEDA + gerbers		https://github.com/musicdevghost/eurorack/tree/main/SU%20SU%20-%20POWER%20SUPPLY		Deferred	no .kicad_pcb, EasyEDA JSON, Eagle .brd or machine-readable BOM in scope	"README table: ""Su Su - Bipolar Power Supply | Provides 1A, +/-12v"""	the curated CSV rows for the same repo use Voxmachina; brand not in the GitHub repo	"README ""## License / MIT License"""	y	creator brand unverifiable from GitHub; components needs BOM.xlsx read	19
p02	kstammits/crimps	765b16f	2024-08	Jinx	Mutable Instruments + Karltron	Jinx	S&H / Noise / Rectifier / Logic	CC BY-SA	x	kicad	SMD	https://github.com/kstammits/crimps/tree/main/Jinx	Kinks clone rebuilt in KiCad at 0805; see also Crimps in same repo	Strong	kicad footprints (files=1: Jinx.kicad_pcb): smd=75 tht_passive=4 tht_to=0 tht_ic=0 (panel excluded) smd_ic=3	same footprint + schematic set as Crimps (k2_1..k2_4)	"README ""Originally cloning Mutable Instruments' Kinks"""	"README ""it's cc-by-sa so copyleft"""	-		19
p03	dchwebb/Addatone	7ed5628	2024-08	.	dchwebb	Addatone	Additive Oscillator		https://github.com/dchwebb/Addatone/blob/master/Hardware/Components_v2.pdf	kicad	SMD	https://github.com/dchwebb/Addatone		Strong	kicad footprints (files=4: AddaTone Controls.kicad_pcb, AddaTone Solder Stencil.kicad_pcb, AddaTone components.kicad_pcb, Addatone Panel.kicad_pcb): smd=157 tht_passive=0 tht_to=0 tht_ic=0 (panel excluded) smd_ic=10	"README ""# Addatone""; list desc ""Eurorack Additive Oscillator based on Lattice FPGA and ARM MCU"""	GitHub owner (no brand name in repo)	no LICENSE file, no README statement	-	License blank - no LICENSE file and no README statement	19
p04	polykit/vca-8	a05f6a1	2021-06	.	Polykit	VCA-8	VCA (8-channel)		https://github.com/polykit/vca-8/blob/master/polykit-vca-8.pdf	kicad	THT	https://github.com/polykit/vca-8	based on YuSynth VCA and Kassutronics VCA designs	Strong	kicad footprints (files=1: vca-8.kicad_pcb): smd=0 tht_passive=116 tht_to=24 tht_ic=8 (panel excluded) smd_ic=0	"README ""Kicad schematics and PCB layout for a VCA with 8 independent voices""; # References cites yusynth.net and kassu2000.blogspot.com"	"README ""# Polykit VCA-8"""	no LICENSE file	-	License blank	19
p05	Fihdi/MiniDrumkit	d19d41d	2026-04	MiniDrumkit2	Fihdi	MiniDrumkit	drum (kick / hi-hat / sample player)	MIT	x	kicad	SMD	https://github.com/Fihdi/MiniDrumkit/tree/main/MiniDrumkit2		Strong	kicad footprints (files=1: MiniDrumkit2.kicad_pcb): smd=151 tht_passive=0 tht_to=0 tht_ic=0 (panel excluded) smd_ic=9	"README ""Eurorack DrumKit module with an Arduino Nano ESP32 3 channel wave-file player and analog Hi-Hat and Kick Drum sections"""	GitHub owner (no brand name in repo)	"LICENSE file ""MIT License"""	-	30HP per README title	19
p06	poetaster/noodle	c58d529	2026-07	.	poetaster	Noodle	sequencer (CMOS)	GPL	https://github.com/poetaster/noodle/blob/main/noodle_schem.jpg	fritzing + gerbers + breadboard	THT	https://github.com/poetaster/noodle		Stated	CMOS through-hole build; noodle_bb.jpg is a Fritzing breadboard layout	"README ""Noodle is a wandering sequencer for eurorack implemented with CMOS"""	GitHub owner (no brand name in repo)	"LICENSE ""GNU GENERAL PUBLIC LICENSE"""	-		19
p07	KittenVillage/Benjolin	fe9efd4	2021-08	.	Rob Hordijk + KittenVillage	Benjolin (modified)	Benjolin	CC BY-NC 4.0	https://github.com/KittenVillage/Benjolin/blob/master/benjolin_1.6.pdf	eagle	SMD	https://github.com/KittenVillage/Benjolin		Stated	"list description ""SMT Benjolin"""	"README ""# Benjolin""; Benjolin is Rob Hordijk's design"	"README ""CC-By-NC 4.0, 2019""; original by Rob Hordijk; maker part is the GitHub owner (no brand name in repo)"	"README ""CC-By-NC 4.0, 2019"""	y	verify SMD by footprint in Pass B	19
p08	kweiwen/thinks	2dc135a	2017-09	.	Mutable Instruments + kweiwen	Links (modified)	buffered multiple / precision adder		https://github.com/kweiwen/thinks/blob/master/hardware/schematic/001.png	eagle	THT	https://github.com/kweiwen/thinks		Stated	"README ""same value as the original links but with through hole compoments"""	"README ""a modification eurorack project based on mutable links"""	README states modification of Mutable Links; maker part is the GitHub owner (no brand name in repo)	no LICENSE file	y	License blank; original Links is CC BY-SA per Mutable	19
p09	508-loop-detected/precision-adder	a83cdea	2020-12	.	508-loop-detected	Precision Adder	precision adder	CC BY-NC-SA 4.0	https://github.com/508-loop-detected/precision-adder/blob/main/Schematic_precision-adder-final-v2.2.pdf	gerbers	both	https://github.com/508-loop-detected/precision-adder		Stated	BOM (files=1: BOM_precision-adder-final-v2.2.csv): smd=63 tht_passive=8 tht_to=2 tht_ic=0 (panel excluded) smd_ic=5	"README ""This is a precision CV source and adder. It has four independent CV inputs with passthru"""	GitHub owner (no brand name in repo)	"LICENSE ""Creative Commons Attribution-NonCommercial-ShareAlike 4.0 International"""	y	no EDA source in tree - gerbers and BOM only	19
p10	Testbild-synth/headphone	2c2f494	2023-08	.	Testbild-synth	Krach HP	headphone output (passive)		https://github.com/Testbild-synth/headphone/blob/main/schematic.pdf	kicad + easyEDA	THT	https://github.com/Testbild-synth/headphone	"Commissioned for ""Krach der Roboter"""	Strong	easyeda pcb json (files=1: circuit_pcb_easyeda.json): smd=0 tht_passive=2 tht_to=0 tht_ic=0 (panel excluded) smd_ic=0	"README ""# Krach HP / passive 3HP eurorack headphone output module"""	"LICENSE ""Copyright (c) 2023 Testbild-synth"""	LICENSE file present but binary/unparsed	y	License unread (binary); components from the EasyEDA PCB JSON (design files/circuit_pcb_easyeda.json)	19
p11	wntrblm/Castor_and_Pollux	652b28c	2025-09	.	Winterbloom	Castor & Pollux	VCO (dual, Juno-inspired)	CERN-OHL-P v2 (hardware) / CC BY-SA 4.0 (panel) / MIT (firmware)	https://github.com/wntrblm/Castor_and_Pollux/blob/main/hardware/mainboard/mainboard.pdf	kicad	SMD	https://github.com/wntrblm/Castor_and_Pollux		Strong	kicad footprints (files=1: mainboard.kicad_pcb): smd=144 tht_passive=0 tht_to=0 tht_ic=0 (panel excluded) smd_ic=9	"README ""Castor & Pollux is a Roland Juno-inspired oscillator in Eurorack format"""	"README ""# Winterbloom Castor & Pollux"""	LICENSE.md clauses 1-5: hardware CERN-OHL-P v2, panel CC BY-SA 4.0, firmware MIT	-		19
p12	TomWhitwell/Workshop_Computer	c5b2d89	2026-09	.	Music Thing Modular	Workshop Computer	programmable CV / audio platform	MIT	https://github.com/TomWhitwell/Workshop_Computer/blob/main/documentation/computer_Rev_1_0_0_Schematic.pdf			https://github.com/TomWhitwell/Workshop_Computer		Deferred	no .kicad_pcb, EasyEDA JSON, Eagle .brd or machine-readable BOM in scope	"README ""# Workshop Computer"" (Music Thing Workshop System)"	"user: Music Thing Modular is Tom Whitwell's company; repo evidence: README ""Music Thing Workshop System"", musicthing.co.uk, MTM_* filenames"	"LICENSE ""MIT License"""	-	layout blank; is this a module or a dev platform? REVIEW	19
p13	monome/ansible-hardware	1492cb9	2026-05	.	monome	Ansible	sequencer / CV interface (grid-controlled)	CC BY-SA 3.0	x	eagle	SMD	https://github.com/monome/ansible-hardware	includes the runes board (runes.brd)	Strong	eagle packages (files=2: ansible.brd, runes.brd): smd=127 tht_passive=4 tht_to=1 tht_ic=0 (panel excluded) smd_ic=11	monome Ansible: 4x CV/gate driven by grid/arc, runs Kria/Meadowphysics/Earthsea	"README ""eurorack module by https://monome.org"""	"README ""## license"" -> cc-by-sa-3.0"	-		19
p14	erica-synths/diy-eurorack	80b02d3	2020-08	BBD DIY.zip	Erica Synths	BBD Delay/Flanger	BBD delay / flanger (V3205)	CC BY-SA 3.0	x	gerbers	THT	https://github.com/erica-synths/diy-eurorack/blob/master/BBD%20DIY.zip		Stated	BOMs in BBD DIY.zip (.xls, Package column): smd=0 tht=149 (panel excluded) - data/zip-contents/erica-bom-tally.txt	"README ""all analogue effects unit based on V3205 BBD IC"""	"README ""Erica Synths DIY Eurorack Modules"" / ""Erica Synths discontinues its legacy DIY eurorack projects"""	"README ""License / cc-by-sa-3.0"""	y	zip, not browsable on GitHub; contents listed in data/zip-contents/. KiCad-designed (Eeschema-PDF schematic) but no KiCad source in the zip - gerbers only (PCB + panel).	19
p15	erica-synths/diy-eurorack	80b02d3	2020-08	Bassline DIY.zip	Erica Synths	Bassline	synth voice (acid bassline)	CC BY-SA 3.0	x	gerbers	THT	https://github.com/erica-synths/diy-eurorack/blob/master/Bassline%20DIY.zip		Stated	BOMs in Bassline DIY.zip (.xls, Package column): smd=0 tht=284 (panel excluded) - data/zip-contents/erica-bom-tally.txt	"README ""all in one synth voice for acid basslines and drones"""	"README ""Erica Synths DIY Eurorack Modules"" / ""Erica Synths discontinues its legacy DIY eurorack projects"""	"README ""License / cc-by-sa-3.0"""	y	zip, not browsable on GitHub; contents listed in data/zip-contents/. KiCad-designed (Eeschema-PDF schematic) but no KiCad source in the zip - gerbers only (PCB + panel).	19
p16	erica-synths/diy-eurorack	80b02d3	2020-08	Delay DIY.zip	Erica Synths	Delay	delay (tape / digital, tap tempo)	CC BY-SA 3.0 (PCBs, panel) / proprietary (DSP MCU board)	x	gerbers	THT	https://github.com/erica-synths/diy-eurorack/blob/master/Delay%20DIY.zip	requires the proprietary Erica Synths DIY Delay MCU board: https://www.ericasynths.lv/diy-delay-mcu-board-355/	Stated	BOMs in Delay DIY.zip (.xls, Package column): smd=0 tht=118 (panel excluded) - data/zip-contents/erica-bom-tally.txt	"README ""tape and digital delay unit with tap tempo, tempo sync, reverse, hold and add functions"""	"README ""Erica Synths DIY Eurorack Modules"" / ""Erica Synths discontinues its legacy DIY eurorack projects"""	"README ""License / cc-by-sa-3.0""; MCU board proprietary per user (2026-09-26) and manual ""comes assembled, preprogrammed and tested"""	y	"zip, not browsable on GitHub; contents listed in data/zip-contents/. KiCad-designed (Eeschema-PDF schematic) but no KiCad source in the zip - gerbers only (PCB + panel). IN per user (2026-09-26) despite the proprietary DSP MCU board, which is not in the repo: BOM ""DIY Delay MCU board - available from Erica Synths""; manual ""comes assembled, preprogrammed and tested""."	19
p17	erica-synths/diy-eurorack	80b02d3	2020-08	Dual VCA DIY.zip	Erica Synths	Dual VCA	VCA (dual)	CC BY-SA 3.0	x	gerbers	THT	https://github.com/erica-synths/diy-eurorack/blob/master/Dual%20VCA%20DIY.zip	based on Polivoks design	Stated	BOMs in Dual VCA DIY.zip (.xls, Package column): smd=0 tht=83 (panel excluded) - data/zip-contents/erica-bom-tally.txt	"README ""Polivoks architecture inspired dual VCA, rare Russian differential opamps are now replaced with AS3360"""	"README ""Erica Synths DIY Eurorack Modules"" / ""Erica Synths discontinues its legacy DIY eurorack projects"""	"README ""License / cc-by-sa-3.0"""	y	zip, not browsable on GitHub; contents listed in data/zip-contents/. KiCad-designed (Eeschema-PDF schematic) but no KiCad source in the zip - gerbers only (PCB + panel).	19
p18	erica-synths/diy-eurorack	80b02d3	2020-08	Envelope DIY.zip	Erica Synths	Envelope	EG (looping)	CC BY-SA 3.0	x	gerbers	THT	https://github.com/erica-synths/diy-eurorack/blob/master/Envelope%20DIY.zip	based on Polivoks design	Stated	BOMs in Envelope DIY.zip (.xls, Package column): smd=0 tht=85 (panel excluded) - data/zip-contents/erica-bom-tally.txt	"README ""recreation of Polivoks envelope generator with loop and end of attack functions"""	"README ""Erica Synths DIY Eurorack Modules"" / ""Erica Synths discontinues its legacy DIY eurorack projects"""	"README ""License / cc-by-sa-3.0"""	y	zip, not browsable on GitHub; contents listed in data/zip-contents/. KiCad-designed (Eeschema-PDF schematic) but no KiCad source in the zip - gerbers only (PCB + panel).	19
p19	erica-synths/diy-eurorack	80b02d3	2020-08	Midi-CV DIY.zip	Erica Synths	MIDI-CV	MIDI-CV (dual)	CC BY-SA 3.0	x	gerbers	THT	https://github.com/erica-synths/diy-eurorack/blob/master/Midi-CV%20DIY.zip	based on Polivoks design	Stated	BOMs in Midi-CV DIY.zip (.xls, Package column): smd=0 tht=117 (panel excluded) - data/zip-contents/erica-bom-tally.txt	"README ""Polivoks functionality inspired dual MIDI-CV converter with glide function"""	"README ""Erica Synths DIY Eurorack Modules"" / ""Erica Synths discontinues its legacy DIY eurorack projects"""	"README ""License / cc-by-sa-3.0"""	y	zip, not browsable on GitHub; contents listed in data/zip-contents/. KiCad-designed (Eeschema-PDF schematic) but no KiCad source in the zip - gerbers only (PCB + panel). firmware is a .hex only (Firmware/diy_midi_cv.hex + fuse settings), no source.	19
p20	erica-synths/diy-eurorack	80b02d3	2020-08	Mixer DIY.zip	Erica Synths	Mixer	mixer (3-ch audio)	CC BY-SA 3.0	x	gerbers	THT	https://github.com/erica-synths/diy-eurorack/blob/master/Mixer%20DIY.zip		Stated	BOMs in Mixer DIY.zip (.xls, Package column): smd=0 tht=28 (panel excluded) - data/zip-contents/erica-bom-tally.txt	"README ""simple 3 chanel audio mixer"""	"README ""Erica Synths DIY Eurorack Modules"" / ""Erica Synths discontinues its legacy DIY eurorack projects"""	"README ""License / cc-by-sa-3.0"""	y	zip, not browsable on GitHub; contents listed in data/zip-contents/. KiCad-designed (Eeschema-PDF schematic) but no KiCad source in the zip - gerbers only (PCB + panel).	19
p21	erica-synths/diy-eurorack	80b02d3	2020-08	Modulator DIY.zip	Erica Synths	Modulator	LFO / Noise / S&H	CC BY-SA 3.0	x	gerbers	THT	https://github.com/erica-synths/diy-eurorack/blob/master/Modulator%20DIY.zip	based on Polivoks design	Stated	BOMs in Modulator DIY.zip (.xls, Package column): smd=0 tht=186 (panel excluded) - data/zip-contents/erica-bom-tally.txt	"README ""Polivoks functionality inspired LFO, noise and S&H module"""	"README ""Erica Synths DIY Eurorack Modules"" / ""Erica Synths discontinues its legacy DIY eurorack projects"""	"README ""License / cc-by-sa-3.0"""	y	"zip, not browsable on GitHub; contents listed in data/zip-contents/. KiCad-designed (Eeschema-PDF schematic) but no KiCad source in the zip - gerbers only (PCB + panel). one module, two alternative noise sub-boards (transistor, or Zener in Zener Noise/): manual ""You have a choice to build transistor-based or zener diode-based noise generator""; tally covers both."	19
p22	erica-synths/diy-eurorack	80b02d3	2020-08	Output DIY.zip	Erica Synths	Output	output / headphone amp	CC BY-SA 3.0	x	gerbers	both	https://github.com/erica-synths/diy-eurorack/blob/master/Output%20DIY.zip		Stated	BOMs in Output DIY.zip (.xls, Package column): smd=1 tht=74 (panel excluded) - data/zip-contents/erica-bom-tally.txt	"README ""Output module with headphone amplifier"""	"README ""Erica Synths DIY Eurorack Modules"" / ""Erica Synths discontinues its legacy DIY eurorack projects"""	"README ""License / cc-by-sa-3.0"""	y	zip, not browsable on GitHub; contents listed in data/zip-contents/. KiCad-designed (Eeschema-PDF schematic) but no KiCad source in the zip - gerbers only (PCB + panel). the only SMD part is DA3 (LM4808 headphone amp, SO-8, Main_v3 BOM); all passives are THT.	19
p23	erica-synths/diy-eurorack	80b02d3	2020-08	Polivoks VCF DIY.zip	Erica Synths	Polivoks VCF	VCF	CC BY-SA 3.0	x	gerbers	THT	https://github.com/erica-synths/diy-eurorack/blob/master/Polivoks%20VCF%20DIY.zip	based on Polivoks design	Stated	BOMs in Polivoks VCF DIY.zip (.xls, Package column): smd=0 tht=64 (panel excluded) - data/zip-contents/erica-bom-tally.txt	"README ""authentic recreation of the Polivoks VCF"""	"README ""Erica Synths DIY Eurorack Modules"" / ""Erica Synths discontinues its legacy DIY eurorack projects"""	"README ""License / cc-by-sa-3.0"""	y	zip, not browsable on GitHub; contents listed in data/zip-contents/. KiCad-designed (Eeschema-PDF schematic) but no KiCad source in the zip - gerbers only (PCB + panel).	19
p24	erica-synths/diy-eurorack	80b02d3	2020-08	Swamp DIY.zip	Erica Synths	Swamp	random voltage (Wogglebug-style)	CC BY-SA 3.0	x	gerbers		https://github.com/erica-synths/diy-eurorack/blob/master/Swamp%20DIY.zip	based on Wogglebug design	Deferred	Swamp DIY.zip BOM (DIY_SWAMP12_BOM.xls/.pdf) has no Package column, only part values - needs Pass B part lookup	"README ""our take of Wogglebug module with lots of unique extras"""	"README ""Erica Synths DIY Eurorack Modules"" / ""Erica Synths discontinues its legacy DIY eurorack projects"""	"README ""License / cc-by-sa-3.0"""	y	zip, not browsable on GitHub; contents listed in data/zip-contents/. KiCad-designed (Eeschema-PDF schematic) but no KiCad source in the zip - gerbers only (PCB + panel).	19
p25	erica-synths/diy-eurorack	80b02d3	2020-08	VCO3 DIY.zip	Erica Synths	VCO3	VCO	CC BY-SA 3.0	x	gerbers	THT	https://github.com/erica-synths/diy-eurorack/blob/master/VCO3%20DIY.zip	based on Polivoks design	Stated	BOMs in VCO3 DIY.zip (.xls, Package column): smd=0 tht=163 (panel excluded) - data/zip-contents/erica-bom-tally.txt	"README ""Polivoks inspired VCO with nice extra - VCO Sync input"""	"README ""Erica Synths DIY Eurorack Modules"" / ""Erica Synths discontinues its legacy DIY eurorack projects"""	"README ""License / cc-by-sa-3.0"""	y	zip, not browsable on GitHub; contents listed in data/zip-contents/. KiCad-designed (Eeschema-PDF schematic) but no KiCad source in the zip - gerbers only (PCB + panel).	19
p26	bpcmusic/TXb	9f9e9b7	2019-02	.	bpcmusic	TXb (TELEXb)	i2c bus board (powered, Teletype)	CC BY-SA 4.0	x	eagle + gerbers	SMD	https://github.com/bpcmusic/TXb		Strong	eagle packages (files=1: TELEXb.v1.2.brd): smd=3 tht_passive=0 tht_to=0 tht_ic=0 (panel excluded) smd_ic=0	"README ""2HP powered bus board for the i2c ecosystem"""	GitHub owner (no brand name in repo; only a store.bpcmusic.com link)	"README ""## License / CC BY-SA 4.0"""	y	schematic only inside Eagle board/TELEXb.v1.2.sch	19
p27	newdigate/teensy-eurorack	237c0e6	2023-07	.	Nic Newdigate	teensy eurorack audio shield	audio platform (Teensy 4.1)	MIT	https://github.com/newdigate/teensy-eurorack/blob/master/hardware/docs/teensy-eurorack.pdf	kicad + gerbers	both	https://github.com/newdigate/teensy-eurorack/tree/master/hardware	firmware: https://github.com/newdigate/teensy-eurorack-software	Strong	kicad footprints (files=3: teensy-eurorack-breakout.kicad_pcb, teensy-eurorack.kicad_pcb, uSD_extender_male.kicad_pcb): smd=107 tht_passive=12 tht_to=0 tht_ic=0 (panel excluded) smd_ic=4; the 12 THT passives are CP_Radial electrolytics across 3 boards	"README ""a 30-channel (14 in / 16 out) 16-bit analog teensy 4.1 eurorack shield""; type per user"	"LICENSE ""Copyright (c) 2019 Nic Newdigate"""	"README ""All artifacts are MIT license unless otherwise specified on a per file basis"""	y	3 boards (mainboard, breakout, uSD extender); Mouser BOMs linked from README	19
p28	spherical-sound-society/vortex-generator	6002493	2021-03	.	spherical-sound-society	Vortex Generator	function generator (dual, shift register)	open source, no licence named (firmware) / closed source (hardware, per README)	https://github.com/spherical-sound-society/vortex-generator/blob/master/Schematics_VortexGen_Rev2.02.pdf	commercially available	THT	https://github.com/spherical-sound-society/vortex-generator	See alt. version Rev 3.0 SMD (build guide only, no schematic)	Stated	"Rev 2.023 BOM and Build.pdf: ""TL072 x1 U2 (DIP8)"", ""MCP4822 x1 U1 (DIP8)"", ""Resistors (Recommended 1/8W. You can use 1/4W too"", ""10uF x2 C3, C4 (Electrolityc)""; no SMD parts"	"README ""at its core a function generator ... a shift register performing bit-wise operations between its channels, in a Benjolin or Rungler style"""	GitHub owner (no brand name in repo; Tindie store jc2046)	"README ""goes open source. The hardware remains closed source, so please dont fabricate it""; ruling (user)"	y	kits on Tindie (README); Rev 3.0 SMD has a build guide but no schematic	19
p29	samjkent/modular-mixer	ea3fa94	2021-09	.	Sam Kent	Modular Mixer	mixer (stereo DJ, isolator + main channels)	MIT	x	kicad	SMD	https://github.com/samjkent/modular-mixer		Strong	submodules - mixer-master-channel kicad footprints: smd=116 tht_passive=0 tht_transistor=0 tht_ic=0 (panel excluded) smd_ic=8; mixer-isolator-channel kicad footprints: smd=98 tht_passive=0 tht_transistor=0 tht_ic=0 (panel excluded) smd_ic=7	"index.html ""Eurorack compatible modules for a stereo DJ mixer, with ... cue-ing system with a headphone driver, and VU meters"""	"submodule LICENSE ""Copyright (c) 2021 Sam Kent"""	"submodule LICENSE ""MIT License"" (both submodules)"	-	one entry per user; KiCad sources in submodules samjkent/mixer-master-channel and samjkent/mixer-isolator-channel	19
p30	WiggisModular/mmc	46fc86e	2021-03	psu/eurorack1A	WiggisModular	PSU 1A	power supply (1A)		https://github.com/WiggisModular/mmc/blob/master/psu/eurorack1A/psu.pdf	kicad	THT	https://github.com/WiggisModular/mmc/tree/master/psu/eurorack1A		Strong	kicad footprints (files=1: psu.kicad_pcb): smd=0 tht_passive=10 tht_to=3 tht_ic=0 (panel excluded) smd_ic=0	"README ""Subdirectories for different powersupplies, only eurorack 1A right now""; dir name"	GitHub owner (no brand name in repo)	no LICENSE file, no README statement	y	License blank; case listed in cases.md	19
p31	WiggisModular/mmc	46fc86e	2021-03	psu/eurorack1A_SMD	WiggisModular	PSU 1A (SMD)	power supply (1A)		https://github.com/WiggisModular/mmc/blob/master/psu/eurorack1A_SMD/psu1A_smd.pdf	kicad	SMD	https://github.com/WiggisModular/mmc/tree/master/psu/eurorack1A_SMD		Strong	kicad footprints (files=1: psu1A_smd.kicad_pcb): smd=13 tht_passive=0 tht_to=0 tht_ic=0 (panel excluded) smd_ic=0	"README ""Subdirectories for different powersupplies, only eurorack 1A right now""; dir name"	GitHub owner (no brand name in repo)	no LICENSE file, no README statement	y	License blank; case listed in cases.md	19
p32	pingdynasty/Mix	b6d1d23	2017-07	.	Rebel Technology	Mix 01	mixer (4 in / 2 out matrix, headphone out)	GPL v2	https://github.com/pingdynasty/Mix/blob/master/hardware/LinearMixerRev04-schematic.pdf		SMD	https://github.com/pingdynasty/Mix#mix-01		Stated	hardware/LinearMixerRev04-BOM.pdf Package column: R0603/C0603, SO08/SO14/SOT23 ICs, SMD electrolytics (153CLV, PANASONIC_B, C1210); only panel hardware THT	"README ""Mix 01 is an extensible 4 in / 2 out matrix mixer with dedicated stereo headphone output"""	"README ""created by Rebel Technology""; ""Copyright 2017 Rebel Technology"""	"LICENSE ""GNU GENERAL PUBLIC LICENSE Version 2""; README ""published under the Gnu GPL"""	y	schematic + BOM PDFs only, no EDA or gerber files; one of 4 Mix modules in one hardware/ folder	19
p33	pingdynasty/Mix	b6d1d23	2017-07	.	Rebel Technology	Mix 02	mixer (4 in / 2 out panning, headphone out)	GPL v2	https://github.com/pingdynasty/Mix/blob/master/hardware/DualPanningMixerRev02-schematic.pdf		SMD	https://github.com/pingdynasty/Mix#mix-02		Stated	hardware/DualPanningMixerRev02-BOM.pdf Package column: R0603/C0603, SO08/SO14/SOT23 ICs, SMD electrolytics (153CLV, PANASONIC_B, C1210); only panel hardware THT	"README ""Mix 02 is a 4 in, 2 out panning mixer with dedicated stereo headphone output"""	"README ""created by Rebel Technology""; ""Copyright 2017 Rebel Technology"""	"LICENSE ""GNU GENERAL PUBLIC LICENSE Version 2""; README ""published under the Gnu GPL"""	y	schematic + BOM PDFs only, no EDA or gerber files; one of 4 Mix modules in one hardware/ folder	19
p34	pingdynasty/Mix	b6d1d23	2017-07	.	Rebel Technology	Mix 03	mixer (4 in mono, audio / CV)	GPL v2	https://github.com/pingdynasty/Mix/blob/master/hardware/MonoMixerRev02-schematic.pdf		SMD	https://github.com/pingdynasty/Mix#mix-03		Stated	hardware/MonoMixerRev02-BOM.pdf Package column: R0603/C0603, SO08/SO14/SOT23 ICs, SMD electrolytics (153CLV, PANASONIC_B, C1210); only panel hardware THT	"README ""Mix 03 is a 4 input mono mixer for audio and CV signals"""	"README ""created by Rebel Technology""; ""Copyright 2017 Rebel Technology"""	"LICENSE ""GNU GENERAL PUBLIC LICENSE Version 2""; README ""published under the Gnu GPL"""	y	schematic + BOM PDFs only, no EDA or gerber files; one of 4 Mix modules in one hardware/ folder	19
p35	pingdynasty/Mix	b6d1d23	2017-07	.	Rebel Technology	Mix 04	VCA (4 x 4 matrix, 16 VCAs)	GPL v2	https://github.com/pingdynasty/Mix/blob/master/hardware/VCAMatrixRev04-schematic-p1.pdf		SMD	https://github.com/pingdynasty/Mix#mix-04		Stated	hardware/VCAMatrixRev04-BOM.pdf Package column: R0603/C0603, SO08/SO14/SOT23 ICs, SMD electrolytics (153CLV, PANASONIC_B, C1210); only panel hardware THT	"README ""Mix 04 is a 4 input / 4 output matrix VCA with 16 individual Voltage Controlled Amplifiers"""	"README ""created by Rebel Technology""; ""Copyright 2017 Rebel Technology"""	"LICENSE ""GNU GENERAL PUBLIC LICENSE Version 2""; README ""published under the Gnu GPL"""	y	schematic + BOM PDFs only, no EDA or gerber files; schematic is 3 pages (p1 linked); one of 4 Mix modules in one hardware/ folder	19
p36	joranvg/test-3	0db5883	2018-02	.	Joranalogue Audio Design	Test 3	utility (V / mA meter)	CC BY-SA 4.0 (BOM, schematic) / GPL v3 (firmware)	https://github.com/joranvg/test-3/blob/master/hardware/test-3-pcb.pdf		SMD	https://github.com/joranvg/test-3		Stated	"hardware/test-3-bom.xlsx ""Tech."" column: every non-panel part SMT (SOT-89, SOT-353, SOT-23, TQFP-32, 0805, SMD electrolytic); THT only display, LEDs, switches, headers"	"README ""Test 3 Eurorack V/mA Meter"""	"README ""Joran van Gremberghe / Joranalogue Audio Design"""	"README ""The bill of materials (BoM) and schematic are released under CC BY-SA ... the firmware under the GPL"" (CC BY-SA 4.0 and GPL v3 links)"	y	schematic PDF is a DipTrace print named test-3-pcb.pdf (checked visually); DipTrace schematic source only, no PCB file	19
p37	BruteClaw/Analog-Synth	6f3befd	2025-02	Surface Mount Designes/ADSR_Envelope	BruteClaw	ADSR Envelope (SMD)	EG (ADSR)	GPL v3	https://github.com/BruteClaw/Analog-Synth/blob/main/Surface%20Mount%20Designes/ADSR_Envelope/Schematic.pdf	kicad + gerbers	SMD	https://github.com/BruteClaw/Analog-Synth/tree/main/Surface%20Mount%20Designes/ADSR_Envelope	See alt. version: Through Hole Designs/ADSR_Envelope_THT	Strong	kicad footprints (files=1: ADSR_Envelope.kicad_pcb): smd=40 tht_passive=0 tht_to=0 tht_ic=0 (panel excluded) smd_ic=2	"folder name ADSR_Envelope; README ""designs for EuroRack compatable synthasizer modules"""	GitHub owner (no brand name in repo)	"LICENSE ""GNU GENERAL PUBLIC LICENSE Version 3"""	y	"README ""Each folder includes a BOM from Mouser.com, the Gerber Files"""	19
p38	BruteClaw/Analog-Synth	6f3befd	2025-02	Surface Mount Designes/LFO	BruteClaw	LFO (SMD)	LFO	GPL v3	https://github.com/BruteClaw/Analog-Synth/blob/main/Surface%20Mount%20Designes/LFO/Schematic.pdf	kicad + gerbers	SMD	https://github.com/BruteClaw/Analog-Synth/tree/main/Surface%20Mount%20Designes/LFO	See alt. version: Through Hole Designs/LFO_THT	Strong	kicad footprints (files=1: LFO.kicad_pcb): smd=59 tht_passive=0 tht_to=0 tht_ic=0 (panel excluded) smd_ic=4	"folder name LFO; README ""designs for EuroRack compatable synthasizer modules"""	GitHub owner (no brand name in repo)	"LICENSE ""GNU GENERAL PUBLIC LICENSE Version 3"""	y	"README ""Each folder includes a BOM from Mouser.com, the Gerber Files"""	19
p39	BruteClaw/Analog-Synth	6f3befd	2025-02	Surface Mount Designes/Noise_Gen	BruteClaw	Noise Generator (SMD)	noise	GPL v3	https://github.com/BruteClaw/Analog-Synth/blob/main/Surface%20Mount%20Designes/Noise_Gen/Schematic.pdf	kicad + gerbers	SMD	https://github.com/BruteClaw/Analog-Synth/tree/main/Surface%20Mount%20Designes/Noise_Gen	See alt. version: Through Hole Designs/Noise_Gen_THT	Strong	kicad footprints (files=1: Noise_Gen.kicad_pcb): smd=18 tht_passive=0 tht_to=1 tht_ic=0 (panel excluded) smd_ic=1	"folder name Noise_Gen; README ""designs for EuroRack compatable synthasizer modules"""	GitHub owner (no brand name in repo)	"LICENSE ""GNU GENERAL PUBLIC LICENSE Version 3"""	y	"README ""Each folder includes a BOM from Mouser.com, the Gerber Files"""	19
p40	BruteClaw/Analog-Synth	6f3befd	2025-02	Surface Mount Designes/Notch_Filter	BruteClaw	Notch Filter (SMD)	filter (notch)	GPL v3	https://github.com/BruteClaw/Analog-Synth/blob/main/Surface%20Mount%20Designes/Notch_Filter/Schematic.pdf	kicad + gerbers	SMD	https://github.com/BruteClaw/Analog-Synth/tree/main/Surface%20Mount%20Designes/Notch_Filter	See alt. version: Through Hole Designs/Notch_Filter_THT	Strong	kicad footprints (files=1: Notch_Filter.kicad_pcb): smd=22 tht_passive=0 tht_to=0 tht_ic=0 (panel excluded) smd_ic=1	"folder name Notch_Filter; README ""designs for EuroRack compatable synthasizer modules"""	GitHub owner (no brand name in repo)	"LICENSE ""GNU GENERAL PUBLIC LICENSE Version 3"""	y	"README ""Each folder includes a BOM from Mouser.com, the Gerber Files"""	19
p41	BruteClaw/Analog-Synth	6f3befd	2025-02	Surface Mount Designes/VCF	BruteClaw	VCF (SMD)	VCF	GPL v3	https://github.com/BruteClaw/Analog-Synth/blob/main/Surface%20Mount%20Designes/VCF/Schematic.pdf	kicad + gerbers	SMD	https://github.com/BruteClaw/Analog-Synth/tree/main/Surface%20Mount%20Designes/VCF	See alt. version: Through Hole Designs/VCF_THT	Strong	kicad footprints (files=1: VCF.kicad_pcb): smd=39 tht_passive=0 tht_to=0 tht_ic=0 (panel excluded) smd_ic=0	"folder name VCF; README ""designs for EuroRack compatable synthasizer modules"""	GitHub owner (no brand name in repo)	"LICENSE ""GNU GENERAL PUBLIC LICENSE Version 3"""	y	"README ""Each folder includes a BOM from Mouser.com, the Gerber Files"""	19
p42	BruteClaw/Analog-Synth	6f3befd	2025-02	Through Hole Designs/ADSR_Envelope_THT	BruteClaw	ADSR Envelope (THT)	EG (ADSR)	GPL v3	https://github.com/BruteClaw/Analog-Synth/blob/main/Through%20Hole%20Designs/ADSR_Envelope_THT/Schematic.pdf	kicad + gerbers	THT	https://github.com/BruteClaw/Analog-Synth/tree/main/Through%20Hole%20Designs/ADSR_Envelope_THT	See alt. version: Surface Mount Designes/ADSR_Envelope	Strong	kicad footprints (files=1: ADSR_Envelope_THT.kicad_pcb): smd=0 tht_passive=34 tht_to=4 tht_ic=2 (panel excluded) smd_ic=0	"folder name ADSR_Envelope_THT; README ""designs for EuroRack compatable synthasizer modules"""	GitHub owner (no brand name in repo)	"LICENSE ""GNU GENERAL PUBLIC LICENSE Version 3"""	y	"README ""Each folder includes a BOM from Mouser.com, the Gerber Files"""	19
p43	BruteClaw/Analog-Synth	6f3befd	2025-02	Through Hole Designs/LFO_THT	BruteClaw	LFO (THT)	LFO	GPL v3	https://github.com/BruteClaw/Analog-Synth/blob/main/Through%20Hole%20Designs/LFO_THT/Schematic.pdf	kicad + gerbers	THT	https://github.com/BruteClaw/Analog-Synth/tree/main/Through%20Hole%20Designs/LFO_THT	See alt. version: Surface Mount Designes/LFO	Strong	kicad footprints (files=1: LFO_THT.kicad_pcb): smd=0 tht_passive=52 tht_to=3 tht_ic=4 (panel excluded) smd_ic=0	"folder name LFO_THT; README ""designs for EuroRack compatable synthasizer modules"""	GitHub owner (no brand name in repo)	"LICENSE ""GNU GENERAL PUBLIC LICENSE Version 3"""	y	"README ""Each folder includes a BOM from Mouser.com, the Gerber Files"""	19
p44	BruteClaw/Analog-Synth	6f3befd	2025-02	Through Hole Designs/Noise_Gen_THT	BruteClaw	Noise Generator (THT)	noise	GPL v3	https://github.com/BruteClaw/Analog-Synth/blob/main/Through%20Hole%20Designs/Noise_Gen_THT/Schematic.pdf	kicad + gerbers	THT	https://github.com/BruteClaw/Analog-Synth/tree/main/Through%20Hole%20Designs/Noise_Gen_THT	See alt. version: Surface Mount Designes/Noise_Gen	Strong	kicad footprints (files=1: Noise_Gen_THT.kicad_pcb): smd=0 tht_passive=17 tht_to=1 tht_ic=1 (panel excluded) smd_ic=0	"folder name Noise_Gen_THT; README ""designs for EuroRack compatable synthasizer modules"""	GitHub owner (no brand name in repo)	"LICENSE ""GNU GENERAL PUBLIC LICENSE Version 3"""	y	"README ""Each folder includes a BOM from Mouser.com, the Gerber Files"""	19
p45	BruteClaw/Analog-Synth	6f3befd	2025-02	Through Hole Designs/Notch_Filter_THT	BruteClaw	Notch Filter (THT)	filter (notch)	GPL v3	https://github.com/BruteClaw/Analog-Synth/blob/main/Through%20Hole%20Designs/Notch_Filter_THT/Schematic.pdf	kicad + gerbers	THT	https://github.com/BruteClaw/Analog-Synth/tree/main/Through%20Hole%20Designs/Notch_Filter_THT	See alt. version: Surface Mount Designes/Notch_Filter	Strong	kicad footprints (files=1: Notch_Filter_THT.kicad_pcb): smd=0 tht_passive=17 tht_to=4 tht_ic=1 (panel excluded) smd_ic=0	"folder name Notch_Filter_THT; README ""designs for EuroRack compatable synthasizer modules"""	GitHub owner (no brand name in repo)	"LICENSE ""GNU GENERAL PUBLIC LICENSE Version 3"""	y	"README ""Each folder includes a BOM from Mouser.com, the Gerber Files"""	19
p46	BruteClaw/Analog-Synth	6f3befd	2025-02	Through Hole Designs/VCF_THT	BruteClaw	VCF (THT)	VCF	GPL v3	https://github.com/BruteClaw/Analog-Synth/blob/main/Through%20Hole%20Designs/VCF_THT/Schematic.pdf	kicad + gerbers	THT	https://github.com/BruteClaw/Analog-Synth/tree/main/Through%20Hole%20Designs/VCF_THT	See alt. version: Surface Mount Designes/VCF	Strong	kicad footprints (files=1: VCF_THT.kicad_pcb): smd=0 tht_passive=35 tht_to=4 tht_ic=0 (panel excluded) smd_ic=0	"folder name VCF_THT; README ""designs for EuroRack compatable synthasizer modules"""	GitHub owner (no brand name in repo)	"LICENSE ""GNU GENERAL PUBLIC LICENSE Version 3"""	y	"README ""Each folder includes a BOM from Mouser.com, the Gerber Files"""	19
p47	spielhuus/elektrophon	caced54	2026-02	src/4046	Thomas Henry + spielhuus	4046 (modified)	VCO (CMOS, CD4046)		x	kicad	THT	https://github.com/spielhuus/elektrophon/tree/master/src/4046		Strong	kicad footprints (files=3: main.kicad_pcb, mount.kicad_pcb, panel.kicad_pcb): smd=0 tht_passive=57 tht_to=1 tht_ic=5 (panel excluded) smd_ic=0	"index.rmd subtitle ""Thomas Henry X-4046""; excerpt ""a very robust cmos vco from Thomas Henry"""	"index.rmd author: ""spielhuus""; lineage from index.rmd subtitle/references"	no LICENSE file, no README statement	y	License blank.	19
p48	spielhuus/elektrophon	caced54	2026-02	src/VCS	Serge + spielhuus	VCS (modified)	function generator (Serge VCS)		x	kicad	THT	https://github.com/spielhuus/elektrophon/tree/master/src/VCS	based on Ken Stone CGS75 design	Strong	kicad footprints (files=3: main.kicad_pcb, mount.kicad_pcb, panel.kicad_pcb): smd=0 tht_passive=81 tht_to=2 tht_ic=4 (panel excluded) smd_ic=0	"index.rmd ""The Serge voltage controlled slope (VCS) is a versatile control voltage generator and audio source"""	"index.rmd author: ""spielhuus""; lineage from index.rmd subtitle/references"	no LICENSE file, no README statement	y	License blank.	19
p49	spielhuus/elektrophon	caced54	2026-02	src/adsr	René Schmitz + spielhuus	ADSR (modified)	EG (ADSR)		x	kicad	THT	https://github.com/spielhuus/elektrophon/tree/master/src/adsr		Strong	kicad footprints (files=2: main.kicad_pcb, panel.kicad_pcb): smd=0 tht_passive=25 tht_to=4 tht_ic=2 (panel excluded) smd_ic=0	"index.rmd subtitle ""the fastest envelope in the west""; reference René Schmitz ""Fastest envelope in the west"""	"index.rmd author: ""spielhuus""; lineage from index.rmd subtitle/references"	no LICENSE file, no README statement	y	License blank.	19
p50	spielhuus/elektrophon	caced54	2026-02	src/basspp	Thomas Henry + spielhuus	Bass++ (modified)	drum (bass)		x	kicad	THT	https://github.com/spielhuus/elektrophon/tree/master/src/basspp		Strong	kicad footprints (files=2: main.kicad_pcb, panel.kicad_pcb): smd=0 tht_passive=47 tht_to=4 tht_ic=2 (panel excluded) smd_ic=0	"index.rmd subtitle ""Perecussion module designed by Thomas Henry"""	"index.rmd author: ""spielhuus""; lineage from index.rmd subtitle/references"	no LICENSE file, no README statement	y	License blank.	19
p51	spielhuus/elektrophon	caced54	2026-02	src/cp3	Moog + spielhuus	CP3 (modified)	mixer (Moog CP3-style)		x	kicad	SMD	https://github.com/spielhuus/elektrophon/tree/master/src/cp3		Strong	kicad footprints (files=2: main.kicad_pcb, panel.kicad_pcb): smd=45 tht_passive=4 tht_to=0 tht_ic=0 (panel excluded) smd_ic=1	"index.rmd subtitle ""Moog alike discrete cp3 mixer"""	"index.rmd author: ""spielhuus""; lineage from index.rmd subtitle/references"	no LICENSE file, no README statement	y	License blank. marked draft: True in index.rmd	19
p52	spielhuus/elektrophon	caced54	2026-02	src/digital	spielhuus	Digital	DCO		x	kicad		https://github.com/spielhuus/elektrophon/tree/master/src/digital		Deferred	no .kicad_pcb, EasyEDA JSON, Eagle .brd or machine-readable BOM in scope	"index.rmd subtitle ""digitaly controlled oscilator."""	"index.rmd author: ""spielhuus""; lineage from index.rmd subtitle/references"	no LICENSE file, no README statement	-	License blank. main board has a schematic but no .kicad_pcb (only panel.kicad_pcb)	19
p53	spielhuus/elektrophon	caced54	2026-02	src/echo	spielhuus	Echo	PT2399 delay		x	kicad	THT	https://github.com/spielhuus/elektrophon/tree/master/src/echo		Strong	kicad footprints (files=3: main.kicad_pcb, mount.kicad_pcb, panel.kicad_pcb): smd=0 tht_passive=59 tht_to=2 tht_ic=5 (panel excluded) smd_ic=0	"src/echo/README.md links ""PT2399 circuits on elektromusic forum""; index.rmd excerpt is a copy of 4046's"	"index.rmd author: ""spielhuus""; lineage from index.rmd subtitle/references"	no LICENSE file, no README statement	y	License blank. marked draft: True in index.rmd	19
p54	spielhuus/elektrophon	caced54	2026-02	src/equalizer	Serge + spielhuus	Resonant Equalizer (modified)	resonant equalizer (Serge)		x	kicad	both	https://github.com/spielhuus/elektrophon/tree/master/src/equalizer	based on Ken Stone (CGS) design	Strong	kicad footprints (files=3: main.kicad_pcb, mount.kicad_pcb, panel.kicad_pcb): smd=16 tht_passive=103 tht_to=0 tht_ic=10 (panel excluded) smd_ic=0	"index.rmd subtitle ""Serge resonant equalizer."""	"index.rmd author: ""spielhuus""; lineage from index.rmd subtitle/references"	no LICENSE file, no README statement	y	License blank.	19
p55	spielhuus/elektrophon	caced54	2026-02	src/funktion	spielhuus	Funktion	EG		x	kicad		https://github.com/spielhuus/elektrophon/tree/master/src/funktion		Deferred	no .kicad_pcb, EasyEDA JSON, Eagle .brd or machine-readable BOM in scope	"index.rmd subtitle ""envelope generator"""	"index.rmd author: ""spielhuus""; lineage from index.rmd subtitle/references"	no LICENSE file, no README statement	-	License blank. marked draft: True in index.rmd; main board has a schematic but no .kicad_pcb	19
p56	spielhuus/elektrophon	caced54	2026-02	src/hall	spielhuus	Hall	spring reverb		x	kicad	both	https://github.com/spielhuus/elektrophon/tree/master/src/hall		Strong	kicad footprints (files=3: main.kicad_pcb, mount.kicad_pcb, panel.kicad_pcb): smd=38 tht_passive=39 tht_to=0 tht_ic=4 (panel excluded) smd_ic=2	"index.rmd subtitle ""hall is a reverb module using a spring tank."""	"index.rmd author: ""spielhuus""; lineage from index.rmd subtitle/references"	no LICENSE file, no README statement	y	License blank.	19
p57	Thorinair/Avalon-Harmonics	362051b	2026-08	Modules/AxB	Avalon Harmonics	AxB	multiplier (4-quadrant, AD633)	CC BY-SA 4.0	https://github.com/Thorinair/Avalon-Harmonics/blob/master/Modules/AxB/AxB_Schematic.pdf	kicad	both	https://github.com/Thorinair/Avalon-Harmonics/tree/master/Modules/AxB		Strong	kicad footprints (files=3: AxB_Front.kicad_pcb, AxB_Main.kicad_pcb, AxB_Panel.kicad_pcb): smd=1 tht_passive=26 tht_to=0 tht_ic=2 (panel excluded) smd_ic=1	"README ""Analog multiplier with rectifiers and attenuverters"""	"README ""# Avalon Harmonics AxB"""	"LICENSE.txt ""Attribution-ShareAlike 4.0 International"""	y		19
p58	Thorinair/Avalon-Harmonics	362051b	2026-08	Modules/CVMod4	Avalon Harmonics	CVMod4	attenuverter / offset / mixer (4-ch)	CC BY-SA 4.0	https://github.com/Thorinair/Avalon-Harmonics/blob/master/Modules/CVMod4/CVMod4_Schematic.pdf	kicad	SMD	https://github.com/Thorinair/Avalon-Harmonics/tree/master/Modules/CVMod4		Strong	kicad footprints (files=2: CVMod4_Main.kicad_pcb, CVMod4_Panel.kicad_pcb): smd=51 tht_passive=0 tht_to=0 tht_ic=0 (panel excluded) smd_ic=0	"README ""4 channel CV attenuverter, offset and mixer"""	"README ""# Avalon Harmonics CVMod4"""	"LICENSE.txt ""Attribution-ShareAlike 4.0 International"""	y		19
p59	Thorinair/Avalon-Harmonics	362051b	2026-08	Modules/CVMod8	Avalon Harmonics	CVMod8	attenuator / offset (8-ch)	CC BY-SA 4.0	https://github.com/Thorinair/Avalon-Harmonics/blob/master/Modules/CVMod8/CVMod8_Schematic.pdf	kicad	THT	https://github.com/Thorinair/Avalon-Harmonics/tree/master/Modules/CVMod8		Strong	kicad footprints (files=2: CVMod8_Main.kicad_pcb, CVMod8_Panel.kicad_pcb): smd=0 tht_passive=65 tht_to=0 tht_ic=4 (panel excluded) smd_ic=0	"README ""8 channel CV attenuator and offset"""	"README ""# Avalon Harmonics CVMod8"""	"LICENSE.txt ""Attribution-ShareAlike 4.0 International"""	y		19
p60	Thorinair/Avalon-Harmonics	362051b	2026-08	Modules/CVMod8_V2	Avalon Harmonics	CVMod8 V2 (SMD)	attenuverter / offset / mixer (8-ch)	CC BY-SA 4.0	https://github.com/Thorinair/Avalon-Harmonics/blob/master/Modules/CVMod8_V2/CVMod8_V2_Schematic.pdf	kicad	SMD	https://github.com/Thorinair/Avalon-Harmonics/tree/master/Modules/CVMod8_V2	See alt. version: CVMod8 V2 (THT)	Strong	kicad footprints (files=1: CVMod8_V2_Main.kicad_pcb): smd=95 tht_passive=0 tht_to=0 tht_ic=0 (panel excluded) smd_ic=0	"README ""8 channel CV attenuverter, offset and mixer"""	"README ""# Avalon Harmonics CVMod8 V2"""	"LICENSE.txt ""Attribution-ShareAlike 4.0 International"""	y	SMD build: CVMod8_V2_Main.kicad_pcb, CVMod8_V2_BOM.xlsx	19
p61	Thorinair/Avalon-Harmonics	362051b	2026-08	Modules/CVMod8_V2	Avalon Harmonics	CVMod8 V2 (THT)	attenuverter / offset / mixer (8-ch)	CC BY-SA 4.0	https://github.com/Thorinair/Avalon-Harmonics/blob/master/Modules/CVMod8_V2/CVMod8_V2_Schematic_THT.pdf	kicad	THT	https://github.com/Thorinair/Avalon-Harmonics/tree/master/Modules/CVMod8_V2	See alt. version: CVMod8 V2 (SMD)	Strong	kicad footprints (files=2: CVMod8_V2_Front_THT.kicad_pcb, CVMod8_V2_Main_THT.kicad_pcb): smd=0 tht_passive=48 tht_to=2 tht_ic=8 (panel excluded) smd_ic=0	"README ""8 channel CV attenuverter, offset and mixer"""	"README ""# Avalon Harmonics CVMod8 V2"""	"LICENSE.txt ""Attribution-ShareAlike 4.0 International"""	y	"THT build: CVMod8_V2_Main_THT + Front_THT .kicad_pcb, CVMod8_V2_BOM_THT.xlsx; README ""THT version has been discontinued"""	19
p62	Thorinair/Avalon-Harmonics	362051b	2026-08	Modules/CVModH	Avalon Harmonics	CVModH	attenuverter / offset / mixer (2-ch)	CC BY-SA 4.0	https://github.com/Thorinair/Avalon-Harmonics/blob/master/Modules/CVModH/CVModH_Schematic.pdf	kicad	SMD	https://github.com/Thorinair/Avalon-Harmonics/tree/master/Modules/CVModH	1U	Strong	kicad footprints (files=2: CVModH_Main.kicad_pcb, CVModH_Panel.kicad_pcb): smd=29 tht_passive=0 tht_to=0 tht_ic=0 (panel excluded) smd_ic=0	"README ""2 channel CV attenuverter, offset and mixer in 1U format"""	"README ""# Avalon Harmonics CVModH"""	"LICENSE.txt ""Attribution-ShareAlike 4.0 International"""	y		19
p63	Thorinair/Avalon-Harmonics	362051b	2026-08	Modules/KickAid	Avalon Harmonics	KickAid	kick processor (ducking / EQ / mix)	CC BY-SA 4.0	https://github.com/Thorinair/Avalon-Harmonics/blob/master/Modules/KickAid/KickAid_Schematic.pdf	kicad	both	https://github.com/Thorinair/Avalon-Harmonics/tree/master/Modules/KickAid		Strong	kicad footprints (files=3: KickAid_Front.kicad_pcb, KickAid_Main.kicad_pcb, KickAid_Panel.kicad_pcb): smd=1 tht_passive=75 tht_to=1 tht_ic=8 (panel excluded) smd_ic=0	"README ""Kick rumble helper for ducking, EQing and mixing"""	"README ""# Avalon Harmonics KickAid"""	"LICENSE.txt ""Attribution-ShareAlike 4.0 International"""	y		19
p64	Thorinair/Avalon-Harmonics	362051b	2026-08	Modules/LOGx	Avalon Harmonics	LOGx	logic (dual, swappable 4000-series IC)	CC BY-SA 4.0	https://github.com/Thorinair/Avalon-Harmonics/blob/master/Modules/LOGx/LOGx_Schematic.pdf	kicad	THT	https://github.com/Thorinair/Avalon-Harmonics/tree/master/Modules/LOGx		Strong	kicad footprints (files=3: LOGx_Front.kicad_pcb, LOGx_Main.kicad_pcb, LOGx_Panel.kicad_pcb): smd=0 tht_passive=26 tht_to=1 tht_ic=3 (panel excluded) smd_ic=0	"README ""Dual logic gate with swappable IC"""	"README ""# Avalon Harmonics LOGx"""	"LICENSE.txt ""Attribution-ShareAlike 4.0 International"""	y		19
p65	Thorinair/Avalon-Harmonics	362051b	2026-08	Modules/MiX	Avalon Harmonics	MiX	mixer (3-ch mono)	CC BY-SA 4.0	https://github.com/Thorinair/Avalon-Harmonics/blob/master/Modules/MiX/MiX_Schematic.pdf	kicad	THT	https://github.com/Thorinair/Avalon-Harmonics/tree/master/Modules/MiX		Strong	kicad footprints (files=3: MiX_Front.kicad_pcb, MiX_Main.kicad_pcb, MiX_Panel.kicad_pcb): smd=0 tht_passive=13 tht_to=0 tht_ic=1 (panel excluded) smd_ic=0	"README ""Compact three channel mono mixer"""	"README ""# Avalon Harmonics MiX"""	"LICENSE.txt ""Attribution-ShareAlike 4.0 International"""	y		19
p66	Thorinair/Avalon-Harmonics	362051b	2026-08	Modules/MiniDJ	Avalon Harmonics	MiniDJ	crossfader / DJ filter (stereo)	CC BY-SA 4.0	https://github.com/Thorinair/Avalon-Harmonics/blob/master/Modules/MiniDJ/MiniDJ_Schematic.pdf	kicad	SMD	https://github.com/Thorinair/Avalon-Harmonics/tree/master/Modules/MiniDJ		Strong	kicad footprints (files=3: MiniDJ_Back.kicad_pcb, MiniDJ_Main.kicad_pcb, MiniDJ_Panel.kicad_pcb): smd=223 tht_passive=0 tht_to=0 tht_ic=0 (panel excluded) smd_ic=0	"README ""Stereo crossfader and DJ style filter"""	"README ""# Avalon Harmonics MiniDJ"""	"LICENSE.txt ""Attribution-ShareAlike 4.0 International"""	y		19
p67	Thorinair/Avalon-Harmonics	362051b	2026-08	Modules/Nucleus	Avalon Harmonics	Nucleus	random trigger / gate (Geiger counter)	CC BY-SA 4.0	https://github.com/Thorinair/Avalon-Harmonics/blob/master/Modules/Nucleus/Nucleus_Schematic.pdf	kicad	THT	https://github.com/Thorinair/Avalon-Harmonics/tree/master/Modules/Nucleus		Strong	kicad footprints (files=3: Nucleus_Front.kicad_pcb, Nucleus_Main.kicad_pcb, Nucleus_Panel.kicad_pcb): smd=0 tht_passive=28 tht_to=1 tht_ic=4 (panel excluded) smd_ic=0	"README ""Geiger counter random trigger and gate source"""	"README ""# Avalon Harmonics Nucleus"""	"LICENSE.txt ""Attribution-ShareAlike 4.0 International"""	y		19
p68	ltrooney/diy-synth	f4e2ea3	2021-10	midi-to-cv-converter/circuit_board_v2	ltrooney	MIDI to CV Converter	MIDI-CV		x	kicad		https://github.com/ltrooney/diy-synth/tree/master/midi-to-cv-converter	See alt. version: circuit_board_v1	Deferred	circuit_board_v2.kicad_pcb is a 51-byte stub, no footprints; only a KiCad .sch	folder name midi-to-cv-converter	GitHub owner (no brand name in repo)	no LICENSE file, no README statement	-	License blank; circuit_board_v2.kicad_pcb is a 51-byte stub (likely Git LFS pointer)	19
p69	ltrooney/diy-synth	f4e2ea3	2021-10	passive-multiple	ltrooney	Passive Multiple	multiple (passive)		x	kicad + gerbers		https://github.com/ltrooney/diy-synth/tree/master/passive-multiple		Deferred	no .kicad_pcb, EasyEDA JSON, Eagle .brd or machine-readable BOM in scope	folder name passive-multiple	GitHub owner (no brand name in repo)	no LICENSE file, no README statement	-	License blank	19
p70	ltrooney/diy-synth	f4e2ea3	2021-10	sequencer	ltrooney	Sequencer	sequencer		x	kicad + gerbers	SMD	https://github.com/ltrooney/diy-synth/tree/master/sequencer		Strong	kicad footprints (files=2: circuit_board.kicad_pcb, panel_board.kicad_pcb): smd=47 tht_passive=0 tht_to=0 tht_ic=0 (panel excluded) smd_ic=4	"folder name sequencer; README ""a step sequencer"""	GitHub owner (no brand name in repo)	no LICENSE file, no README statement	y	License blank; iBOM only (sequencer/circuit_board/bom/ibom.html)	19
p71	kevinkewang/tiny_rack	2dca6e1	2026-02	v1/power pcb	kevinkewang	tiny_rack PSU v1	power supply (DC-DC, ±12V)		x	eagle + gerbers	both	https://github.com/kevinkewang/tiny_rack/tree/main/v1/power%20pcb		Strong	eagle packages (files=2: tiny-psu-exp-v1.1.brd, tiny-psu-main-v1.1.brd): smd=23 tht_passive=7 tht_to=2 tht_ic=0 (panel excluded) smd_ic=0	"README ""tiny_rack is a eurorack case (with power board) project""; ""+/-12V 1500mA power supply"""	"GitHub owner (no brand name in repo; README ""Official website: https://bitiworkshop.com/"")"	no LICENSE file, no README statement	y	License blank; creator could be upgraded to the bitiworkshop brand; the two v1 BOMs (Mouser, JLC) describe the same SMD main board, so counts are doubled - verdict unaffected; THT ICs are the DC-DC converter modules	19
p72	kevinkewang/tiny_rack	2dca6e1	2026-02	v2	kevinkewang	tiny_rack PSU v2	power supply (DC-DC, ±12V)		x	eagle + gerbers	SMD	https://github.com/kevinkewang/tiny_rack/tree/main/v2		Strong	eagle packages (files=3: tiny-psu-core-v2.brd, tiny_rack_psu_v2_170.brd, tiny_rack_psu_v2_250.brd): smd=19 tht_passive=3 tht_to=3 tht_ic=0 (panel excluded) smd_ic=0	"README ""updated ... the power board circuit for a more convenient and easy to use design"""	"GitHub owner (no brand name in repo; README ""Official website: https://bitiworkshop.com/"")"	no LICENSE file, no README statement	y	License blank; **review components**: DC-DC converter modules KK1/KK3/KK4 (LCSC C286227) have no package in the BOM, so they were not classified - v1 counts its DC-DC modules as THT ICs	19
p73	AfterLaterAudio/Eurorack	e37aa6b	2026-01	Baker	After Later Audio	Baker		CC BY-SA			SMD	https://github.com/AfterLaterAudio/Eurorack/tree/master/Baker	based on Emilie Gillet's original design and code, and Jim Mattheson's Pique design	Stated	Baker/BAKER V1 BOM - Full Assembly.xlsx Footprint column: 0603 R/C, TSSOP-14, MSOP-8, SOT223, SOT23, LQFP48, SMD electrolytics (PANASONIC_C); no THT parts besides panel hardware	not stated in repo	"root README ""Eurorack modules form After Later Audio"""	"README ""cc-by-sa"""	y	"README claims ""gerbers, board file, schematic, full BOM, and pick and place files"" but only the BOM is in the tree at this commit; Type blank - function not stated in repo (README copied from Rainier)"	19
p74	AfterLaterAudio/Eurorack	e37aa6b	2026-01	Popple	After Later Audio	Popple	VCF (AS2164)		x	diptrace + gerbers	SMD	https://github.com/AfterLaterAudio/Eurorack/tree/master/Popple		Stated	Popple/Popple V1.1.2 BOM - Full Assembly.xlsx Footprint column: 0603 R/C, TSSOP-8/14, SOIC16, SOT23, SOD323, SMD electrolytics (PANASONIC_D); trimmers only THT; no THT parts besides panel hardware	"README ""the original filter schematic""; ""use Alfa Rpar AS2164 ICs for this build"""	"root README ""Eurorack modules form After Later Audio"""	no licence line in README	y	"schematic only inside DipTrace Popple V1.1.2.dch; lineage ""the original filter schematic"" - designer not named; License blank"	19
p75	AfterLaterAudio/Eurorack	e37aa6b	2026-01	Rainier	After Later Audio	Rainier		CC BY-SA			SMD	https://github.com/AfterLaterAudio/Eurorack/tree/master/Rainier	based on Emilie Gillet's original design and code, and Jim Mattheson's Pique design	Stated	Rainier/RAINIER V1 BOM - Full Assembly.xlsx Footprint column: 0603 R/C, TSSOP-8/14, MSOP-8, SOT223, SOT23, LQFP48, SMD electrolytics (PANASONIC_C); no THT parts besides panel hardware	not stated in repo	"root README ""Eurorack modules form After Later Audio"""	"README ""cc-by-sa"""	y	"README claims ""gerbers, board file, schematic, full BOM, and pick and place files"" but only the BOM is in the tree at this commit; Type blank - function not stated in repo"	19
p76	jakplugg/Orgone-accumulator	010bd4b	2020-10	DIY3.0_SMD	Neutron Sound	Orgone Accumulator (DIY 3.0)	VCO (digital, Teensy)		https://github.com/jakplugg/Orgone-accumulator/blob/master/DIY3.0_SMD/DipTrace%20Schematic%20-%20orgone%20accumulatorDIY_3.pdf	commercially available	SMD	https://github.com/jakplugg/Orgone-accumulator/tree/master/DIY3.0_SMD		Stated	"folder DIY3.0_SMD; build guide ""If you have no experience of SMD soldering it is recommended that you practice"""	"build guide ""Thank you for building a Neutron Sound Orgone Accumulator digital oscillator"""	"build guide ""Neutron Sound Orgone Accumulator""; README ""The Neutron sound orgone accumulator"""	no LICENSE file, no README statement	-	"License blank; main PCB not in repo - README ""boards and panels are currently out of stock"" (sold), gerbers are for the PCB panel only; BOM is a Google Sheet (off-GitHub)"	19
p77	Thorinair/Avalon-Harmonics	362051b	2026-08	Modules/iVCA	Avalon Harmonics	iVCA	VCA (stereo)	CC BY-SA 4.0	https://github.com/Thorinair/Avalon-Harmonics/blob/master/Modules/iVCA/iVCA_Schematic.pdf	kicad	both	https://github.com/Thorinair/Avalon-Harmonics/tree/master/Modules/iVCA		Strong	kicad footprints (files=3: iVCA_Front.kicad_pcb, iVCA_Main.kicad_pcb, iVCA_Panel.kicad_pcb): smd=2 tht_passive=35 tht_to=0 tht_ic=2 (panel excluded) smd_ic=0	"README ""Stereo VCA with CV attenuverter and full range offset"""	"README ""# Avalon Harmonics iVCA"""	"LICENSE.txt ""Attribution-ShareAlike 4.0 International"""	y		19
p78	Thorinair/Avalon-Harmonics	362051b	2026-08	Modules/kNOT	Avalon Harmonics	kNOT	logic (triple NOT)	CC BY-SA 4.0	https://github.com/Thorinair/Avalon-Harmonics/blob/master/Modules/kNOT/kNOT_Schematic.pdf	kicad	THT	https://github.com/Thorinair/Avalon-Harmonics/tree/master/Modules/kNOT		Strong	kicad footprints (files=3: kNOT_Front.kicad_pcb, kNOT_Main.kicad_pcb, kNOT_Panel.kicad_pcb): smd=0 tht_passive=25 tht_to=1 tht_ic=3 (panel excluded) smd_ic=0	"README ""Triple logic NOT gate"""	"README ""# Avalon Harmonics kNOT"""	"LICENSE.txt ""Attribution-ShareAlike 4.0 International"""	y		19
p79	Thorinair/Avalon-Harmonics	362051b	2026-08	Modules/PanVCA	Avalon Harmonics	PanVCA	VCA / panner (stereo)	CC BY-SA 4.0	https://github.com/Thorinair/Avalon-Harmonics/blob/master/Modules/PanVCA/PanVCA_Schematic.pdf	kicad	SMD	https://github.com/Thorinair/Avalon-Harmonics/tree/master/Modules/PanVCA		Strong	kicad footprints (files=2: PanVCA_Main.kicad_pcb, PanVCA_Panel.kicad_pcb): smd=70 tht_passive=0 tht_to=0 tht_ic=0 (panel excluded) smd_ic=0	"README ""Stereo VCA and Panner with attenuverter and offset"""	"README ""# Avalon Harmonics PanVCA"""	"LICENSE.txt ""Attribution-ShareAlike 4.0 International"""	y		19
p80	Thorinair/Avalon-Harmonics	362051b	2026-08	Modules/Puff	Avalon Harmonics	Puff	VCF (stereo multimode)	CC BY-SA 4.0	https://github.com/Thorinair/Avalon-Harmonics/blob/master/Modules/Puff/Puff_Schematic.pdf	kicad	SMD	https://github.com/Thorinair/Avalon-Harmonics/tree/master/Modules/Puff		Strong	kicad footprints (files=2: Puff_Main.kicad_pcb, Puff_Panel.kicad_pcb): smd=115 tht_passive=0 tht_to=0 tht_ic=0 (panel excluded) smd_ic=0	"README ""Stereo multimode filter with Ping input"""	"README ""# Avalon Harmonics Puff"""	"LICENSE.txt ""Attribution-ShareAlike 4.0 International"""	y		19
p81	Thorinair/Avalon-Harmonics	362051b	2026-08	Modules/Pulse	Avalon Harmonics	Pulse	heartbeat to CV / gate / trigger	CC BY-SA 4.0	https://github.com/Thorinair/Avalon-Harmonics/blob/master/Modules/Pulse/Pulse_Schematic.pdf	kicad	THT	https://github.com/Thorinair/Avalon-Harmonics/tree/master/Modules/Pulse		Strong	kicad footprints (files=3: Pulse_Front.kicad_pcb, Pulse_Main.kicad_pcb, Pulse_Panel.kicad_pcb): smd=0 tht_passive=33 tht_to=1 tht_ic=4 (panel excluded) smd_ic=0	"README ""Heartbeat to CV, gates and triggers"""	"README ""# Avalon Harmonics Pulse"""	"LICENSE.txt ""Attribution-ShareAlike 4.0 International"""	y		19
p82	Thorinair/Avalon-Harmonics	362051b	2026-08	Modules/R&F	Avalon Harmonics	R&F	slew limiter (dual, rise / fall)	CC BY-SA 4.0	https://github.com/Thorinair/Avalon-Harmonics/blob/master/Modules/R%26F/R%26F_Schematic.pdf	kicad	THT	https://github.com/Thorinair/Avalon-Harmonics/tree/master/Modules/R%26F		Strong	kicad footprints (files=3: R&F_Front.kicad_pcb, R&F_Main.kicad_pcb, R&F_Panel.kicad_pcb): smd=0 tht_passive=24 tht_to=0 tht_ic=2 (panel excluded) smd_ic=0	"README ""Dual slew limiter with independent rise and fall"""	"README ""# Avalon Harmonics R&F"""	"LICENSE.txt ""Attribution-ShareAlike 4.0 International"""	y		19
p83	Thorinair/Avalon-Harmonics	362051b	2026-08	Modules/S&S	Avalon Harmonics	S&S	S&H / Random / Slew / Noise	CC BY-SA 4.0	https://github.com/Thorinair/Avalon-Harmonics/blob/master/Modules/S%26S/S%26S_Schematic.pdf	kicad	THT	https://github.com/Thorinair/Avalon-Harmonics/tree/master/Modules/S%26S		Strong	kicad footprints (files=4: S&S_Back.kicad_pcb, S&S_Front.kicad_pcb, S&S_Main.kicad_pcb, S&S_Panel.kicad_pcb): smd=0 tht_passive=36 tht_to=2 tht_ic=2 (panel excluded) smd_ic=0	"README ""S&H with built in random, slew limiter and noise source"""	"README ""# Avalon Harmonics S&S"""	"LICENSE.txt ""Attribution-ShareAlike 4.0 International"""	y		19
p84	Thorinair/Avalon-Harmonics	362051b	2026-08	Modules/VU	Avalon Harmonics	VU (SMD)	VU meter / envelope follower	CC BY-SA 4.0	https://github.com/Thorinair/Avalon-Harmonics/blob/master/Modules/VU/VU_Schematic.pdf	kicad	both	https://github.com/Thorinair/Avalon-Harmonics/tree/master/Modules/VU	See alt. version: VU (THT)	Strong	kicad footprints (files=1: VU_Main.kicad_pcb): smd=34 tht_passive=0 tht_to=0 tht_ic=1 (panel excluded) smd_ic=0	"README ""Mono VU meter with envelope follower output"""	"README ""# Avalon Harmonics VU"""	"LICENSE.txt ""Attribution-ShareAlike 4.0 International"""	y	SMD build: VU_Main + VU_Front .kicad_pcb, VU_BOM.xlsx	19
p85	Thorinair/Avalon-Harmonics	362051b	2026-08	Modules/VU	Avalon Harmonics	VU (THT)	VU meter / envelope follower	CC BY-SA 4.0	https://github.com/Thorinair/Avalon-Harmonics/blob/master/Modules/VU/VU_Schematic_THT.pdf	kicad	THT	https://github.com/Thorinair/Avalon-Harmonics/tree/master/Modules/VU	See alt. version: VU (SMD)	Strong	kicad footprints (files=1: VU_Main_THT.kicad_pcb): smd=0 tht_passive=37 tht_to=1 tht_ic=3 (panel excluded) smd_ic=0	"README ""Mono VU meter with envelope follower output"""	"README ""# Avalon Harmonics VU"""	"LICENSE.txt ""Attribution-ShareAlike 4.0 International"""	y	THT build: VU_Main_THT + VU_Front .kicad_pcb, VU_BOM_THT.xlsx	19
p86	Thorinair/Avalon-Harmonics	362051b	2026-08	Modules/WF	Avalon Harmonics	WF	wavefolder	CC BY-SA 4.0	https://github.com/Thorinair/Avalon-Harmonics/blob/master/Modules/WF/WF_Schematic.pdf	kicad	THT	https://github.com/Thorinair/Avalon-Harmonics/tree/master/Modules/WF		Strong	kicad footprints (files=3: WF_Front.kicad_pcb, WF_Main.kicad_pcb, WF_Panel.kicad_pcb): smd=0 tht_passive=30 tht_to=4 tht_ic=1 (panel excluded) smd_ic=0	"README ""WaveFolder with DC offset controls and offset CV"""	"README ""# Avalon Harmonics WF"""	"LICENSE.txt ""Attribution-ShareAlike 4.0 International"""	y		19
p87	Thorinair/Avalon-Harmonics	362051b	2026-08	Modules/X2	Avalon Harmonics	X2	voltage doubler (4-ch)	CC BY-SA 4.0	https://github.com/Thorinair/Avalon-Harmonics/blob/master/Modules/X2/X2_Schematic.pdf	kicad	SMD	https://github.com/Thorinair/Avalon-Harmonics/tree/master/Modules/X2		Strong	kicad footprints (files=2: X2_Main.kicad_pcb, X2_Panel.kicad_pcb): smd=28 tht_passive=0 tht_to=0 tht_ic=0 (panel excluded) smd_ic=0	"README ""4 channel voltage doubler"""	"README ""# Avalon Harmonics X2"""	"LICENSE.txt ""Attribution-ShareAlike 4.0 International"""	y		19
p88	BruteClaw/Analog-Synth	6f3befd	2025-02	Surface Mount Designes/Logic_Gates/AND	BruteClaw	AND Gate (SMD)	logic (AND)	GPL v3	https://github.com/BruteClaw/Analog-Synth/blob/main/Surface%20Mount%20Designes/Logic_Gates/AND/Schematic.pdf	kicad + gerbers	SMD	https://github.com/BruteClaw/Analog-Synth/tree/main/Surface%20Mount%20Designes/Logic_Gates/AND	See alt. version: Through Hole Designs/Logic_Gates_THT/AND_THT	Strong	kicad footprints (files=1: AND.kicad_pcb): smd=58 tht_passive=0 tht_to=0 tht_ic=0 (panel excluded) smd_ic=3	"folder name AND; README ""designs for EuroRack compatable synthasizer modules"""	GitHub owner (no brand name in repo)	"LICENSE ""GNU GENERAL PUBLIC LICENSE Version 3"""	y		19
p89	BruteClaw/Analog-Synth	6f3befd	2025-02	Surface Mount Designes/Logic_Gates/NAND	BruteClaw	NAND Gate (SMD)	logic (NAND)	GPL v3	https://github.com/BruteClaw/Analog-Synth/blob/main/Surface%20Mount%20Designes/Logic_Gates/NAND/Schematic.pdf	kicad + gerbers	SMD	https://github.com/BruteClaw/Analog-Synth/tree/main/Surface%20Mount%20Designes/Logic_Gates/NAND	See alt. version: Through Hole Designs/Logic_Gates_THT/NAND_THT	Strong	kicad footprints (files=1: NAND.kicad_pcb): smd=58 tht_passive=0 tht_to=0 tht_ic=0 (panel excluded) smd_ic=3	"folder name NAND; README ""designs for EuroRack compatable synthasizer modules"""	GitHub owner (no brand name in repo)	"LICENSE ""GNU GENERAL PUBLIC LICENSE Version 3"""	y		19
p90	BruteClaw/Analog-Synth	6f3befd	2025-02	Surface Mount Designes/Logic_Gates/NOR	BruteClaw	NOR Gate (SMD)	logic (NOR)	GPL v3	https://github.com/BruteClaw/Analog-Synth/blob/main/Surface%20Mount%20Designes/Logic_Gates/NOR/Schematic.pdf	kicad + gerbers	SMD	https://github.com/BruteClaw/Analog-Synth/tree/main/Surface%20Mount%20Designes/Logic_Gates/NOR	See alt. version: Through Hole Designs/Logic_Gates_THT/NOR_THT	Strong	kicad footprints (files=1: NOR.kicad_pcb): smd=58 tht_passive=0 tht_to=0 tht_ic=0 (panel excluded) smd_ic=3	"folder name NOR; README ""designs for EuroRack compatable synthasizer modules"""	GitHub owner (no brand name in repo)	"LICENSE ""GNU GENERAL PUBLIC LICENSE Version 3"""	y		19
p91	BruteClaw/Analog-Synth	6f3befd	2025-02	Surface Mount Designes/Logic_Gates/NOT	BruteClaw	NOT Gate (SMD)	logic (NOT)	GPL v3	https://github.com/BruteClaw/Analog-Synth/blob/main/Surface%20Mount%20Designes/Logic_Gates/NOT/Schematic.pdf	kicad + gerbers	SMD	https://github.com/BruteClaw/Analog-Synth/tree/main/Surface%20Mount%20Designes/Logic_Gates/NOT	See alt. version: Through Hole Designs/Logic_Gates_THT/NOT_THT	Strong	kicad footprints (files=1: NOT.kicad_pcb): smd=58 tht_passive=0 tht_to=0 tht_ic=0 (panel excluded) smd_ic=3	"folder name NOT; README ""designs for EuroRack compatable synthasizer modules"""	GitHub owner (no brand name in repo)	"LICENSE ""GNU GENERAL PUBLIC LICENSE Version 3"""	y		19
p92	BruteClaw/Analog-Synth	6f3befd	2025-02	Surface Mount Designes/Logic_Gates/OR	BruteClaw	OR Gate (SMD)	logic (OR)	GPL v3	https://github.com/BruteClaw/Analog-Synth/blob/main/Surface%20Mount%20Designes/Logic_Gates/OR/Schematic.pdf	kicad + gerbers	SMD	https://github.com/BruteClaw/Analog-Synth/tree/main/Surface%20Mount%20Designes/Logic_Gates/OR	See alt. version: Through Hole Designs/Logic_Gates_THT/OR_THT	Strong	kicad footprints (files=1: OR.kicad_pcb): smd=58 tht_passive=0 tht_to=0 tht_ic=0 (panel excluded) smd_ic=3	"folder name OR; README ""designs for EuroRack compatable synthasizer modules"""	GitHub owner (no brand name in repo)	"LICENSE ""GNU GENERAL PUBLIC LICENSE Version 3"""	y		19
p93	BruteClaw/Analog-Synth	6f3befd	2025-02	Surface Mount Designes/Logic_Gates/XOR	BruteClaw	XOR Gate (SMD)	logic (XOR)	GPL v3	https://github.com/BruteClaw/Analog-Synth/blob/main/Surface%20Mount%20Designes/Logic_Gates/XOR/Schematic.pdf	kicad + gerbers	SMD	https://github.com/BruteClaw/Analog-Synth/tree/main/Surface%20Mount%20Designes/Logic_Gates/XOR	See alt. version: Through Hole Designs/Logic_Gates_THT/XOR_THT	Strong	kicad footprints (files=1: XOR.kicad_pcb): smd=58 tht_passive=0 tht_to=0 tht_ic=0 (panel excluded) smd_ic=3	"folder name XOR; README ""designs for EuroRack compatable synthasizer modules"""	GitHub owner (no brand name in repo)	"LICENSE ""GNU GENERAL PUBLIC LICENSE Version 3"""	y		19
p94	BruteClaw/Analog-Synth	6f3befd	2025-02	Surface Mount Designes/Patch_Bay	BruteClaw	Patch Bay	patch bay (passive)	GPL v3	https://github.com/BruteClaw/Analog-Synth/blob/main/Surface%20Mount%20Designes/Patch_Bay/Schematic.pdf	kicad + gerbers		https://github.com/BruteClaw/Analog-Synth/tree/main/Surface%20Mount%20Designes/Patch_Bay	See alt. version: Through Hole Designs/Patch_Bay	Deferred	no .kicad_pcb, EasyEDA JSON, Eagle .brd or machine-readable BOM in scope	"folder name Patch_Bay; README ""designs for EuroRack compatable synthasizer modules"""	GitHub owner (no brand name in repo)	"LICENSE ""GNU GENERAL PUBLIC LICENSE Version 3"""	y	jack-only board; the SMD and THT folders hold the same passive patch bay (this folder has the 2025 revision), so one row	19
p95	BruteClaw/Analog-Synth	6f3befd	2025-02	Surface Mount Designes/Power_Distribution	BruteClaw	Power Distribution (SMD)	bus board	GPL v3	https://github.com/BruteClaw/Analog-Synth/blob/main/Surface%20Mount%20Designes/Power_Distribution/Schematic.pdf	kicad + gerbers		https://github.com/BruteClaw/Analog-Synth/tree/main/Surface%20Mount%20Designes/Power_Distribution	See alt. version: Through Hole Designs/Power_Distribution_THT	Deferred	no .kicad_pcb, EasyEDA JSON, Eagle .brd or machine-readable BOM in scope	"folder name Power_Distribution; README ""designs for EuroRack compatable synthasizer modules"""	GitHub owner (no brand name in repo)	"LICENSE ""GNU GENERAL PUBLIC LICENSE Version 3"""	y	only connectors on the board	19
p96	BruteClaw/Analog-Synth	6f3befd	2025-02	Surface Mount Designes/Power_Supply	BruteClaw	Power Supply (SMD)	power supply	GPL v3	https://github.com/BruteClaw/Analog-Synth/blob/main/Surface%20Mount%20Designes/Power_Supply/Schematic.pdf	kicad + gerbers	SMD	https://github.com/BruteClaw/Analog-Synth/tree/main/Surface%20Mount%20Designes/Power_Supply	See alt. version: Through Hole Designs/Power_Supply_THT	Strong	kicad footprints (files=1: Power_Supply.kicad_pcb): smd=34 tht_passive=0 tht_to=0 tht_ic=0 (panel excluded) smd_ic=0	"folder name Power_Supply; README ""designs for EuroRack compatable synthasizer modules"""	GitHub owner (no brand name in repo)	"LICENSE ""GNU GENERAL PUBLIC LICENSE Version 3"""	y		19
p97	BruteClaw/Analog-Synth	6f3befd	2025-02	Through Hole Designs/Logic_Gates_THT/AND_THT	BruteClaw	AND Gate (THT)	logic (AND)	GPL v3	https://github.com/BruteClaw/Analog-Synth/blob/main/Through%20Hole%20Designs/Logic_Gates_THT/AND_THT/Schematic.pdf	kicad + gerbers	THT	https://github.com/BruteClaw/Analog-Synth/tree/main/Through%20Hole%20Designs/Logic_Gates_THT/AND_THT	See alt. version: Surface Mount Designes/Logic_Gates/AND	Strong	kicad footprints (files=1: AND_THT.kicad_pcb): smd=0 tht_passive=51 tht_to=4 tht_ic=3 (panel excluded) smd_ic=0	"folder name AND_THT; README ""designs for EuroRack compatable synthasizer modules"""	GitHub owner (no brand name in repo)	"LICENSE ""GNU GENERAL PUBLIC LICENSE Version 3"""	y		19
p98	BruteClaw/Analog-Synth	6f3befd	2025-02	Through Hole Designs/Logic_Gates_THT/NAND_THT	BruteClaw	NAND Gate (THT)	logic (NAND)	GPL v3	https://github.com/BruteClaw/Analog-Synth/blob/main/Through%20Hole%20Designs/Logic_Gates_THT/NAND_THT/Schematic.pdf	kicad + gerbers	THT	https://github.com/BruteClaw/Analog-Synth/tree/main/Through%20Hole%20Designs/Logic_Gates_THT/NAND_THT	See alt. version: Surface Mount Designes/Logic_Gates/NAND	Strong	kicad footprints (files=1: NAND_THT.kicad_pcb): smd=0 tht_passive=51 tht_to=4 tht_ic=3 (panel excluded) smd_ic=0	"folder name NAND_THT; README ""designs for EuroRack compatable synthasizer modules"""	GitHub owner (no brand name in repo)	"LICENSE ""GNU GENERAL PUBLIC LICENSE Version 3"""	y		19
p99	BruteClaw/Analog-Synth	6f3befd	2025-02	Through Hole Designs/Logic_Gates_THT/NOR_THT	BruteClaw	NOR Gate (THT)	logic (NOR)	GPL v3	https://github.com/BruteClaw/Analog-Synth/blob/main/Through%20Hole%20Designs/Logic_Gates_THT/NOR_THT/Schematic.pdf	kicad + gerbers	THT	https://github.com/BruteClaw/Analog-Synth/tree/main/Through%20Hole%20Designs/Logic_Gates_THT/NOR_THT	See alt. version: Surface Mount Designes/Logic_Gates/NOR	Strong	kicad footprints (files=1: NOR_THT.kicad_pcb): smd=0 tht_passive=51 tht_to=4 tht_ic=3 (panel excluded) smd_ic=0	"folder name NOR_THT; README ""designs for EuroRack compatable synthasizer modules"""	GitHub owner (no brand name in repo)	"LICENSE ""GNU GENERAL PUBLIC LICENSE Version 3"""	y		19
p100	BruteClaw/Analog-Synth	6f3befd	2025-02	Through Hole Designs/Logic_Gates_THT/NOT_THT	BruteClaw	NOT Gate (THT)	logic (NOT)	GPL v3	https://github.com/BruteClaw/Analog-Synth/blob/main/Through%20Hole%20Designs/Logic_Gates_THT/NOT_THT/Schematic.pdf	kicad + gerbers	THT	https://github.com/BruteClaw/Analog-Synth/tree/main/Through%20Hole%20Designs/Logic_Gates_THT/NOT_THT	See alt. version: Surface Mount Designes/Logic_Gates/NOT	Strong	kicad footprints (files=1: NOT_THT.kicad_pcb): smd=0 tht_passive=49 tht_to=6 tht_ic=3 (panel excluded) smd_ic=0	"folder name NOT_THT; README ""designs for EuroRack compatable synthasizer modules"""	GitHub owner (no brand name in repo)	"LICENSE ""GNU GENERAL PUBLIC LICENSE Version 3"""	y		19
p101	BruteClaw/Analog-Synth	6f3befd	2025-02	Through Hole Designs/Logic_Gates_THT/OR_THT	BruteClaw	OR Gate (THT)	logic (OR)	GPL v3	https://github.com/BruteClaw/Analog-Synth/blob/main/Through%20Hole%20Designs/Logic_Gates_THT/OR_THT/Schematic.pdf	kicad + gerbers	THT	https://github.com/BruteClaw/Analog-Synth/tree/main/Through%20Hole%20Designs/Logic_Gates_THT/OR_THT	See alt. version: Surface Mount Designes/Logic_Gates/OR	Strong	kicad footprints (files=1: OR_THT.kicad_pcb): smd=0 tht_passive=51 tht_to=4 tht_ic=3 (panel excluded) smd_ic=0	"folder name OR_THT; README ""designs for EuroRack compatable synthasizer modules"""	GitHub owner (no brand name in repo)	"LICENSE ""GNU GENERAL PUBLIC LICENSE Version 3"""	y		19
p102	BruteClaw/Analog-Synth	6f3befd	2025-02	Through Hole Designs/Logic_Gates_THT/XOR_THT	BruteClaw	XOR Gate (THT)	logic (XOR)	GPL v3	https://github.com/BruteClaw/Analog-Synth/blob/main/Through%20Hole%20Designs/Logic_Gates_THT/XOR_THT/Schematic.pdf	kicad + gerbers	THT	https://github.com/BruteClaw/Analog-Synth/tree/main/Through%20Hole%20Designs/Logic_Gates_THT/XOR_THT	See alt. version: Surface Mount Designes/Logic_Gates/XOR	Strong	kicad footprints (files=1: XOR_THT.kicad_pcb): smd=0 tht_passive=51 tht_to=4 tht_ic=3 (panel excluded) smd_ic=0	"folder name XOR_THT; README ""designs for EuroRack compatable synthasizer modules"""	GitHub owner (no brand name in repo)	"LICENSE ""GNU GENERAL PUBLIC LICENSE Version 3"""	y		19
p103	BruteClaw/Analog-Synth	6f3befd	2025-02	Through Hole Designs/Power_Distribution_THT	BruteClaw	Power Distribution (THT)	bus board	GPL v3	https://github.com/BruteClaw/Analog-Synth/blob/main/Through%20Hole%20Designs/Power_Distribution_THT/Schematic.pdf	kicad + gerbers	THT	https://github.com/BruteClaw/Analog-Synth/tree/main/Through%20Hole%20Designs/Power_Distribution_THT	See alt. version: Surface Mount Designes/Power_Distribution	Strong	kicad footprints (files=1: Power_Distribution_THT.kicad_pcb): smd=0 tht_passive=10 tht_to=0 tht_ic=0 (panel excluded) smd_ic=0	"folder name Power_Distribution_THT; README ""designs for EuroRack compatable synthasizer modules"""	GitHub owner (no brand name in repo)	"LICENSE ""GNU GENERAL PUBLIC LICENSE Version 3"""	y		19
p104	BruteClaw/Analog-Synth	6f3befd	2025-02	Through Hole Designs/Power_Supply_THT	BruteClaw	Power Supply (THT)	power supply	GPL v3	https://github.com/BruteClaw/Analog-Synth/blob/main/Through%20Hole%20Designs/Power_Supply_THT/Schematic.pdf	kicad + gerbers	THT	https://github.com/BruteClaw/Analog-Synth/tree/main/Through%20Hole%20Designs/Power_Supply_THT	See alt. version: Surface Mount Designes/Power_Supply	Strong	kicad footprints (files=1: Power_Supply_THT.kicad_pcb): smd=0 tht_passive=30 tht_to=4 tht_ic=0 (panel excluded) smd_ic=0	"folder name Power_Supply_THT; README ""designs for EuroRack compatable synthasizer modules"""	GitHub owner (no brand name in repo)	"LICENSE ""GNU GENERAL PUBLIC LICENSE Version 3"""	y		19
p105	spielhuus/elektrophon	caced54	2026-02	src/kaos	spielhuus	Kaos	chaos generator		x	kicad		https://github.com/spielhuus/elektrophon/tree/master/src/kaos		Deferred	no .kicad_pcb, EasyEDA JSON, Eagle .brd or machine-readable BOM in scope	"index.rmd excerpt ""There are many chaos circuits""; subtitle ""Linear amplification with the CD4069UBE."""	"index.rmd author: ""spielhuus""; lineage from index.rmd subtitle/references"	no LICENSE file, no README statement	-	License blank. marked draft: True in index.rmd; main board has a schematic but no .kicad_pcb	19
p106	spielhuus/elektrophon	caced54	2026-02	src/kraft	MFOS + spielhuus	Kraft (modified)	power supply (bipolar, wall-wart)		x	kicad	THT	https://github.com/spielhuus/elektrophon/tree/master/src/kraft		Strong	kicad footprints (files=3: kraft.kicad_pcb, mount.kicad_pcb, panel.kicad_pcb): smd=0 tht_passive=22 tht_to=3 tht_ic=0 (panel excluded) smd_ic=0	"index.rmd subtitle ""Bipolar Wall-Wart Power Supply.""; reference MFOS ""Wall Wart Power Supply"""	"index.rmd author: ""spielhuus""; lineage from index.rmd subtitle/references"	no LICENSE file, no README statement	y	License blank.	19
p107	spielhuus/elektrophon	caced54	2026-02	src/pentode	Ken Stone + spielhuus	Pentode VCA (modified)	VCA (tube)		x	kicad	SMD	https://github.com/spielhuus/elektrophon/tree/master/src/pentode	based on L-1 tube VCA	Strong	kicad footprints (files=2: main.kicad_pcb, panel.kicad_pcb): smd=38 tht_passive=2 tht_to=0 tht_ic=0 (panel excluded) smd_ic=2	"index.rmd subtitle ""VCA and distortion with a low power tube.""; excerpt ""This tube vca was originaly designed by Ken Stone"""	"index.rmd author: ""spielhuus""; lineage from index.rmd subtitle/references"	no LICENSE file, no README statement	y	License blank.	19
p108	spielhuus/elektrophon	caced54	2026-02	src/polivoks	spielhuus	Polivoks VCF	VCF (Polivoks)		x	kicad	THT	https://github.com/spielhuus/elektrophon/tree/master/src/polivoks	based on Polivoks design; see Marc Bareille POLIVOKS Filter Clone	Strong	kicad footprints (files=3: main.kicad_pcb, mount.kicad_pcb, panel.kicad_pcb): smd=0 tht_passive=44 tht_to=1 tht_ic=5 (panel excluded) smd_ic=0	"index.rmd subtitle ""polivoks filter"""	"index.rmd author: ""spielhuus""; lineage from index.rmd subtitle/references"	no LICENSE file, no README statement	y	License blank.	19
p109	spielhuus/elektrophon	caced54	2026-02	src/produkt	spielhuus	Produkt	VCA / ring modulator		x	kicad	both	https://github.com/spielhuus/elektrophon/tree/master/src/produkt		Strong	kicad footprints (files=3: main.kicad_pcb, mount.kicad_pcb, panel.kicad_pcb): smd=24 tht_passive=24 tht_to=0 tht_ic=5 (panel excluded) smd_ic=0	"index.rmd subtitle ""produkt is a vca and ringmodulator"""	"index.rmd author: ""spielhuus""; lineage from index.rmd subtitle/references"	no LICENSE file, no README statement	y	License blank.	19
p110	spielhuus/elektrophon	caced54	2026-02	src/resonanz	spielhuus	Resonanz	filter bank (band-pass)		x	kicad	THT	https://github.com/spielhuus/elektrophon/tree/master/src/resonanz		Strong	kicad footprints (files=3: main.kicad_pcb, mount.kicad_pcb, panel.kicad_pcb): smd=0 tht_passive=97 tht_to=0 tht_ic=9 (panel excluded) smd_ic=0	schematic sheet src/resonanz/main/band pass filters.kicad_sch; index.rmd front matter is a copy of 4046's, README has no description	"index.rmd author: ""spielhuus""; lineage from index.rmd subtitle/references"	no LICENSE file, no README statement	y	License blank. **review type**: index.rmd front matter copied from 4046; type from the schematic sheet name only	19
p111	spielhuus/elektrophon	caced54	2026-02	src/ssg	Serge + spielhuus	SSG (modified)	S&H / slew (Serge SSG)		x	kicad	THT	https://github.com/spielhuus/elektrophon/tree/master/src/ssg	based on Ken Stone CGS92 design	Strong	kicad footprints (files=3: main.kicad_pcb, mount.kicad_pcb, panel.kicad_pcb): smd=0 tht_passive=83 tht_to=4 tht_ic=7 (panel excluded) smd_ic=0	"index.rmd subtitle ""smooth and stepped generator""; excerpt ""The serge smooth and stepped generator"""	"index.rmd author: ""spielhuus""; lineage from index.rmd subtitle/references"	no LICENSE file, no README statement	y	License blank.	19
p112	spielhuus/elektrophon	caced54	2026-02	src/steckfeld	spielhuus	Steckfeld	breadboard interface (mixers)		x	kicad	THT	https://github.com/spielhuus/elektrophon/tree/master/src/steckfeld		Strong	kicad footprints (files=1: main.kicad_pcb): smd=0 tht_passive=8 tht_to=0 tht_ic=2 (panel excluded) smd_ic=0	"index.rmd subtitle ""steckfeld is a utility board for interfacing to the breadboard."""	"index.rmd author: ""spielhuus""; lineage from index.rmd subtitle/references"	no LICENSE file, no README statement	y	License blank.	19
p113	spielhuus/elektrophon	caced54	2026-02	src/summe	spielhuus	Summe	mixer / attenuverter		x	kicad	SMD	https://github.com/spielhuus/elektrophon/tree/master/src/summe		Strong	kicad footprints (files=2: main.kicad_pcb, panel.kicad_pcb): smd=55 tht_passive=4 tht_to=0 tht_ic=0 (panel excluded) smd_ic=6	"index.rmd subtitle ""Summe is a simple mixer utility module. It can be used as a mixer, attenuator or attenuverter"""	"index.rmd author: ""spielhuus""; lineage from index.rmd subtitle/references"	no LICENSE file, no README statement	y	License blank.	19
p114	spielhuus/elektrophon	caced54	2026-02	src/threeler	Ian Fritz + spielhuus	Threeler (modified)	VCF (3rd order)		x	kicad	both	https://github.com/spielhuus/elektrophon/tree/master/src/threeler		Strong	kicad footprints (files=3: main.kicad_pcb, mount.kicad_pcb, panel.kicad_pcb): smd=28 tht_passive=74 tht_to=1 tht_ic=11 (panel excluded) smd_ic=0	"index.rmd reference Ian Fritz ""A third-order VCF"""	"index.rmd author: ""spielhuus""; lineage from index.rmd subtitle/references"	no LICENSE file, no README statement	y	License blank. marked draft: True in index.rmd	19
p115	spielhuus/elektrophon	caced54	2026-02	src/tiefpass	spielhuus	Tiefpass	filter (low-pass)		x	kicad	both	https://github.com/spielhuus/elektrophon/tree/master/src/tiefpass		Strong	kicad footprints (files=3: main.kicad_pcb, mount.kicad_pcb, panel.kicad_pcb): smd=16 tht_passive=40 tht_to=0 tht_ic=3 (panel excluded) smd_ic=0	"index.rmd title ""tiefpass"" (German: low-pass); rest of front matter is a copy of hall's"	"index.rmd author: ""spielhuus""; lineage from index.rmd subtitle/references"	no LICENSE file, no README statement	y	License blank. **review type**: index.rmd subtitle/excerpt copied from hall; type from the title only	19
p116	Mental-Noise/Axon	4c56918	2024-07	.	Larry McGovern + Mental Noise	Axon (modified)	MIDI-CV	GPL v3	https://github.com/Mental-Noise/Axon/blob/master/schematics/schematics.png		SMD	https://github.com/Mental-Noise/Axon		Strong	easyeda schematic json (files=1: schematics.json): smd=25 tht_passive=5 tht_to=1 tht_ic=0 (panel excluded) smd_ic=0	"README ""Mental Noise - Axon - MIDI to CV Eurorack module"""	"README title ""Mental Noise - ...""; README ""It is based on the MIDI2CV project by Larry McGovern"""	"LICENSE ""GNU GENERAL PUBLIC LICENSE Version 3"""	-	"layout blank - EasyEDA schematic JSON only, no PCB file; build guide ""Mental Noise - Axon.pdf"""	19
p117	Mental-Noise/Synapse	0e76d4f	2024-02	.	Mental Noise	Synapse	CV-MIDI	GPL v3	https://github.com/Mental-Noise/Synapse/blob/master/schematics/Analog_Inputs.png	easyEDA	SMD	https://github.com/Mental-Noise/Synapse		Strong	easyeda pcb json [unclassified: CERAMICx1] (files=3: 1-PCB_Panel.json, 2-PCB_Components.json, 3-PCB_Arduino.json): smd=64 tht_passive=4 tht_to=1 tht_ic=0 (panel excluded) smd_ic=0	"README ""Mental Noise - Synapse - CV to MIDI Eurorack module"""	"README title ""Mental Noise - ..."""	"LICENSE ""GNU GENERAL PUBLIC LICENSE Version 3"""	-	"schematic is 3 PNG sheets (Analog_Inputs, Arduino, Digital_Inputs; first linked); build guide ""Mental Noise - Synapse.pdf"""	19
p118	Mental-Noise/Thal	e99cef9	2024-10	.	Mental Noise	Thal	mixer / output (3-ch stereo, headphone)	GPL v3	https://github.com/Mental-Noise/Thal/blob/main/schematics/thal.png		both	https://github.com/Mental-Noise/Thal	based on Befaco STMix, Befaco Out and Intellijel Audio I/O	Strong	easyeda schematic json [unclassified: TL072x7] (files=1: schematics.json): smd=68 tht_passive=14 tht_to=0 tht_ic=0 (panel excluded) smd_ic=0	"README ""open source mixer / output Eurorack module""; ""3 channels mono/stereo mixer"""	"README title ""Mental Noise - ..."""	"LICENSE ""GNU GENERAL PUBLIC LICENSE Version 3"""	-	layout blank - EasyEDA schematic JSON only, no PCB file; extender schematic in schematics/extender.png	19
p119	pixiemars/GMSNPure	9cea1ff	2018-12	GMSN-Pure-ADSR-master-eaf83545d02f7394b666da257b304eec5bba277b.zip	GMSN + pixiemars	Pure ADSR	EG (ADSR)		x	eagle	SMD	https://github.com/pixiemars/GMSNPure/blob/master/GMSN-Pure-ADSR-master-eaf83545d02f7394b666da257b304eec5bba277b.zip		Stated	Pure ADSR.brd: R0805 x12, C0805K x9, SOIC8, SMADIODE, 153CLV SMD electrolytics; Pure_ADSR_BoM_20180302.pdf: TL072ACDR (SOIC), MMBT3904 (SOT-23); no THT parts besides panel hardware	"zip name GMSN-Pure-ADSR; README ""Schematics, BOMS and build guides for GMSN pure"""	"README ""GMSN pure""; zips are GMSN-Pure-*-master-<sha> archives; lineage per user ruling (GMSN + pixiemars)"	no LICENSE file; zip READMEs are GitHub placeholders	y	zip, not browsable on GitHub - contents in data/zip-contents/pixiemars_GMSNPure.txt; Eagle .sch/.brd inside, no KiCad; BOM/docs in repo root: Pure_ADSR_BoM_20180302.pdf, Pure_ADSR_v2_Build_Doc_20180123.pdf; License blank; zips look like unmodified GitHub archives of GMSN's own repos - creator may be just GMSN	19
p120	pixiemars/GMSNPure	9cea1ff	2018-12	GMSN-Pure-LFO-master-d089ac08efe0c56395dc4200de4310bcf5ddf024.zip	GMSN + pixiemars	Pure LFO	LFO		x	eagle	SMD	https://github.com/pixiemars/GMSNPure/blob/master/GMSN-Pure-LFO-master-d089ac08efe0c56395dc4200de4310bcf5ddf024.zip		Stated	Pure LFO.brd: R0805 x22, C0805K x6, SMADIODE, 153CLV; Pure_LFO_BoM_20180122.pdf: TL072ACDR / TL074IDR (SOIC), DMMT3904W (SOT-363); no THT parts besides panel hardware and trimmers	"zip name GMSN-Pure-LFO; README ""Schematics, BOMS and build guides for GMSN pure"""	"README ""GMSN pure""; zips are GMSN-Pure-*-master-<sha> archives; lineage per user ruling (GMSN + pixiemars)"	no LICENSE file; zip READMEs are GitHub placeholders	y	zip, not browsable on GitHub - contents in data/zip-contents/pixiemars_GMSNPure.txt; Eagle .sch/.brd inside, no KiCad; BOM/docs in repo root: Pure_LFO_BoM_20180122.pdf, Pure_LFO_v2_Build_Doc_20180123.pdf; License blank; zips look like unmodified GitHub archives of GMSN's own repos - creator may be just GMSN	19
p121	pixiemars/GMSNPure	9cea1ff	2018-12	GMSN-Pure-Power-Strip-master-6e347499ce3b8ca78649abc5de14b53f901818cc.zip	GMSN + pixiemars	Pure Power Strip	bus board (powered, DC-DC)		x	eagle		https://github.com/pixiemars/GMSNPure/blob/master/GMSN-Pure-Power-Strip-master-6e347499ce3b8ca78649abc5de14b53f901818cc.zip		Weak	Pure Power Strip.brd: 0207/10 resistors, C025 caps, TO220H regulator, URA24 DC-DC module, SANYO-OSCON_D x3 - OS-CON package not stated, could change the call	"zip name GMSN-Pure-Power-Strip; README ""Schematics, BOMS and build guides for GMSN pure"""	"README ""GMSN pure""; zips are GMSN-Pure-*-master-<sha> archives; lineage per user ruling (GMSN + pixiemars)"	no LICENSE file; zip READMEs are GitHub placeholders	-	zip, not browsable on GitHub - contents in data/zip-contents/pixiemars_GMSNPure.txt; Eagle .sch/.brd inside, no KiCad; BOM/docs in repo root: no BOM PDF for this module; License blank; zips look like unmodified GitHub archives of GMSN's own repos - creator may be just GMSN	19
p122	pixiemars/GMSNPure	9cea1ff	2018-12	GMSN-Pure-Sample-Hold-master-1b4fa1281f2136ba8bf5baa732c5a04d5bd2fdc4.zip	GMSN + pixiemars	Pure S&H	S&H		x	eagle	SMD	https://github.com/pixiemars/GMSNPure/blob/master/GMSN-Pure-Sample-Hold-master-1b4fa1281f2136ba8bf5baa732c5a04d5bd2fdc4.zip		Stated	Pure SH.brd: R0805 x10, C0805K x8, SOD-323, SO08/SO14, 153CLV; GMSN_Pure_SH_v1.4_BoM_20180403.pdf: MMBT3904, TL072ACDR, CD4093BM96 (SOIC14); 1 THT film cap (C050-045X075)	"zip name GMSN-Pure-Sample-Hold; README ""Schematics, BOMS and build guides for GMSN pure"""	"README ""GMSN pure""; zips are GMSN-Pure-*-master-<sha> archives; lineage per user ruling (GMSN + pixiemars)"	no LICENSE file; zip READMEs are GitHub placeholders	y	zip, not browsable on GitHub - contents in data/zip-contents/pixiemars_GMSNPure.txt; Eagle .sch/.brd inside, no KiCad; BOM/docs in repo root: GMSN_Pure_SH_v1.4_BoM_20180403.pdf; License blank; zips look like unmodified GitHub archives of GMSN's own repos - creator may be just GMSN	19
p123	pixiemars/GMSNPure	9cea1ff	2018-12	GMSN-Pure-VCA-master-c4bc9d760854f981a824b311be3883cc9f4fd236.zip	GMSN + pixiemars	Pure VCA	VCA		x	eagle	SMD	https://github.com/pixiemars/GMSNPure/blob/master/GMSN-Pure-VCA-master-c4bc9d760854f981a824b311be3883cc9f4fd236.zip		Stated	Pure VCA.brd: R0805 x12, C0805K x6, SOIC-8, SMADIODE, 153CLV; vca Bom.pdf: TL072ACDR (SOIC); no THT parts besides panel hardware and trimmer	"zip name GMSN-Pure-VCA; README ""Schematics, BOMS and build guides for GMSN pure"""	"README ""GMSN pure""; zips are GMSN-Pure-*-master-<sha> archives; lineage per user ruling (GMSN + pixiemars)"	no LICENSE file; zip READMEs are GitHub placeholders	y	zip, not browsable on GitHub - contents in data/zip-contents/pixiemars_GMSNPure.txt; Eagle .sch/.brd inside, no KiCad; BOM/docs in repo root: vca Bom.pdf, vca build doc.pdf; License blank; zips look like unmodified GitHub archives of GMSN's own repos - creator may be just GMSN	19
p124	pixiemars/GMSNPure	9cea1ff	2018-12	GMSN-Pure-VCF-master-b78bbad56e109ea96959d2dcbfb914878465657e.zip	GMSN + pixiemars	Pure VCF	VCF		x	eagle	SMD	https://github.com/pixiemars/GMSNPure/blob/master/GMSN-Pure-VCF-master-b78bbad56e109ea96959d2dcbfb914878465657e.zip		Stated	Pure VCF.brd: R0805 x42, C0805K x9, SOIC-16 x2 (LM13700M), SO14 x2, 153CLV; Pure_VCF_BoM_20180122.pdf: TL074IDR, DMMT3906W; 5 THT passives (4 film caps C050, 1 tempco) - within the 5-passive limit	"zip name GMSN-Pure-VCF; README ""Schematics, BOMS and build guides for GMSN pure"""	"README ""GMSN pure""; zips are GMSN-Pure-*-master-<sha> archives; lineage per user ruling (GMSN + pixiemars)"	no LICENSE file; zip READMEs are GitHub placeholders	y	zip, not browsable on GitHub - contents in data/zip-contents/pixiemars_GMSNPure.txt; Eagle .sch/.brd inside, no KiCad; BOM/docs in repo root: Pure_VCF_BoM_20180122.pdf; License blank; zips look like unmodified GitHub archives of GMSN's own repos - creator may be just GMSN	19
p125	pixiemars/GMSNPure	9cea1ff	2018-12	GMSN-Pure-VCO_1-master-256581345c0d2d3f55c2f87f8527bc7e126a2038.zip	GMSN + pixiemars	Pure VCO	VCO		x	eagle	SMD	https://github.com/pixiemars/GMSNPure/blob/master/GMSN-Pure-VCO_1-master-256581345c0d2d3f55c2f87f8527bc7e126a2038.zip		Stated	Pure VCO.brd: R0805 x53, C0805 x20, SO08 x7, SOD-323F, 153CLV; Pure-VCO-v3-BoM.pdf: TL072 SO08, DMMT3904W pairs, LM4040 SOT; 2 THT passives (POLY_CAP, 0204/7)	"zip name GMSN-Pure-VCO_1; README ""Schematics, BOMS and build guides for GMSN pure"""	"README ""GMSN pure""; zips are GMSN-Pure-*-master-<sha> archives; lineage per user ruling (GMSN + pixiemars)"	no LICENSE file; zip READMEs are GitHub placeholders	y	zip, not browsable on GitHub - contents in data/zip-contents/pixiemars_GMSNPure.txt; Eagle .sch/.brd inside, no KiCad; BOM/docs in repo root: Pure-VCO-v3-BoM.pdf; License blank; zips look like unmodified GitHub archives of GMSN's own repos - creator may be just GMSN	19
p126	odeliy/schema-cave	2285bbb	2021-10	.	odeliy	Dub Delay	delay (dub)	open source, no licence named	https://github.com/odeliy/schema-cave/blob/main/Effect_Dub-Delay.pdf			https://github.com/odeliy/schema-cave/blob/main/Effect_Dub-Delay.pdf		Deferred	schematic PDF only - no footprints printed, no BOM or EDA source	"file name ""Effect_Dub-Delay.pdf"" (category prefix Effect_)"	GitHub owner (no brand name in repo)	"README ""Use these however you want. Commercially etc. 100% open source."""	-	schematic PDF only (KiCad export) - no EDA source, BOM or gerbers in the repo	19
p127	odeliy/schema-cave	2285bbb	2021-10	.	odeliy	Fuzz	fuzz	open source, no licence named	https://github.com/odeliy/schema-cave/blob/main/Effect_Fuzz.pdf			https://github.com/odeliy/schema-cave/blob/main/Effect_Fuzz.pdf		Deferred	schematic PDF only - no footprints printed, no BOM or EDA source	"file name ""Effect_Fuzz.pdf"" (category prefix Effect_)"	GitHub owner (no brand name in repo)	"README ""Use these however you want. Commercially etc. 100% open source."""	-	schematic PDF only (KiCad export) - no EDA source, BOM or gerbers in the repo	19
p128	odeliy/schema-cave	2285bbb	2021-10	.	odeliy	Reverb Belton	reverb (Belton brick)	open source, no licence named	https://github.com/odeliy/schema-cave/blob/main/Effect_Reverb_Belton.pdf			https://github.com/odeliy/schema-cave/blob/main/Effect_Reverb_Belton.pdf		Deferred	schematic PDF only - no footprints printed, no BOM or EDA source	"file name ""Effect_Reverb_Belton.pdf"" (category prefix Effect_)"	GitHub owner (no brand name in repo)	"README ""Use these however you want. Commercially etc. 100% open source."""	-	schematic PDF only (KiCad export) - no EDA source, BOM or gerbers in the repo	19
p129	odeliy/schema-cave	2285bbb	2021-10	.	odeliy	Dopes	EG	open source, no licence named	https://github.com/odeliy/schema-cave/blob/main/Envelope_Dopes.pdf			https://github.com/odeliy/schema-cave/blob/main/Envelope_Dopes.pdf		Deferred	schematic PDF only - no footprints printed, no BOM or EDA source	"file name ""Envelope_Dopes.pdf"" (category prefix Envelope_)"	GitHub owner (no brand name in repo)	"README ""Use these however you want. Commercially etc. 100% open source."""	-	schematic PDF only (KiCad export) - no EDA source, BOM or gerbers in the repo	19
p130	odeliy/schema-cave	2285bbb	2021-10	.	odeliy	Electric Druid EnvGen8	EG (Electric Druid EnvGen8)	open source, no licence named	https://github.com/odeliy/schema-cave/blob/main/Envelope_Electric-Druid-EnvGen8.pdf			https://github.com/odeliy/schema-cave/blob/main/Envelope_Electric-Druid-EnvGen8.pdf		Deferred	schematic PDF only - no footprints printed, no BOM or EDA source	"file name ""Envelope_Electric-Druid-EnvGen8.pdf"" (category prefix Envelope_)"	GitHub owner (no brand name in repo)	"README ""Use these however you want. Commercially etc. 100% open source."""	-	schematic PDF only (KiCad export) - no EDA source, BOM or gerbers in the repo	19
p131	odeliy/schema-cave	2285bbb	2021-10	.	odeliy	Quadlopes	EG	open source, no licence named	https://github.com/odeliy/schema-cave/blob/main/Envelope_Quadlopes.pdf			https://github.com/odeliy/schema-cave/blob/main/Envelope_Quadlopes.pdf		Deferred	schematic PDF only - no footprints printed, no BOM or EDA source	"file name ""Envelope_Quadlopes.pdf"" (category prefix Envelope_)"	GitHub owner (no brand name in repo)	"README ""Use these however you want. Commercially etc. 100% open source."""	-	schematic PDF only (KiCad export) - no EDA source, BOM or gerbers in the repo	19
p132	odeliy/schema-cave	2285bbb	2021-10	.	odeliy	Slopes	EG	open source, no licence named	https://github.com/odeliy/schema-cave/blob/main/Envelope_Slopes.pdf			https://github.com/odeliy/schema-cave/blob/main/Envelope_Slopes.pdf		Deferred	schematic PDF only - no footprints printed, no BOM or EDA source	"file name ""Envelope_Slopes.pdf"" (category prefix Envelope_)"	GitHub owner (no brand name in repo)	"README ""Use these however you want. Commercially etc. 100% open source."""	-	schematic PDF only (KiCad export) - no EDA source, BOM or gerbers in the repo	19
p133	odeliy/schema-cave	2285bbb	2021-10	.	odeliy	Unreleased	drum (kick)	open source, no licence named	https://github.com/odeliy/schema-cave/blob/main/Kick_Unreleased.pdf			https://github.com/odeliy/schema-cave/blob/main/Kick_Unreleased.pdf		Deferred	schematic PDF only - no footprints printed, no BOM or EDA source	"file name ""Kick_Unreleased.pdf"" (category prefix Kick_)"	GitHub owner (no brand name in repo)	"README ""Use these however you want. Commercially etc. 100% open source."""	-	schematic PDF only (KiCad export) - no EDA source, BOM or gerbers in the repo	19
p134	odeliy/schema-cave	2285bbb	2021-10	.	odeliy	VCD+ V1 THT	drum (kick)	open source, no licence named	https://github.com/odeliy/schema-cave/blob/main/Kick_VCD%2B_V1_THT.pdf		THT	https://github.com/odeliy/schema-cave/blob/main/Kick_VCD%2B_V1_THT.pdf	See alt. version: Kick_VCD+_V2_SMD.pdf	Stated	"file name ""Kick_VCD+_V1_THT"""	"file name ""Kick_VCD+_V1_THT.pdf"" (category prefix Kick_)"	GitHub owner (no brand name in repo)	"README ""Use these however you want. Commercially etc. 100% open source."""	-	schematic PDF only (KiCad export) - no EDA source, BOM or gerbers in the repo	19
p135	odeliy/schema-cave	2285bbb	2021-10	.	odeliy	VCD+ V2 SMD	drum (kick)	open source, no licence named	https://github.com/odeliy/schema-cave/blob/main/Kick_VCD%2B_V2_SMD.pdf		SMD	https://github.com/odeliy/schema-cave/blob/main/Kick_VCD%2B_V2_SMD.pdf	See alt. version: Kick_VCD+_V1_THT.pdf	Stated	"file name ""Kick_VCD+_V2_SMD"""	"file name ""Kick_VCD+_V2_SMD.pdf"" (category prefix Kick_)"	GitHub owner (no brand name in repo)	"README ""Use these however you want. Commercially etc. 100% open source."""	-	schematic PDF only (KiCad export) - no EDA source, BOM or gerbers in the repo	19
p136	odeliy/schema-cave	2285bbb	2021-10	.	odeliy	LFO	LFO	open source, no licence named	https://github.com/odeliy/schema-cave/blob/main/LFO_LFO.pdf			https://github.com/odeliy/schema-cave/blob/main/LFO_LFO.pdf		Deferred	schematic PDF only - no footprints printed, no BOM or EDA source	"file name ""LFO_LFO.pdf"" (category prefix LFO_)"	GitHub owner (no brand name in repo)	"README ""Use these however you want. Commercially etc. 100% open source."""	-	schematic PDF only (KiCad export) - no EDA source, BOM or gerbers in the repo	19
p137	odeliy/schema-cave	2285bbb	2021-10	.	odeliy	Loafers	LFO	open source, no licence named	https://github.com/odeliy/schema-cave/blob/main/LFO_Loafers.pdf		SMD	https://github.com/odeliy/schema-cave/blob/main/LFO_Loafers.pdf		Strong	footprints printed on the schematic: SM0805 / SOIC-8 etc. (98 SMD mentions, no THT)	"file name ""LFO_Loafers.pdf"" (category prefix LFO_)"	GitHub owner (no brand name in repo)	"README ""Use these however you want. Commercially etc. 100% open source."""	-	schematic PDF only (KiCad export) - no EDA source, BOM or gerbers in the repo	19
p138	odeliy/schema-cave	2285bbb	2021-10	.	odeliy	uLoaf	LFO	open source, no licence named	https://github.com/odeliy/schema-cave/blob/main/LFO_uLoaf.pdf			https://github.com/odeliy/schema-cave/blob/main/LFO_uLoaf.pdf		Deferred	schematic PDF only - no footprints printed, no BOM or EDA source	"file name ""LFO_uLoaf.pdf"" (category prefix LFO_)"	GitHub owner (no brand name in repo)	"README ""Use these however you want. Commercially etc. 100% open source."""	-	schematic PDF only (KiCad export) - no EDA source, BOM or gerbers in the repo	19
p139	odeliy/schema-cave	2285bbb	2021-10	.	odeliy	Patterns	logic	open source, no licence named	https://github.com/odeliy/schema-cave/blob/main/Logic_Patterns.pdf			https://github.com/odeliy/schema-cave/blob/main/Logic_Patterns.pdf		Deferred	schematic PDF only - no footprints printed, no BOM or EDA source	"file name ""Logic_Patterns.pdf"" (category prefix Logic_)"	GitHub owner (no brand name in repo)	"README ""Use these however you want. Commercially etc. 100% open source."""	-	schematic PDF only (KiCad export) - no EDA source, BOM or gerbers in the repo	19
p140	odeliy/schema-cave	2285bbb	2021-10	.	odeliy	RPG	logic	open source, no licence named	https://github.com/odeliy/schema-cave/blob/main/Logic_RPG.pdf			https://github.com/odeliy/schema-cave/blob/main/Logic_RPG.pdf		Deferred	schematic PDF only - no footprints printed, no BOM or EDA source	"file name ""Logic_RPG.pdf"" (category prefix Logic_)"	GitHub owner (no brand name in repo)	"README ""Use these however you want. Commercially etc. 100% open source."""	-	"schematic says ""REALLY NEEDS NEW REVISION!!!""; schematic PDF only (KiCad export) - no EDA source, BOM or gerbers in the repo"	19
p141	odeliy/schema-cave	2285bbb	2021-10	.	odeliy	ISD Sampler	sampler (ISD chip)	open source, no licence named	https://github.com/odeliy/schema-cave/blob/main/Misc_ISD-Sampler.pdf			https://github.com/odeliy/schema-cave/blob/main/Misc_ISD-Sampler.pdf		Deferred	schematic PDF only - no footprints printed, no BOM or EDA source	"file name ""Misc_ISD-Sampler.pdf"" (category prefix Misc_)"	GitHub owner (no brand name in repo)	"README ""Use these however you want. Commercially etc. 100% open source."""	-	schematic PDF only (KiCad export) - no EDA source, BOM or gerbers in the repo	19
p142	odeliy/schema-cave	2285bbb	2021-10	.	odeliy	Juno 106 Voicechip NR80017A	voice chip replacement (Juno-106 80017A)	open source, no licence named	https://github.com/odeliy/schema-cave/blob/main/Misc_Juno-106-Voicechip-NR80017A.pdf			https://github.com/odeliy/schema-cave/blob/main/Misc_Juno-106-Voicechip-NR80017A.pdf		Deferred	schematic PDF only - no footprints printed, no BOM or EDA source	"file name ""Misc_Juno-106-Voicechip-NR80017A.pdf"" (category prefix Misc_)"	GitHub owner (no brand name in repo)	"README ""Use these however you want. Commercially etc. 100% open source."""	-	**review: may not be a eurorack module** (a Juno-106 voice chip replacement); schematic PDF only (KiCad export) - no EDA source, BOM or gerbers in the repo	19
p143	odeliy/schema-cave	2285bbb	2021-10	.	odeliy	Octave Glide	pitch utility (octave / glide)	open source, no licence named	https://github.com/odeliy/schema-cave/blob/main/Misc_Octave-Glide.pdf			https://github.com/odeliy/schema-cave/blob/main/Misc_Octave-Glide.pdf		Deferred	schematic PDF only - no footprints printed, no BOM or EDA source	"file name ""Misc_Octave-Glide.pdf"" (category prefix Misc_)"	GitHub owner (no brand name in repo)	"README ""Use these however you want. Commercially etc. 100% open source."""	-	schematic PDF only (KiCad export) - no EDA source, BOM or gerbers in the repo	19
p144	odeliy/schema-cave	2285bbb	2021-10	.	odeliy	Output	output	open source, no licence named	https://github.com/odeliy/schema-cave/blob/main/Misc_Output.pdf			https://github.com/odeliy/schema-cave/blob/main/Misc_Output.pdf		Deferred	schematic PDF only - no footprints printed, no BOM or EDA source	"file name ""Misc_Output.pdf"" (category prefix Misc_)"	GitHub owner (no brand name in repo)	"README ""Use these however you want. Commercially etc. 100% open source."""	-	schematic PDF only (KiCad export) - no EDA source, BOM or gerbers in the repo	19
p145	odeliy/schema-cave	2285bbb	2021-10	.	odeliy	S&H	S&H	open source, no licence named	https://github.com/odeliy/schema-cave/blob/main/Misc_S%26H.pdf			https://github.com/odeliy/schema-cave/blob/main/Misc_S%26H.pdf		Deferred	schematic PDF only - no footprints printed, no BOM or EDA source	"file name ""Misc_S&H.pdf"" (category prefix Misc_)"	GitHub owner (no brand name in repo)	"README ""Use these however you want. Commercially etc. 100% open source."""	-	schematic PDF only (KiCad export) - no EDA source, BOM or gerbers in the repo	19
p146	odeliy/schema-cave	2285bbb	2021-10	.	odeliy	Audio Mixer	mixer	open source, no licence named	https://github.com/odeliy/schema-cave/blob/main/Mixer_Audio-Mixer.pdf			https://github.com/odeliy/schema-cave/blob/main/Mixer_Audio-Mixer.pdf		Deferred	schematic PDF only - no footprints printed, no BOM or EDA source	"file name ""Mixer_Audio-Mixer.pdf"" (category prefix Mixer_)"	GitHub owner (no brand name in repo)	"README ""Use these however you want. Commercially etc. 100% open source."""	-	schematic PDF only (KiCad export) - no EDA source, BOM or gerbers in the repo	19
p147	odeliy/schema-cave	2285bbb	2021-10	.	odeliy	Onboard Mixer	mixer	open source, no licence named	https://github.com/odeliy/schema-cave/blob/main/Mixer_Onboard-Mixer.pdf			https://github.com/odeliy/schema-cave/blob/main/Mixer_Onboard-Mixer.pdf		Deferred	schematic PDF only - no footprints printed, no BOM or EDA source	"file name ""Mixer_Onboard-Mixer.pdf"" (category prefix Mixer_)"	GitHub owner (no brand name in repo)	"README ""Use these however you want. Commercially etc. 100% open source."""	-	schematic PDF only (KiCad export) - no EDA source, BOM or gerbers in the repo	19
p148	odeliy/schema-cave	2285bbb	2021-10	.	odeliy	Swiss Army Mixer	mixer	open source, no licence named	https://github.com/odeliy/schema-cave/blob/main/Mixer_Swiss-Army-Mixer.pdf			https://github.com/odeliy/schema-cave/blob/main/Mixer_Swiss-Army-Mixer.pdf		Deferred	schematic PDF only - no footprints printed, no BOM or EDA source	"file name ""Mixer_Swiss-Army-Mixer.pdf"" (category prefix Mixer_)"	GitHub owner (no brand name in repo)	"README ""Use these however you want. Commercially etc. 100% open source."""	-	schematic PDF only (KiCad export) - no EDA source, BOM or gerbers in the repo	19
p149	odeliy/schema-cave	2285bbb	2021-10	.	odeliy	Swisso	mixer	open source, no licence named	https://github.com/odeliy/schema-cave/blob/main/Mixer_Swisso.pdf			https://github.com/odeliy/schema-cave/blob/main/Mixer_Swisso.pdf		Deferred	schematic PDF only - no footprints printed, no BOM or EDA source	"file name ""Mixer_Swisso.pdf"" (category prefix Mixer_)"	GitHub owner (no brand name in repo)	"README ""Use these however you want. Commercially etc. 100% open source."""	-	schematic PDF only (KiCad export) - no EDA source, BOM or gerbers in the repo	19
p150	odeliy/schema-cave	2285bbb	2021-10	.	odeliy	Flux V1 4hp	noise	open source, no licence named	https://github.com/odeliy/schema-cave/blob/main/Noise_Flux-V1-4hp.pdf			https://github.com/odeliy/schema-cave/blob/main/Noise_Flux-V1-4hp.pdf	See alt. version: Noise_Flux-V2-6hp.pdf	Deferred	schematic PDF only - no footprints printed, no BOM or EDA source	"file name ""Noise_Flux-V1-4hp.pdf"" (category prefix Noise_)"	GitHub owner (no brand name in repo)	"README ""Use these however you want. Commercially etc. 100% open source."""	-	schematic PDF only (KiCad export) - no EDA source, BOM or gerbers in the repo	19
p151	odeliy/schema-cave	2285bbb	2021-10	.	odeliy	Flux V2 6hp	noise	open source, no licence named	https://github.com/odeliy/schema-cave/blob/main/Noise_Flux-V2-6hp.pdf			https://github.com/odeliy/schema-cave/blob/main/Noise_Flux-V2-6hp.pdf	See alt. version: Noise_Flux-V1-4hp.pdf	Deferred	schematic PDF only - no footprints printed, no BOM or EDA source	"file name ""Noise_Flux-V2-6hp.pdf"" (category prefix Noise_)"	GitHub owner (no brand name in repo)	"README ""Use these however you want. Commercially etc. 100% open source."""	-	schematic PDF only (KiCad export) - no EDA source, BOM or gerbers in the repo	19
p152	odeliy/schema-cave	2285bbb	2021-10	.	odeliy	Wtf	noise	open source, no licence named	https://github.com/odeliy/schema-cave/blob/main/Noise_Wtf.pdf			https://github.com/odeliy/schema-cave/blob/main/Noise_Wtf.pdf		Deferred	schematic PDF only - no footprints printed, no BOM or EDA source	"file name ""Noise_Wtf.pdf"" (category prefix Noise_)"	GitHub owner (no brand name in repo)	"README ""Use these however you want. Commercially etc. 100% open source."""	-	schematic PDF only (KiCad export) - no EDA source, BOM or gerbers in the repo	19
p153	odeliy/schema-cave	2285bbb	2021-10	.	odeliy	Steps	sequencer	open source, no licence named	https://github.com/odeliy/schema-cave/blob/main/Seqn_Steps.pdf			https://github.com/odeliy/schema-cave/blob/main/Seqn_Steps.pdf		Deferred	schematic PDF only - no footprints printed, no BOM or EDA source	"file name ""Seqn_Steps.pdf"" (category prefix Seqn_)"	GitHub owner (no brand name in repo)	"README ""Use these however you want. Commercially etc. 100% open source."""	-	schematic PDF only (KiCad export) - no EDA source, BOM or gerbers in the repo	19
p154	odeliy/schema-cave	2285bbb	2021-10	.	odeliy	Voltage Sequencer	sequencer	open source, no licence named	https://github.com/odeliy/schema-cave/blob/main/Seqn_Voltage-Sequencer.pdf			https://github.com/odeliy/schema-cave/blob/main/Seqn_Voltage-Sequencer.pdf		Deferred	schematic PDF only - no footprints printed, no BOM or EDA source	"file name ""Seqn_Voltage-Sequencer.pdf"" (category prefix Seqn_)"	GitHub owner (no brand name in repo)	"README ""Use these however you want. Commercially etc. 100% open source."""	-	schematic PDF only (KiCad export) - no EDA source, BOM or gerbers in the repo	19
p155	odeliy/schema-cave	2285bbb	2021-10	.	odeliy	XOX CMOS	sequencer (XOX, CMOS)	open source, no licence named	https://github.com/odeliy/schema-cave/blob/main/Seqn_XOX_CMOS.pdf			https://github.com/odeliy/schema-cave/blob/main/Seqn_XOX_CMOS.pdf		Deferred	schematic PDF only - no footprints printed, no BOM or EDA source	"file name ""Seqn_XOX_CMOS.pdf"" (category prefix Seqn_)"	GitHub owner (no brand name in repo)	"README ""Use these however you want. Commercially etc. 100% open source."""	-	schematic PDF only (KiCad export) - no EDA source, BOM or gerbers in the repo	19
p156	odeliy/schema-cave	2285bbb	2021-10	.	odeliy	2xVCA	VCA	open source, no licence named	https://github.com/odeliy/schema-cave/blob/main/VCA_2xVCA.pdf			https://github.com/odeliy/schema-cave/blob/main/VCA_2xVCA.pdf		Deferred	schematic PDF only - no footprints printed, no BOM or EDA source	"file name ""VCA_2xVCA.pdf"" (category prefix VCA_)"	GitHub owner (no brand name in repo)	"README ""Use these however you want. Commercially etc. 100% open source."""	-	schematic PDF only (KiCad export) - no EDA source, BOM or gerbers in the repo	19
p157	odeliy/schema-cave	2285bbb	2021-10	.	odeliy	Crossfade	crossfader (VCA)	open source, no licence named	https://github.com/odeliy/schema-cave/blob/main/VCA_Crossfade.pdf			https://github.com/odeliy/schema-cave/blob/main/VCA_Crossfade.pdf		Deferred	schematic PDF only - no footprints printed, no BOM or EDA source	"file name ""VCA_Crossfade.pdf"" (category prefix VCA_)"	GitHub owner (no brand name in repo)	"README ""Use these however you want. Commercially etc. 100% open source."""	-	schematic PDF only (KiCad export) - no EDA source, BOM or gerbers in the repo	19
p158	odeliy/schema-cave	2285bbb	2021-10	.	odeliy	Xim	VCA	open source, no licence named	https://github.com/odeliy/schema-cave/blob/main/VCA_Xim.pdf			https://github.com/odeliy/schema-cave/blob/main/VCA_Xim.pdf		Deferred	schematic PDF only - no footprints printed, no BOM or EDA source	"file name ""VCA_Xim.pdf"" (category prefix VCA_)"	GitHub owner (no brand name in repo)	"README ""Use these however you want. Commercially etc. 100% open source."""	-	schematic PDF only (KiCad export) - no EDA source, BOM or gerbers in the repo	19
p159	odeliy/schema-cave	2285bbb	2021-10	.	odeliy	12db V1	VCF	open source, no licence named	https://github.com/odeliy/schema-cave/blob/main/VCF_12db-V1.pdf			https://github.com/odeliy/schema-cave/blob/main/VCF_12db-V1.pdf	See alt. version: VCF_12db-V2.pdf	Deferred	schematic PDF only - no footprints printed, no BOM or EDA source	"file name ""VCF_12db-V1.pdf"" (category prefix VCF_)"	GitHub owner (no brand name in repo)	"README ""Use these however you want. Commercially etc. 100% open source."""	-	schematic PDF only (KiCad export) - no EDA source, BOM or gerbers in the repo	19
p160	odeliy/schema-cave	2285bbb	2021-10	.	odeliy	12db V2	VCF	open source, no licence named	https://github.com/odeliy/schema-cave/blob/main/VCF_12db-V2.pdf			https://github.com/odeliy/schema-cave/blob/main/VCF_12db-V2.pdf	See alt. version: VCF_12db-V1.pdf	Deferred	schematic PDF only - no footprints printed, no BOM or EDA source	"file name ""VCF_12db-V2.pdf"" (category prefix VCF_)"	GitHub owner (no brand name in repo)	"README ""Use these however you want. Commercially etc. 100% open source."""	-	schematic PDF only (KiCad export) - no EDA source, BOM or gerbers in the repo	19
p161	odeliy/schema-cave	2285bbb	2021-10	.	odeliy	Acidix	VCF	open source, no licence named	https://github.com/odeliy/schema-cave/blob/main/VCF_Acidix.pdf			https://github.com/odeliy/schema-cave/blob/main/VCF_Acidix.pdf		Deferred	schematic PDF only - no footprints printed, no BOM or EDA source	"file name ""VCF_Acidix.pdf"" (category prefix VCF_)"	GitHub owner (no brand name in repo)	"README ""Use these however you want. Commercially etc. 100% open source."""	-	schematic PDF only (KiCad export) - no EDA source, BOM or gerbers in the repo	19
p162	odeliy/schema-cave	2285bbb	2021-10	.	odeliy	Creep	VCF	open source, no licence named	https://github.com/odeliy/schema-cave/blob/main/VCF_Creep.pdf			https://github.com/odeliy/schema-cave/blob/main/VCF_Creep.pdf		Deferred	schematic PDF only - no footprints printed, no BOM or EDA source	"file name ""VCF_Creep.pdf"" (category prefix VCF_)"	GitHub owner (no brand name in repo)	"README ""Use these however you want. Commercially etc. 100% open source."""	-	schematic PDF only (KiCad export) - no EDA source, BOM or gerbers in the repo	19
p163	odeliy/schema-cave	2285bbb	2021-10	.	odeliy	Lola	VCF	open source, no licence named	https://github.com/odeliy/schema-cave/blob/main/VCF_Lola.pdf			https://github.com/odeliy/schema-cave/blob/main/VCF_Lola.pdf		Deferred	schematic PDF only - no footprints printed, no BOM or EDA source	"file name ""VCF_Lola.pdf"" (category prefix VCF_)"	GitHub owner (no brand name in repo)	"README ""Use these however you want. Commercially etc. 100% open source."""	-	schematic PDF only (KiCad export) - no EDA source, BOM or gerbers in the repo	19
p164	odeliy/schema-cave	2285bbb	2021-10	.	odeliy	Bermuda	VCO	open source, no licence named	https://github.com/odeliy/schema-cave/blob/main/VCO_Bermuda.pdf			https://github.com/odeliy/schema-cave/blob/main/VCO_Bermuda.pdf		Deferred	schematic PDF only - no footprints printed, no BOM or EDA source	"file name ""VCO_Bermuda.pdf"" (category prefix VCO_)"	GitHub owner (no brand name in repo)	"README ""Use these however you want. Commercially etc. 100% open source."""	-	schematic PDF only (KiCad export) - no EDA source, BOM or gerbers in the repo	19
p165	odeliy/schema-cave	2285bbb	2021-10	.	odeliy	Complex	VCO	open source, no licence named	https://github.com/odeliy/schema-cave/blob/main/VCO_Complex.pdf			https://github.com/odeliy/schema-cave/blob/main/VCO_Complex.pdf		Deferred	schematic PDF only - no footprints printed, no BOM or EDA source	"file name ""VCO_Complex.pdf"" (category prefix VCO_)"	GitHub owner (no brand name in repo)	"README ""Use these however you want. Commercially etc. 100% open source."""	-	schematic PDF only (KiCad export) - no EDA source, BOM or gerbers in the repo	19
p166	odeliy/schema-cave	2285bbb	2021-10	.	odeliy	Mino	VCO	open source, no licence named	https://github.com/odeliy/schema-cave/blob/main/VCO_Mino.pdf			https://github.com/odeliy/schema-cave/blob/main/VCO_Mino.pdf		Deferred	schematic PDF only - no footprints printed, no BOM or EDA source	"file name ""VCO_Mino.pdf"" (category prefix VCO_)"	GitHub owner (no brand name in repo)	"README ""Use these however you want. Commercially etc. 100% open source."""	-	schematic PDF only (KiCad export) - no EDA source, BOM or gerbers in the repo	19
p167	odeliy/schema-cave	2285bbb	2021-10	.	odeliy	Sawcore	VCO	open source, no licence named	https://github.com/odeliy/schema-cave/blob/main/VCO_Sawcore.pdf			https://github.com/odeliy/schema-cave/blob/main/VCO_Sawcore.pdf		Deferred	schematic PDF only - no footprints printed, no BOM or EDA source	"file name ""VCO_Sawcore.pdf"" (category prefix VCO_)"	GitHub owner (no brand name in repo)	"README ""Use these however you want. Commercially etc. 100% open source."""	-	schematic PDF only (KiCad export) - no EDA source, BOM or gerbers in the repo	19
p168	odeliy/schema-cave	2285bbb	2021-10	.	odeliy	Utility VCO	VCO	open source, no licence named	https://github.com/odeliy/schema-cave/blob/main/VCO_Utility-VCO.pdf			https://github.com/odeliy/schema-cave/blob/main/VCO_Utility-VCO.pdf		Deferred	schematic PDF only - no footprints printed, no BOM or EDA source	"file name ""VCO_Utility-VCO.pdf"" (category prefix VCO_)"	GitHub owner (no brand name in repo)	"README ""Use these however you want. Commercially etc. 100% open source."""	-	schematic PDF only (KiCad export) - no EDA source, BOM or gerbers in the repo	19
p169	odeliy/schema-cave	2285bbb	2021-10	.	odeliy	Wavepool	VCO	open source, no licence named	https://github.com/odeliy/schema-cave/blob/main/VCO_Wavepool.pdf			https://github.com/odeliy/schema-cave/blob/main/VCO_Wavepool.pdf		Deferred	schematic PDF only - no footprints printed, no BOM or EDA source	"file name ""VCO_Wavepool.pdf"" (category prefix VCO_)"	GitHub owner (no brand name in repo)	"README ""Use these however you want. Commercially etc. 100% open source."""	-	schematic PDF only (KiCad export) - no EDA source, BOM or gerbers in the repo	19
p170	odeliy/schema-cave	2285bbb	2021-10	.	odeliy	uBermuda	VCO	open source, no licence named	https://github.com/odeliy/schema-cave/blob/main/VCO_uBermuda.pdf			https://github.com/odeliy/schema-cave/blob/main/VCO_uBermuda.pdf		Deferred	schematic PDF only - no footprints printed, no BOM or EDA source	"file name ""VCO_uBermuda.pdf"" (category prefix VCO_)"	GitHub owner (no brand name in repo)	"README ""Use these however you want. Commercially etc. 100% open source."""	-	schematic PDF only (KiCad export) - no EDA source, BOM or gerbers in the repo	19
p171	16n-faderbank/16nx	ca7de22	2024-09	.	16n-faderbank	16nx	fader controller (16-ch, MIDI / CV / I2C)	CC BY-SA 4.0	x	kicad	SMD	https://github.com/16n-faderbank/16nx		Strong	kicad footprints (files=1: 16nx.kicad_pcb): smd=112 tht_passive=0 tht_to=0 tht_ic=0 (panel excluded) smd_ic=6	"repo description ""controller ... with sixteen faders, MIDI over USB and jack, CV out, and I2C out"""	GitHub owner (no brand name in repo)	"LICENSE.md ""[The full license resides here.](https://creativecommons.org/licenses/by-sa/4.0/legalcode)"""	y		19
p172	4ms/DLD	dfc4295	2023-10	.	4ms Company	Dual Looping Delay	looping delay (dual)	MIT	https://github.com/4ms/DLD/blob/master/hardware/DLD-v1-schematic.pdf			https://github.com/4ms/DLD		Deferred	no .kicad_pcb, EasyEDA JSON, Eagle .brd or machine-readable BOM in scope	"README ""two-channel, clock-syncable ... audio looping delay"""	"README ""a Eurorack-format module from 4ms Company"""	"LICENSE ""The MIT License (MIT)"""	-	hardware in repo is the schematic PDF only (firmware repo)	19
p173	4ms/SMR	79bc953	2020-08	.	4ms Company	Spectral Multiband Resonator	resonator (6-band)	MIT	https://github.com/4ms/SMR/blob/master/hardware/smr-1.0.1-schematic.pdf	eagle	both	https://github.com/4ms/SMR		Strong	eagle packages (files=1: smrf-v1.0.1b.brd): smd=343 tht_passive=8 tht_to=0 tht_ic=0 (panel excluded) smd_ic=31	"README ""6-channel highly resonant filter (resonator)"""	"README ""a Eurorack-format module from 4ms Company"""	"LICENSE ""The MIT License (MIT)"""	-		19
p174	508-loop-detected/bounce-sequencer	9e70af7	2021-04	.	508-loop-detected	Bounce Sequencer	sequencer (8-step)	CC BY-NC-SA 4.0	https://github.com/508-loop-detected/bounce-sequencer/blob/main/Schematic_bounce-sequencer-v2-mainboard.pdf	gerbers	both	https://github.com/508-loop-detected/bounce-sequencer	See alt. version: Minibounce Sequencer	Stated	BOM (files=3: fixed-BOM_bounce-sequencer-io-v3-pushbuttons.csv, fixed-BOM_bounce-sequencer-io-v4-toggles.csv, fixed-BOM_bounce-sequencer-v2-mainboard.csv): smd=120 tht_passive=6 tht_to=3 tht_ic=0 (panel excluded) smd_ic=16	"README ""An 8-step sequencer with a pushbutton interface"""	GitHub owner (no brand name in repo)	"LICENSE.md ""# Creative Commons Attribution-NonCommercial-ShareAlike 4.0 International"""	y		19
p175	508-loop-detected/burst	2ce744c	2023-08	.	508-loop-detected	burst	burst generator (triggers)	CC BY-NC-SA 4.0	https://github.com/508-loop-detected/burst/blob/main/Schematic_burst-back-v1.0_2023-08-13.pdf	gerbers	SMD	https://github.com/508-loop-detected/burst	based on Ken Stone's Catgirl Burst	Stated	BOM [superseded, not counted: BOM_PCB_burst-back-v1.0_2022-12-26.csv, BOM_PCB_burst-front-v1.0_2022-12-26.csv] [no package named for 4 part(s)] (files=2: fixed-BOM_PCB_burst-back-v1.0_2022-12-26.csv, fixed-BOM_PCB_burst-front-v1.0_2022-12-26.csv): smd=98 tht_passive=0 tht_to=0 tht_ic=0 (panel excluded) smd_ic=10	"repo description ""4HP burst generator"""	GitHub owner (no brand name in repo)	"LICENSE.md ""# Creative Commons Attribution-NonCommercial-ShareAlike 4.0 International"""	y		19
p176	508-loop-detected/minibounce	eca887d	2023-08	.	508-loop-detected	Minibounce Sequencer	sequencer (8-step)	CC BY-NC-SA 4.0	https://github.com/508-loop-detected/minibounce/blob/main/Schematic_bounce-mini-back-v-5.0_2023-08-19.pdf	gerbers	SMD	https://github.com/508-loop-detected/minibounce	See alt. version: Bounce Sequencer	Stated	BOM [superseded, not counted: BOM_bounce-mini-back-1_2021-10-07.csv, BOM_bounce-mini-daughtercard_2021-10-07.csv, BOM_bounce-mini-io_2021-10-07.csv] (files=3: fixed-BOM_bounce-mini-back-1_2021-10-07.csv, fixed-BOM_bounce-mini-daughtercard_2021-10-07.csv, fixed-BOM_bounce-mini-io_2021-10-07.csv): smd=88 tht_passive=0 tht_to=1 tht_ic=0 (panel excluded) smd_ic=14	"README ""narrower 10HP edition of the 8-step sequencer"""	GitHub owner (no brand name in repo)	"LICENSE.md ""# Creative Commons Attribution-NonCommercial-ShareAlike 4.0 International"""	y		19
p177	508-loop-detected/nverb	9b0d22a	2021-05	.	508-loop-detected	nverb	reverb / delay (NemFX)	CC BY-NC-SA 4.0	https://github.com/508-loop-detected/nverb/blob/main/Schematic_nemesis-reverb-eurorack-main_2021-05-06.pdf	gerbers	both	https://github.com/508-loop-detected/nverb		Stated	BOM (files=1: BOM_nverb-eurorack_2021-05-06.csv): smd=209 tht_passive=12 tht_to=0 tht_ic=0 (panel excluded) smd_ic=13	"README ""Reverb/Delay module based on the Nemesis NemFX reverb-on-a-chip"""	GitHub owner (no brand name in repo)	"LICENSE.md ""# Creative Commons Attribution-NonCommercial-ShareAlike 4.0 International"""	y		19
p178	508-loop-detected/quant	333171e	2024-02	.	508-loop-detected	quant	quantizer	CC BY-NC-SA 4.0	https://github.com/508-loop-detected/quant/blob/main/Schematic_circuitpython-quantizer-main-w-rp2040-v1-as-ordered_2024-01-01.pdf	gerbers	SMD	https://github.com/508-loop-detected/quant		Stated	BOM [superseded, not counted: BOM_PCB_circuitpython-quantizer-main-new-w-rp2040-v2_2024-01-04.csv, BOM_circuitpython-quantizer-io-v2.1_2024-02-04.csv, BOM_circuitpython-quantizer-io-v2_2024-01-11.csv] (files=2: fixed-BOM_PCB_circuitpython-quantizer-main-new-w-rp2040-v2_2024-01-04.csv, fixed-BOM_circuitpython-quantizer-io-v2.1_2024-02-04.csv): smd=71 tht_passive=0 tht_to=0 tht_ic=0 (panel excluded) smd_ic=3	"README ""It's a quantizer"""	GitHub owner (no brand name in repo)	"LICENSE.md ""# Creative Commons Attribution-NonCommercial-ShareAlike 4.0 International"""	y		19
p179	Allen-Synthesis/Kompari	18c8aec	2023-09	.	Allen-Synthesis	Kompari	comparator		x	kicad + gerbers	THT	https://github.com/Allen-Synthesis/Kompari		Strong	kicad footprints (files=1: kompari.kicad_pcb): smd=0 tht_passive=0 tht_to=0 tht_ic=1 (panel excluded) smd_ic=0	"repo description ""A comparator module for Eurorack"""	GitHub owner (no brand name in repo)	no LICENSE file, no README statement	y		19
p180	AudioMorphology/Europi	fe7eff0	2021-11	.	AudioMorphology	Europi	sequencer (Raspberry Pi)		https://github.com/AudioMorphology/Europi/blob/master/kicad/europi_main_v2/europi_main_v2_schematic.pdf	kicad + gerbers	SMD	https://github.com/AudioMorphology/Europi/tree/master/kicad/europi_main_v2	See expanders: Minion, MIDI Minion	Strong	kicad footprints (files=2: europi_main_frontpanel.kicad_pcb, europi_main_v2.kicad_pcb): smd=64 tht_passive=5 tht_to=1 tht_ic=0 (panel excluded) smd_ic=3	"README ""16hp Eurorack format sequencer powered by the Raspberry Pi"""	GitHub owner (no brand name in repo)	no LICENSE file, no README statement	y	v1 main board (kicad/europi_main) not counted - superseded by v2	19
p181	AudioMorphology/Europi	fe7eff0	2021-11	.	AudioMorphology	Minion	expander (Europi)		x	kicad + gerbers	SMD	https://github.com/AudioMorphology/Europi/tree/master/kicad/minion	expander for Europi	Strong	kicad footprints (files=2: minion.kicad_pcb, minion_frontpanel.kicad_pcb): smd=5 tht_passive=5 tht_to=0 tht_ic=0 (panel excluded) smd_ic=3	dir name kicad/minion; README Europi expander	GitHub owner (no brand name in repo)	no LICENSE file, no README statement	y		19
p182	AudioMorphology/Europi	fe7eff0	2021-11	.	AudioMorphology	MIDI Minion	MIDI expander (Europi)		x	kicad + gerbers	both	https://github.com/AudioMorphology/Europi/tree/master/kicad/midi_minion	expander for Europi	Strong	kicad footprints (files=2: midi_minion.kicad_pcb, midi_minion_frontpanel.kicad_pcb): smd=3 tht_passive=5 tht_to=0 tht_ic=1 (panel excluded) smd_ic=2	dir name kicad/midi_minion	GitHub owner (no brand name in repo)	no LICENSE file, no README statement	y		19
p183	AudioMorphology/waft	f3a1b23	2021-11	.	AudioMorphology	waft	gesture controller (LIDAR)	open source, no licence named (hardware, OSHWA UK000005) / Creative Commons or MIT (software)	x	kicad + gerbers	SMD	https://github.com/AudioMorphology/waft		Strong	kicad footprints (files=2: waft.kicad_pcb, waft_frontpanel.kicad_pcb): smd=34 tht_passive=4 tht_to=0 tht_ic=0 (panel excluded) smd_ic=2	"README ""LIDAR-based gesture controller in Eurorack format"""	GitHub owner (no brand name in repo)	"README ""hardware design ... released under the Open Source Hardware Association (UID UK000005), and the Software ... Creative Commons / MIT"""	y		19
p184	BastianSPCTRL/COEUR	fdec60c	2025-10	.	Music Thing Modular + BastianSPCTRL	COEUR	MIDI-to-CV / utility (Startup, 1U)	CC BY-SA				https://github.com/BastianSPCTRL/COEUR	1U; based on Music Thing Modular Startup	Deferred	no .kicad_pcb, EasyEDA JSON, Eagle .brd or machine-readable BOM in scope	"repo description ""1u version of ... Startup Module"""	"repo description ""1u version of Tom Whitwell's / Music Thing Modular's Startup Module"""	"repo description ""Same license as original CCBYSA"""	-	repo holds only COEUR_MAIN.pdf and a firmware zip - check whether the PDF is schematic/layout	19
p185	DIYSynthMNL/Eurorack-PT2399-Delay	d2aea5d	2026-05	.	DIYSynthMNL	Eurorack PT2399 Delay	PT2399 delay		https://github.com/DIYSynthMNL/Eurorack-PT2399-Delay/blob/main/schematic%20pdfs/Eurorack-PT2399-Delay-Rev0.1.1.pdf			https://github.com/DIYSynthMNL/Eurorack-PT2399-Delay		Deferred	1 .kicad_pcb fetched but held no footprints (LFS stub or empty board?): Eurorack-PT2399-Delay.kicad_pcb (51 bytes)	"README ""A Eurorack delay module based on the PT2399"""	GitHub owner (no brand name in repo)	"README ""License - none yet"""	-	kicad_pcb is an empty board - schematic only so far	19
p186	DatanoiseTV/USB-C-Eurorack-PSU	ec739e5	2020-12	.	DatanoiseTV	USB-C Eurorack PSU	power supply (USB-C PD)		x	easyEDA + gerbers	SMD	https://github.com/DatanoiseTV/USB-C-Eurorack-PSU		Strong	easyeda pcb json [unclassified: DFN-8_L3.0-W3.0-P0.65-BLx1 DO-214AC_L4.3-W2.7-LS5.3-RDx3 WPAD-1-PTH-POGOx1] (files=1: 1-PCB_padfix.json): smd=38 tht_passive=0 tht_to=0 tht_ic=0 (panel excluded) smd_ic=0	"README ""STUSB4500 + TPS5430 based USB-C Eurorack PSU"""	GitHub owner (no brand name in repo)	no LICENSE file, no README statement	y		19
p187	DenBelmans/Eurorack-Dual-VCA	64512fe	2021-03	.	Electric Druid + DenBelmans	Eurorack Dual VCA	VCA (dual)		x	kicad + gerbers	THT	https://github.com/DenBelmans/Eurorack-Dual-VCA		Strong	kicad footprints (files=3: VCAbottom.kicad_pcb, VCApanel.kicad_pcb, VCAtop.kicad_pcb): smd=0 tht_passive=46 tht_to=2 tht_ic=3 (panel excluded) smd_ic=0	"README ""An 8hp dual VCA module"""	"README ""Based on Electricdruids 'Vintage VCA'"""	no LICENSE file, no README statement	y		19
